diff_C7_pitch,diff_C7_roll,diff_T3_pitch,diff_T3_roll,diff_T7_pitch,diff_T7_roll,label
-0.3772333484099867,0.44262832460158413,-0.3902512861821664,-1.7567088148382364,-0.0223259839016845,-0.5266928789944472,normal
-0.24807917876501331,1.3373858666504255,0.0913918371485451,0.28433435749511454,-1.0245746501662465,-0.8408351874364345,normal
0.5260098815451111,1.860297947035288,0.9181053667430994,0.5130759427973943,0.24286253670675606,2.456983773399597,normal
2.0480886577092217,-0.11273105965428867,2.372670217721807,-1.474166723230876,2.201409320827202,-1.875464900707843,normal
-4.732648037076796,-0.03432384924284759,-3.468587280309684,-2.129410833594949,-3.3221108613215997,-1.9125389165416036,normal
-0.08095180670383138,0.3777866446089687,0.33824333996138645,-0.09096456506558953,0.3474707855724706,0.03764237071532017,normal
-1.629945549748011,-0.5767302402480845,-1.4540633872371074,1.259697581755682,-1.9094049641883948,-2.174931240627024,normal
1.941501183610801,2.9685923179828717,2.6780230128931226,2.0387474959988947,0.39857988442821113,1.6006984236964859,normal
1.9326165712629622,-1.9122802497753706,1.6533177827822165,-1.4418856227493357,2.370415307854406,0.15589090778329862,normal
0.7904974616790463,-1.7456862892065996,2.0017543833989273,-1.480938022778294,1.1837269165857929,-0.16480256867491805,normal
-2.9199549937859466,-1.522965564465291,-1.9011151110562934,-0.02472595690990631,-0.49213136334817564,-0.4589537585902895,normal
1.3905214491624889,1.1453092515590548,0.7416832107256396,-0.7589902506244637,1.2454368098752815,0.6330011807766004,normal
4.016363839015517,-0.4037362293436428,3.728331430838875,0.07025908358541263,2.040867892032038,-1.1733077618142156,normal
0.35103849421410954,2.823865403516779,-2.2027591615506315,2.845945743820815,0.14262082565820028,1.5850552548454493,normal
0.12513227815819317,-1.058566377142696,-1.5970127601498203,1.3583190726302123,-1.6116893719029928,-0.36771715358131174,normal
0.3715090386973637,-3.0715516619271783,0.903711342863869,-1.858753242195554,2.022297868055554,-1.5810935514225086,normal
2.633667506048005,-1.631750303561943,4.1279557155623365,-3.6358118955970102,3.523874724712555,-1.3635419437601297,normal
3.108749339559419,0.5469286266999211,2.068548617202084,1.264001042021051,2.9137349762800113,3.088845615197722,normal
-2.4772507917102784,0.08512518948149062,-1.0131313518968155,1.3045477803271743,-0.06356830650721412,0.43643959147839984,normal
-1.8209000793907377,1.1784339420755796,-2.794719917461559,1.8201599968241977,-2.1641730293981603,1.3866002209532955,normal
2.777359302574312,3.066703715949301,2.7431089129666155,0.6179442480766955,2.6377201102553194,2.396677149285912,normal
1.1940101260393312,0.2662078724819885,-1.143830841629316,1.078489634925259,0.42121280939277567,0.17105630414800366,normal
0.9461788248053005,1.4295695094980578,1.5852887949627732,-0.5716742047304262,2.1045329485376083,0.8661364387974639,normal
-1.1000911806258318,0.20688119640082425,-1.1702840459519932,1.7994833165375663,-2.0606991069282965,1.165308407746715,normal
-1.4843308756599356,3.6952839314064625,-0.2394845148623583,2.899802451170167,1.5267826820692298,2.9914268487392057,normal
4.280409633078488,-1.1540694497952115,3.447449589905693,-0.6007388216687882,3.773942779720718,-0.4607303641338925,normal
-4.133597527025023,4.742905506233993,-4.805689700885183,3.2925357047242687,-1.4680463188184913,2.130270816893711,normal
-2.612608804358447,-0.1264242629436646,-1.95830619579939,-1.076776701398276,-4.272400153816773,-1.2547941074800466,normal
0.9148943613035119,0.6634424680687807,3.598979862661219,2.825042116707372,2.9297947006313367,1.0077962925564392,normal
-2.4428786499665254,-0.7616665701377288,-2.016263983075646,-1.7430728660853938,-3.40196511871027,-2.042646152051171,normal
-4.163773673356051,0.6318357485364962,-1.9540461228385535,2.48712649881093,-2.256909048478745,1.9663977136600996,normal
-1.3375225743121573,0.41072980210369625,-0.0026312284439877764,-0.6292080533355207,1.866206947287233,-1.1489473523242855,normal
1.0631907499582747,2.777558676609284,2.4459831444872937,-0.9380923057827876,0.9208222442294304,0.8897238672060541,normal
-0.2380828395333472,-3.9290375734818515,1.5094772594111199,-2.125873783759747,1.8425419309757067,-2.7923453825991276,normal
-2.1851254648141754,-2.6299460415122233,-1.654080415527556,-2.209204312020767,-2.601047816561679,-1.6507390372465147,normal
-0.6891965776959533,-1.5760662241825023,-2.005323198653372,-0.8349285264913419,-0.07282534964336612,-1.3535203903592068,normal
-0.05418647013467681,0.5959608890378957,-1.8337898259405947,-0.03374146589001625,-1.4834880906889594,-0.7070598345085279,normal
1.225221573816793,1.035247160618546,0.5767020121237446,-0.6211751445940689,0.2854158581928352,-1.0476090780447458,normal
0.010793860531950639,2.627485695789778,1.0778203235822703,-1.2746224122662206,1.0662093026583865,0.22069407173828004,normal
0.3151785654818376,-1.3405041566633407,-0.9239033632582637,1.4712713449458663,1.0437158310160362,2.6018000730337754,normal
4.221922174055371,-4.916290201115103,4.897217060139806,-2.7466505971779513,2.693401446924579,-0.9900990529088598,normal
1.5227162345502396,-3.567863241092589,1.376978124557935,-3.301917947982572,2.386736849596667,-4.260009721610783,normal
-0.02675790265338429,2.9319311869581846,0.7964116492828945,2.031580322021378,1.153125234735035,2.818332792709862,normal
-1.2542430122944048,2.4759172123257445,-2.3968748235210176,1.8586615351377498,-0.9027822315178049,2.4965459228077274,normal
1.4120039835833977,-0.39266418146528603,1.529959505711167,-0.45989596116093157,1.582546245424329,0.39569905801023525,normal
-0.9853155937574058,-2.030402680780651,-1.0208097159502092,-0.42386943938582944,-0.27050145133068354,0.28043511693264955,normal
2.761586238125302,-0.3451198249319274,3.939721266466845,-1.4521086385444468,3.7996053781575587,0.3232800157502384,normal
-1.5258611000449989,0.634044845990128,-1.0465725566329038,-1.9825689990528486,-1.2171744049508522,-0.19829517632391447,normal
-0.7870681289653545,1.4718887961987184,-0.2496203511277948,0.17228898436133533,-0.46318979833951734,-0.07008263581362617,normal
-0.1351794315095094,1.796228310188955,-1.7462108148223532,2.355790586683872,-1.2973779135850354,0.8702459313806348,normal
-2.9930941932024044,0.7305042130626545,-1.1571408130892413,-0.2147853425863407,-0.46672667409691093,0.9811814835434229,normal
-0.6564471105607604,-2.5210984920724595,-1.4786662347335922,-1.636071460131061,-1.1566663032071336,-0.7938984102656206,normal
0.25602625763416703,1.3872798631119039,-0.895108096117504,2.4241219111868526,0.49609306660991176,3.153081659225875,normal
-1.5418638249787668,-0.04798379912103659,-1.4865974978419254,-1.6749124301529337,-0.8349212396830948,0.6928329314604968,normal
2.0057730468090176,2.9638568235686886,2.2687736538163037,4.942185450708457,0.8759710235296863,3.485767970207398,normal
-4.558328968087227,-4.381768555708373,-2.086442383360316,-3.868360412965769,-3.1236288623220116,-4.163512760179894,normal
2.276022697253622,-2.6460477010185026,0.6100390060665902,-1.5302012413487893,1.2416699331117809,-0.22825219799833585,normal
-0.20745364309071115,-2.3845353759091457,0.8208483530913342,-1.4279584237291019,0.1453017577766316,-0.9421442125379262,normal
-0.9123845108899086,1.3238306602966285,-1.1358193786154118,-0.5551495312828851,-1.8936624645263715,0.4817015608483101,normal
-2.6965786608058506,1.558714485616861,-2.240840962884964,-0.2618148367735669,-0.3284258406119692,-0.8189432091725364,normal
-0.9577555214127436,1.454317123170708,1.0401125711130652,-1.8602333819742167,-1.318102308665273,0.9196163241137418,normal
-2.502406600067563,0.10889405196282809,-2.784650346263677,-0.48773511054849433,-3.2274346046150133,0.7094055680833604,normal
-1.3999381830701545,0.6159228220984388,-1.1251581973235394,0.3471351597989011,-1.8016524003719643,1.3060121256020414,normal
3.413953052474695,1.2027900273877286,3.570473458269066,0.6680788980282659,2.9978906574624427,1.2287294186899393,normal
0.15674333477031102,-3.3492929821868724,0.1329444602014896,-1.0475052543499308,1.1264492722567279,-1.309600313250338,normal
1.0374985655256515,-1.412185989006407,1.080492139853276,-1.3669539899339165,2.363245890778506,-0.20842095698541033,normal
1.9758694158083396,1.1703399356360622,0.6243593738089109,-0.16416881619787496,0.7143669106109383,-1.5111649309937154,normal
1.3452915777823855,1.2899999638414088,2.223158313913388,-0.5617701067250804,1.492414447550043,1.926476156390703,normal
-0.3651257738073507,1.8262045484411056,-1.2110709010924132,1.6993378325903559,-1.5514100359743868,0.7791618692751971,normal
3.3984299723043345,0.44766430565997717,4.424573039099438,3.522165490993319,2.9103426425938,0.6377795732960777,normal
-2.4632714793103947,0.5936120623760103,-0.8619443992589261,-0.8790007970504012,-0.128277210611758,2.1945313556289787,normal
-2.700909182122491,-3.1516051416709274,-2.685148360803337,-4.701647906778982,-2.6571333434365028,-0.3176054697917441,normal
-3.424876762227961,0.2286342699978866,-2.4134447528729814,1.531129804415149,-2.0677178467237374,-0.7817832234827531,normal
0.02909844925616567,-0.45739416899353535,0.9606499529447642,-0.5930268884432804,1.4009108575596192,-1.2696616103765976,normal
-0.04308687879522588,4.343970366948932,0.6489101441932154,1.839918213865468,2.7849292019063396,2.761566492840066,normal
1.3963301491505882,1.3472109600293183,2.3205502014458377,-0.11540123361910415,1.3234369161265491,1.328681605100685,normal
0.9358431774692177,-0.21251470175387221,0.3910170763044827,0.030841683394843722,0.3540618591015555,0.38272762655442577,normal
-0.23141427548148624,-2.1043022859043417,-0.049352092139115906,-0.8368945394612112,0.09672601922153307,-0.8718313729249147,normal
-3.0826376538311107,0.07311771172357617,-4.58243184540783,-0.4088664940497506,-2.338892636390438,-0.7466554436799382,normal
0.008178324212493288,1.3503226732975657,-0.13158513168554384,0.8281813933917392,-0.8154717726662966,0.5052474616769178,normal
2.3713926509522656,-0.7977580054084663,3.1359927804898753,-1.1609337111517375,3.2346458305789425,-1.2432280277494208,normal
-2.011418674605129,0.6064664961550716,-1.2655325535750572,-0.10358677205914868,-1.7611673759714181,-0.600908072208027,normal
2.947553071680346,1.1365664909398074,1.8898585040865044,0.6213164379626325,2.9197616288577684,0.9295038800938776,normal
0.3923645088441809,-2.7316566503434636,-0.6191799180586355,-2.194414649722109,-1.2377140771469113,-1.3411592697964658,normal
0.9090000557409667,-1.025522969283972,1.5831273526079,-2.503887880039623,1.8484072218419758,0.5842778751100054,normal
-0.4782158901767978,-0.39095948707450234,0.2515317044609924,-0.7232068749012489,-1.1755958182588029,-1.2028686000867475,normal
0.1076728398900138,1.2817739030940654,-0.3321938123859898,0.23796595627224182,0.6277266818650036,0.9729762732131977,normal
-3.3614097588915772,-2.3956074442942374,-3.5161023485253526,-4.713664257968086,-2.324408548049263,-3.3051932101680688,normal
0.8575808826140676,-0.18692111902007125,0.7653400580589073,1.6110991875117358,0.3979888613915985,-0.32662154035113766,normal
1.8778401118191472,-0.6069092230455504,3.0296020077583714,-0.35925171282012686,1.938643332665329,0.05926188048899361,normal
4.538297136542389,0.9593989073012037,7.001646994452265,0.8830222684863467,3.702557677184704,1.381790192929697,normal
2.112083752763252,0.8979472904749302,3.6913082573252716,0.31187708965499145,2.277631891594493,-0.09467330474781033,normal
-1.289625998006196,0.7693176976545121,-1.6336560366910797,-1.6972895750990786,-1.465212793344195,1.3829879397915121,normal
-0.7531252267934853,1.8355739357556742,-1.8137415717279002,3.2433724713938132,-2.0884277521291974,5.3745786530316,normal
-0.8136776495783271,0.9122147769213509,-2.778470462091648,0.7483488416514072,-1.6920084438125156,1.8971672767875463,normal
0.14729299728026346,-2.7736918105237782,-1.6331547979478278,-2.797893827135063,-1.03252666783784,-1.5134792317027694,normal
3.429762512523123,2.320736114917324,4.439355107541226,3.8494160972134583,3.5533386388344077,2.6454945468690187,normal
3.611742846167083,-0.04126329445587289,4.4637618897038855,-1.1828191355494106,3.8012777554638224,-1.3275378970493166,normal
0.03685063593316262,2.7228435424514945,-1.3030167274702456,2.503978833690991,0.2840595551950157,2.2536999828694846,normal
2.668804280412093,-0.31769019960852574,1.294570299797314,-0.8720413755429266,1.4197396553279131,-2.1505343799587364,normal
-2.868703993721667,-0.6813695767836652,-0.7978825117291861,1.2733352763436188,-1.0596429603894522,1.0155732595144558,normal
-3.0497592525732253,-0.3578881498939458,-1.9072104534269314,0.8310206118993703,-2.8974811697940908,-0.9199012741600087,normal
0.05389841720327597,-2.0045576296643994,0.3928947137408887,-1.357570460937419,-0.6700783995125347,-2.0305051045383316,normal
3.241596847226802,0.061388029902340185,0.9593145202860696,-1.2946100828406726,2.92834884047529,-0.9765963661368482,normal
-2.3222618279549714,-1.280936091501731,-2.4416043022407345,-0.747561365744739,-4.2526798077171115,0.23359483454463215,normal
-2.5428493209144105,0.3770607574165079,-0.6726507775175053,0.3716040213415288,-2.131689348210182,2.553995855623745,normal
-0.5088640124203241,-2.677530864535096,0.3677918511445386,-1.894560049353521,1.7692792383796132,-4.129101989343328,normal
0.8804508940760258,-0.7781437587971913,0.5598807546512695,-2.3773136931360628,-0.6394707668964328,-3.6296616242141773,normal
3.2103123234020483,1.6958442849834872,4.019732713125206,1.7375931361819599,2.1201703281485145,0.04849299844774746,normal
1.156671852894572,-0.47550383243942995,0.49265127075731235,2.738485509791648,0.944421544223722,1.403694601922568,normal
1.40481728882426,1.258082506793538,0.9408081833279422,0.27630114119776694,0.43370447277073376,2.0556571947261673,normal
-2.0442040353428577,0.8419470402835209,-1.504960639400494,3.5791760407999145,-1.256684396058148,2.582971079877808,normal
-2.4048405386098706,-0.45486018972492104,-0.795082907586439,0.0778488777031077,-0.30255836890497734,-0.08617025759648239,normal
-0.9147650594354312,0.3952577157601329,0.6451496816859463,2.3292101975431954,-2.1280278130074626,1.9595516429694988,normal
-1.3907671289413348,2.036491434455367,-1.5358946571454586,1.5632034035189761,-1.3679707349170134,1.1813350156927838,normal
-3.2602177378376207,-3.9695528862390748,-2.4793219099527297,-3.0935664005593795,-3.043571080657615,-1.9316069799520976,normal
-0.46733038638728364,0.9449156328326598,0.09569952316280361,-0.17258560176851445,-2.1649837182403067,-1.3016984181677107,normal
-3.7013518829256613,-1.313604257871202,-3.5851129358061113,-1.6620564658291377,-3.5393574819619595,-2.192915821407553,normal
-0.09463987204263963,0.5024474341447476,1.028394913087854,0.21529096005355797,-0.8841730965920458,-2.1297966686255396,normal
2.597055252326532,0.7674070102924341,4.5262725476806125,-0.44517181219699353,2.3899303939970977,-0.1345213858345911,normal
-0.4080860831711537,-3.888749779432597,-0.789053370992322,-1.2968025964762235,0.3980246656121722,-1.4309838612164583,normal
-3.9482664629555244,-0.8986178377463065,-3.2153471389250257,-3.2138572434351502,-4.2639597497600485,-0.2843205352535598,normal
2.7757642491933363,3.8891409915753625,4.457309465011958,3.9896052583617543,3.666887800710543,3.6193326627779627,normal
-0.7934902802912218,-2.517941464904475,-1.6022754877779588,-2.749594708436052,-1.8940940966829807,-1.9381252618357898,normal
-1.846874848200014,0.02539459708642866,-2.6386225945068,0.8893698713935152,-0.5456091771886364,-0.4984929419312623,normal
0.3463243268154086,0.572701988972715,1.9602534575877213,2.115667639700287,2.6197160060859375,1.8082941783886421,normal
0.6753177745417064,-2.571264034976808,1.1363412562169513,-1.4674782789253866,1.4095219973422408,-2.0756826983553003,normal
3.050264243220601,2.0869741193098243,1.961458187061573,2.048090196765456,2.300850627688678,0.7238513240072632,normal
4.160333227751248,2.613002937293699,2.8381870380618524,2.9941361187687807,2.5767342328628957,3.1970659944610773,normal
1.1648260335748164,-0.12595966572032896,-0.18875154075260353,0.5913441714102404,-0.12209333165503568,0.0009471515870489444,normal
-0.15190572557984036,-2.9675095001478917,0.04099262759466729,-3.0120629514323563,0.6062389522819314,-1.0813899726341094,normal
0.893897528135229,-2.1151991537922643,-0.31659941285143167,-0.29893407964806196,0.8370640513412877,-0.22959658873696046,normal
-2.372180614743667,-0.868427991465487,-1.7456186647014542,-0.009809154439383933,-1.052033736211404,0.8657011188859728,normal
0.7932002859108129,-0.4531272068692578,0.29241618954005966,3.361512432822693,0.6057868363707782,0.27266810080361736,normal
-1.1880187359505832,-2.289991281412772,-1.5193333208679967,-1.8123159623693645,-0.822202003668304,-1.105845837493908,normal
-1.840588580873799,1.2559130051444076,-1.68330434683435,0.5489755966966013,-2.4345978922613387,0.9806918893745324,normal
-0.5463626512136439,0.43969396918948517,-0.6364154924026069,0.22784068898263338,0.2665210148344552,1.5474259796197751,normal
0.08554399713286032,-2.4340721919617128,0.7689864867540568,-1.322194953590677,0.24775824268125068,-0.593136551236445,normal
-0.373064038365684,-5.585185284481774,-0.594193313432885,-3.5491278494530034,-0.48113845557418866,-3.3252535422573413,normal
0.41379389987309123,0.3243007172304717,-1.7016761551962467,0.3632983681114388,-2.0852976152688263,-1.7052137001190446,normal
3.510214022150323,-4.253494116559733,2.935185391961632,-3.180203210702892,4.408148861167794,-3.8106034414835803,normal
-0.33945235966400045,0.11846239661236935,-0.18539019037502702,1.0340412092353797,0.5692139806338244,-0.002522622225667792,normal
-1.031994976846001,0.29913380330493944,-0.9118635096354195,-0.21142545395051243,-1.5380133482822613,0.9251442128958423,normal
-2.0163562550260172,0.47153468524273845,-1.9637785890110806,1.9153543758970026,-1.5804710785561178,2.906925348656366,normal
-1.2176234664393748,-2.0427324903606543,-1.3299914847942036,-0.7771416239483963,-0.7206255810742332,-1.553001068792658,normal
-1.8777908317423122,-0.5183273385058562,-1.5978515076497415,0.2573358061722655,-2.332544656042174,1.349005760528634,normal
1.796857154836611,0.5886486265123595,1.6672868818985034,0.9526327714084426,3.016831647468962,0.1418335692919154,normal
0.6100726025149747,0.18187298475015856,1.6053075002308737,-0.25858685480421917,2.3115761999715785,2.180610930324153,normal
1.7764686975110027,-0.8695820559109669,-0.5527724292382497,-0.5214920238494032,0.16594435176447475,-0.9298253395327887,normal
-0.34336357124834255,1.8069700734576872,-0.8059370047604888,-1.072805437641187,0.6086181725086743,-0.0035654632305192613,normal
0.008781887427536939,-1.5739994051633235,0.28857746421274155,-0.4034599230720681,0.45148702666248997,-0.16702555391545926,normal
1.8967259146700473,2.3452473224079444,1.7920330668177715,1.044202228926473,0.9666433782176495,-0.26923263740873726,normal
0.9047374952656286,-0.4831647916544447,-0.49817383989106745,-2.0244882362286054,0.3040240551845545,-1.5282495258669977,normal
0.3717830339952341,-3.421621191732587,-1.3900479193251067,-1.0164720103230205,-0.7102104230218373,-2.2930533575189203,normal
-3.1538111214578635,-2.5234345583857194,-2.048656167750707,-1.6637941741893147,-3.043620703565866,-1.3556226544426209,normal
1.9080555257536753,1.635550349433525,3.647925736899005,1.277481291526672,3.649649708334723,1.5435458894786813,normal
0.8068776894796985,-1.6847632120415634,0.3621510111342101,-2.2282335403670306,2.391587081618094,-2.300435145396336,normal
0.671469223562666,-1.0034359154224874,1.2331919868197934,-1.7365938176619622,2.4301611025872583,-0.730072842351863,normal
-2.2459091045129402,1.9592580920355918,-1.7415433388203982,3.049888171628969,-2.6571271171416453,2.4287088087975413,normal
0.8797211212978822,2.2206821426279215,0.4787945703971451,2.36432865602515,1.329821893567529,-0.18281298995592987,normal
0.5313156011209239,-0.4672967153644848,0.6236863112245883,-1.1732001225272617,2.1684162479503186,-0.8593219144010015,normal
-0.8545415315289397,2.4375939434101186,-0.10919944705335838,1.4052058364141886,-2.1597621472444546,2.5616165413286485,normal
0.5800926418029222,0.7488164195618434,2.053234491003834,-1.8638080537008612,2.2165196336924,-1.931311537099455,normal
-1.4755253404719748,-2.5182751810116786,-1.4559095329127079,-0.9607002139888366,-0.7295881089951487,-1.0562325739911893,normal
2.248599993689233,-0.020900759036321936,3.550075105164959,0.34002449650807653,3.2899251714222166,0.4599109675847671,normal
2.8192181903255524,-2.4640804021596265,2.157902334463072,-3.204260387193694,1.7743115723222698,-2.2608245100513913,normal
1.854434583684523,-2.807365186047043,0.9193093140998572,-1.854056132121528,1.4169772616408702,-2.905715088073984,normal
-1.546360692231476,-0.6696921039724684,-2.211128176635076,0.2394417933424572,-1.2142118247261375,-0.6277662331089671,normal
3.1584088648182584,-2.177006949055935,0.34411275362876736,-1.0420007120656591,0.254308412128914,-0.40837285631509246,normal
3.7410495264851114,-1.0991893724478796,3.6028095807283407,0.8503047123386643,4.318229651678916,-1.4856546396682697,normal
3.480903385418686,1.0838745771804374,3.1443747622198623,0.947626052628489,3.4658933461689703,1.4266208951759718,normal
-3.846837569853612,2.467787653550147,-4.108943786516999,1.5777712033305582,-3.1077390844106385,1.777101655844791,normal
0.44080330777888344,3.169185749778414,1.963226421374629,2.194992298471503,-0.25679438075253946,1.5679341994174958,normal
1.6605150359346128,-0.4151139629263134,1.8720122462761863,2.1357119985138047,0.9894758589645287,0.97101258307643,normal
1.8647672885590572,-0.5353708077505237,1.2114936479432798,-0.6617581095242284,1.8562131181694053,1.080931712491212,normal
-1.442843068120862,1.3031241085026426,-0.571446837553583,0.5742498575312274,0.6946657935667799,-0.311301764159354,normal
2.4170191607768445,0.742158532631039,1.3968465703891155,0.780219141829039,2.443674603326742,1.2223899268728864,normal
-0.13790354046523756,-0.6043439626971715,-1.3727890022396223,-0.7389338999441213,0.5804899532927312,-0.6380798960396955,normal
-3.2236748577550447,-1.0463617428000007,-1.7442401584740024,1.2548307386897792,-1.5646005522343864,0.18112261663389362,normal
-0.1253493917256156,-3.7134187323445444,-0.4203934336137368,-1.8365205666317932,-1.7062997998094642,-2.620602803275699,normal
0.3731242622288493,2.6633702838175073,0.5875329930577877,0.9781938234775835,2.85315155768163,2.991634061235692,normal
-1.0948315256466437,0.5098341596366943,0.18943440030184844,0.934320644383241,-4.002773891000778,0.038341740677761416,normal
-1.4623797187453338,-0.9573630926779656,-2.3410865205814395,1.0571853242331035,-0.9952788406257811,-0.9769595169722719,normal
2.373145275785161,-0.042542476814352526,1.983204610351859,0.40498250525379087,2.2833349639554013,0.8203216950647961,normal
-5.4273300176133334,-0.16411846541427544,-4.046553304164117,-0.34827405528029187,-5.1895359082388435,-1.0626979466888729,normal
-0.6583813747343878,0.3369225138405663,-2.066937385456651,0.9017147888656696,-2.783631188346087,0.31285840053030606,normal
0.16030035523308395,-0.32508783064835983,0.2904571067060334,0.34517719973431327,1.5789697212659775,0.0502261007566604,normal
1.599048539902126,2.3312578782281816,1.690021030161096,-1.261359531388475,3.221002221872263,2.0395890242816774,normal
1.3709967017180522,0.32033910589861353,-0.42064147685696485,0.34000401174894307,-0.8905820416509358,-0.9504969055848775,normal
-3.044094102366221,-1.7776720969199367,-2.9805175674913964,-3.550032030003202,-3.031039011058606,-2.1343927833759224,normal
-0.08215452809066666,-0.4349090268696204,-0.7767593401404556,1.5733838806534979,-0.043530460079160754,1.5105196290756284,normal
-4.395173751475842,3.838020349928441,-4.408604066566543,1.6934319752122955,-3.4716978968020027,0.78936794322268,normal
2.7767583325087672,-0.17461760654809433,2.1419851792287092,-1.6920180420060391,1.5770189270568915,-0.6679122549232823,normal
-3.249541196886851,-2.09580471711566,-2.976817353953437,-1.4559391327360007,-3.741394125567607,-1.9752877944075111,normal
1.8778556949493457,2.0481621495494715,1.9715754822192704,0.9030110300165506,-0.012174765833436796,2.017857130019696,normal
-2.0185825843790877,-0.21450705366857242,-1.333817164712097,-0.6621181721183949,-3.960324650091179,-0.9333231501448311,normal
1.4780838201781,-0.7735261526325492,-0.8005568611290474,-0.059124075534458975,-0.570027194693099,1.1739787985081123,normal
1.4037018709972267,0.26431994868316133,-1.0630564328960301,-1.2018530905041405,0.9274104738056266,-1.9292463025266042,normal
0.1322529719763229,2.14881833538097,-0.39296248856039795,2.6963918675430048,1.9088066132257595,-0.44830654934661673,normal
-0.4035958088048274,1.9673799359791944,-0.3327021803792096,3.29726128872214,-0.49694646450035346,2.1199628862015185,normal
0.38728558319306405,-1.6529511703230504,-0.13417434714813137,-1.4912068183196285,-0.2960088394532441,-1.0382793559633687,normal
-0.060876854415100046,-0.9368759021593707,-0.19428123981757428,-1.3067549694674563,-0.38827245168266855,0.795504626995854,normal
-3.3036660938704867,2.4539182597509526,-4.246765440370041,0.2192746278988571,-3.0762234889485516,-0.7451565915067816,normal
-0.2246982226766986,0.6596542847543903,0.9417607715195038,1.5428466491562338,0.14244893795435398,1.7038213640573272,normal
0.02484192398491364,-3.045608733297267,-1.0995154813437977,-2.03077818268304,-0.7709373440053088,-1.9471329188336686,normal
0.3781799536935464,1.5986505192275537,-0.991036998564964,2.045195580873353,-0.14799287520483279,3.127743377358825,normal
0.3454254021739569,0.7205477654391927,1.0347141620535922,-0.0437866908169211,0.021117870658732385,1.0181065931366526,normal
0.7379409093444693,-0.09722503190481335,0.3889581693862039,0.15847699379496882,-0.3109519294888599,0.5601803824308158,normal
-4.510605979632762,-0.8303032424652206,-5.509593133897763,-0.34335579420604945,-5.501948857498458,0.9696584561226255,normal
-1.0174345383506338,-1.7681539121924112,-0.9545214120182774,-2.8043254703638496,-0.7739612099026063,-2.6513837687968245,normal
-3.8460082438694174,2.885589747225716,-3.569940790863372,-0.5238141091547979,-2.6087524812971155,-0.22422168641938384,normal
1.7508668378525514,-1.9388486252258792,0.8069646075910067,-0.1788164189244439,0.26308044217442206,-1.3113229996715792,normal
0.3009483464352344,1.2055061001149514,0.41673150595998487,0.2786526641090412,0.6543137931589241,2.2400007202658907,normal
3.147914333537881,2.1585931181639237,2.417569251449872,4.607480788984471,1.9624521089178844,2.683031441516794,normal
-1.9428013709019638,3.7266562482689554,-0.08144363229811913,2.458222884466096,-0.7597298559240178,1.0862785796016443,normal
-2.240081739533752,0.0928363853279861,0.10771750980068595,-2.0159166333589695,-1.3062362870997823,-1.0718297285270086,normal
-1.8248629495019275,-1.4674059746043437,-0.8131529695441251,-0.9347968829203028,-1.1438040472866902,-0.68922871280375,normal
1.6036321955298112,-0.1284137949101537,1.625628058988188,1.0156699020304507,-0.2539797448773773,0.6905827984413035,normal
3.540147730800702,-1.8159977860632024,3.9183114424569085,-0.9388018189556665,3.0302078150088056,-0.14623716956781085,normal
-0.8944877965222384,1.745959461421019,-2.123485817359539,0.574816181419157,-1.5373282596027842,-1.7899220903951194,normal
-2.313030162451559,-2.22394431545752,-1.8880174832838192,-0.5294622199273484,-1.5723955739101818,0.8459065047573247,normal
-0.15532652755741128,2.6904460746216223,-0.7898287273898638,2.029137228501254,0.8164023224066002,0.46306653575948586,normal
-0.49756688367550606,-0.11878460710118899,1.3164430734543109,0.526809354843486,1.2375311500197237,0.24803414302011773,normal
-0.5789931523020391,0.2968405760243774,-0.9901067818159986,1.4683810778034243,-0.9470690496395185,1.2837764730262442,normal
-4.144249405433363,-1.3498251190713377,-4.794869294533385,-1.7206879933779178,-3.9435832874029013,0.6498761119969925,normal
-2.015212998916725,-0.07993245999371207,-2.8718585864659336,-0.8651029183574099,-2.7862431728382817,-0.5154544316913002,normal
-5.5596711356755915,0.21738168003552505,-3.3418811947680274,-1.8619089388964092,-3.356097788355493,1.3749726451706594,normal
-0.9561488287244926,1.7122134404892526,-2.1308813620964275,1.3929876079547647,-1.562082935147794,-0.3668629707467357,normal
1.4283191160822701,-0.9018241685697987,3.4595419372736322,-2.139881578061387,0.31447617875627576,0.22260850090057355,normal
5.463371916002716,-2.4056574590451283,5.034693699155883,-1.4132335007643977,5.783998832416625,0.29335721771238354,normal
-2.1947724311376695,2.686379307417083,0.15087716804575413,2.265216894293833,-1.8085264261534413,3.1306303973052465,normal
0.30841546124855646,0.7776669810728972,1.4149136699522558,2.0847640613606306,1.1675017335687063,-0.6722059729520397,normal
1.1120597212794758,-2.6063128554507413,0.5046215054291612,-1.996286661174453,1.0744806934356175,-0.1597282350855107,normal
0.16915822083653698,1.4331853601966027,0.39896093805118754,1.4886120745662668,0.4855233043790987,-1.7237834175837548,normal
0.1347168043971365,2.3807877969061835,-1.1281422305965605,1.9409905376861296,-0.5228666447510597,2.855276400732818,normal
-0.971866389141689,0.037610395407533526,-2.1076567451767163,1.4560400570220566,-1.379981303985998,0.5719401167817405,normal
-0.749169082595867,-0.2667089067915173,-1.0728892130833707,-2.060051977407733,-1.9293446275177277,-0.05900398845050325,normal
-2.730814523578343,-0.26269294912305496,-2.420817657125126,2.015887648187096,-2.2111231605639503,0.043869830369991425,normal
-2.037380502909761,1.3757336592100144,-2.013979900079846,1.2449557903344046,-3.9893630331382015,0.7234078516472673,normal
0.6552748146090481,1.0181519425113918,1.3424316806975065,2.3528103049992586,1.8539270083033448,1.7278356087754745,normal
-0.08832272714483647,-1.6297767047743004,1.6257118318300243,-1.1425686267059976,1.2413218736226646,-3.0394779622384345,normal
-2.951018255728149,0.3661378608381347,-2.2175735720391834,1.937861901143406,-0.5621360934065462,2.929826187134082,normal
0.8792310557704841,-0.3293165113859289,-0.45764272259627325,0.7008577791452577,0.9132806632561825,-2.9813711257062847,normal
-0.4863343041346171,-1.2871679487630285,-0.08112096661688795,-2.8346323523598977,-2.131675343462173,-0.17601823193697652,normal
-1.731779824763628,-2.3477728596095604,-0.8789804248013193,-0.46978097627413007,-2.579978087539894,-1.8787250816244372,normal
0.6950922152143975,0.24313755800846454,-0.43535492610396753,-0.988603069079655,-1.4312796576028504,-0.24782147057763154,normal
-0.2733955393040594,3.706291595889362,-0.032363918919495346,0.8992435622259068,0.3332959594337458,0.4120283669936281,normal
0.9586913434107951,-2.933321344073789,0.5862727087180086,-2.8451912420000047,-0.6011887725928804,-3.8986213938188805,normal
2.655039202000259,1.1629769252862028,3.4590185467394168,2.6963808340740867,4.021130534871131,1.1530650646959766,normal
-0.9796094058819969,1.805022950403198,-1.8745676729291274,1.8131383346568684,-1.1896386795265377,3.440936355821279,normal
1.9487522035060452,2.558097205570018,3.6338233081873943,2.6368940960487803,3.108676907146917,0.21596612443642882,normal
-3.625225295755569,-1.0529941608357591,-0.3696387070436047,-1.6619893123939873,-1.3272441165858986,-1.9807266302870152,normal
-1.940075907230938,1.6019977948717188,-2.518462644260805,0.7501988518637053,-1.3766407078895702,1.9171095088231556,normal
-0.4142271017269479,-4.001356410587052,1.1219090817661963,-3.1890069406592008,1.5478865105502237,-2.3264039818858278,normal
-2.5300122557508633,-3.0618009896715823,-2.8146800920129738,-3.3426498248957457,-2.8705484375186354,-1.2143130748334536,normal
-2.73325930825148,-0.27088790599984836,-3.411059716125573,-3.1010115300975425,-4.8474365464324585,-1.5777532258556164,normal
-0.6254256139793049,3.226301293213757,-2.110339081425852,2.8820872575487835,-1.585271913707979,2.9969295222718655,normal
0.6276595210176403,4.171586177373598,-1.18275013951719,1.4850224753774588,-0.5964113068776746,2.882384062782363,normal
-1.9223710687044202,0.8091568879820014,0.8504156463967341,2.5418662031424315,-2.4900062525423774,1.2680844459300902,normal
0.770801598094772,-0.078123304108635,1.7333661858830796,-0.18757023999516176,1.5262646937022113,1.5910540738959515,normal
-1.415773796616354,-0.012256342369953432,-2.930653066596096,0.5533146077420994,-2.9941769178348636,-0.7375985059819209,normal
0.2925470825537425,-3.408490000685739,-1.1986795109872694,-1.9642010673562806,0.08586466430793882,0.48898409960088207,normal
-0.22870582708034348,2.256527650288177,0.4445108301552545,1.717962145640782,1.74667486600071,2.1875521345870785,normal
2.0829184337351476,-4.448582995861957,1.4404749558877668,-1.9621735723580636,2.8974426639868507,-1.4113392260501205,normal
1.5947195704525337,1.0940171635040754,1.817130222851015,-1.0971984450233254,1.450084587597903,0.22408248287033666,normal
3.5106025187351673,0.1702552929833132,2.1899006794150937,2.8000869645122455,3.9878953168350675,0.275820205238885,normal
-1.343303352308889,-2.669055905248389,-1.290788807617859,-2.0905029565002833,-1.3153685119345577,-1.2713165631216565,normal
0.012000902791207357,-0.5020391842334742,-0.22902181271792488,-0.3668238536975905,1.1997944793542676,-1.1290495384250985,normal
-2.4620185231220715,-4.290438087343109,-1.5415096794020589,-3.1067956329319966,-2.2993757828958143,-1.791902624864858,normal
0.7051491952929443,1.1078328389884964,-1.023603419104693,0.7780602394057126,-1.188493668536516,-0.7230031481891108,normal
2.556083873926072,1.2189186548241713,3.1546724021450303,-0.503967035317636,1.7801669064802983,1.0841828008151968,normal
4.83074213014549,0.7784793441458374,5.799729243237286,2.011633218598348,3.1952604567033838,3.8851841563499,normal
-3.041017278044339,-2.2834693659131293,-2.432047460418027,-1.0262869421635312,-2.7630097640032645,0.5907572035595923,normal
-3.927659798400538,3.5117425553863053,-1.7437671401913266,4.351131691157789,-3.420349761316744,0.8863191832037092,normal
-0.7544273121478862,0.6554921359713961,-0.08229017935234795,1.3619559717487233,1.4279830732397056,-0.3613902445360206,normal
-0.2935859174273361,2.7344597981046372,-0.6766287810594216,-0.3085132703840101,0.8655059803364165,-0.7481899233912648,normal
-0.30345730952935446,-1.2816485761794687,-0.8811386846150981,-3.5024474464097093,-0.8542193047870117,-1.70834716390266,normal
-0.7214736383980784,-2.935953265341448,-0.6120997313407739,-2.001771130631209,-0.946654162838978,-1.183087730725086,normal
0.20262075309974056,1.8018035806641137,-0.9033488688960403,0.4483255876756931,0.605494493793481,0.9471632698155648,normal
1.8958664437462822,1.9983751340769809,2.0456219154103157,2.0744686890368302,3.7346220494940576,2.209458700711463,normal
3.5613001276860876,-2.5937174902889817,3.6797675668536844,-1.9549248631364688,3.705513165695842,-1.2212654778985734,normal
1.159750339744575,1.16758389579014,2.5089529823460754,0.9740955469328585,1.9935266432660839,2.020544989698694,normal
-0.5631168724674336,-0.019254909749119142,-0.4146835411551082,-0.834056985339843,-2.1485264229171133,-1.7876283453589474,normal
-0.23153408365536043,-0.6272734759502876,-0.43822881271415276,1.101411178425123,-1.6990301265102903,3.379412780214178,normal
2.5819361214607572,0.6600034346026626,0.21048361807816812,2.7301384976121534,-0.5182210070335312,1.3150885347744932,normal
0.41674288777721064,0.5420916888442376,0.8702272346587836,2.3004209689563173,-0.7483731034417292,0.7674683623281696,normal
-0.1998815513875708,-2.0478529083524606,-1.2738791406954404,-2.76176584813944,-1.3672460784625438,-0.23905848733483714,normal
0.7048106853108377,-1.7904947966041025,1.098078832088883,-2.979335371088978,0.8081827914180191,-3.7571649408957972,normal
1.1028810419449613,-0.6371158028766455,-0.5815581646889534,0.12339763835444173,1.2674965986262932,-1.3061447770402725,normal
-4.485079659548218,0.9231687011081962,-4.5153474572265395,-1.0461439300935842,-2.226334488395497,0.152763455837433,normal
-1.1725199366090786,-1.414751270313842,0.1697961618793573,-1.3292614220838588,-2.1072985476825785,-0.18882308115363355,normal
2.6907658119543396,-0.28894747792196773,1.1076271197347278,-0.42126868083555885,1.1573234191919268,-0.9743491176382796,normal
-1.7286085352112734,-0.8204120481382715,-2.6136795138211926,0.4965752615136929,-1.5063011567429971,0.5715084671986409,normal
-2.582150648530809,3.5141501134205804,-3.564716840065903,2.602343313309153,-4.52335387106505,2.1189360953264806,normal
-3.4050124379559055,0.7678422887484229,-2.5449028792392188,0.9497093678198016,-2.115199095043656,-0.2769188261496474,normal
1.4747700286318162,-2.297651309967337,2.2818298843290465,-1.835622316707702,1.902666944383364,-1.234636025128336,normal
-3.9072560317462948,-0.3770013295027401,-3.541929790771663,-0.07871106101371272,-4.1772990976085556,-1.2887967760879036,normal
-1.663947480636174,-1.1967889738768447,-1.1519725764544697,-1.30506244004457,-0.9783380817404449,-2.472142493689751,normal
1.2128506278205247,-0.19731167168408087,0.4492918331570513,1.248546199666134,0.7322646168248859,2.2527346453580255,normal
-3.7141342383457396,-1.1577918211064346,-3.4442286711329437,-0.8517795163853874,-2.1859616907851,-1.5149412866467036,normal
0.8956029458996149,-0.8415222639248641,1.5896577146493422,-1.889051297083149,1.7241082258170208,-1.5853566177373317,normal
0.4252477966688589,2.0347553192513814,1.7658263856436558,2.8551368392997913,1.7024576151305468,3.4120311334223947,normal
0.015919043682456557,-2.0253833338169183,-1.4409396112439126,-1.9888206935380508,-1.347811458085037,-1.018372316546743,normal
2.2130287880681436,0.500206895472567,2.601540281490452,-1.895720319069646,0.8457770203120601,0.4276687389653061,normal
-0.33097992956045275,-2.404157006377623,-0.653065761024109,-1.3014836138714345,-0.7807972040468725,-2.2549581213985603,normal
0.04848750949380165,2.8032441253963727,-0.4503967517794944,0.13812231010674814,-0.7595057066022053,1.689727471190448,normal
2.942892447814515,0.8474031586888638,2.7057740961338883,1.4421993169279013,2.408209718602056,0.4704087091606697,normal
1.5713147608757012,-1.506390509653406,0.02622391141889502,3.6015082173500828,0.22376920254129318,0.24281863940267892,normal
2.257595916745136,-1.5388984220353243,0.9950942638183223,0.3451080279469374,0.24269349265529616,-1.9609192848267492,normal
-0.4703540222754742,-1.5859157103782862,-0.5443696297878727,-1.4031392761815442,0.0014976648364780631,-1.7202668204730203,normal
-1.0402132704448093,3.2269825102873115,-0.6372472714707111,2.595427734250094,0.9783594080980793,-0.43417266250825626,normal
0.9813884615773592,-1.0127449457889388,1.798694843698273,-2.1338254458838506,-0.10491631942784618,-0.9922244118672996,normal
0.649355152333762,-2.6705435812204046,1.096719603943525,-2.3456375610891786,-0.03755449395285493,-0.7608454665068237,normal
-1.3252019999076232,1.9616469284225029,0.01530179564535411,1.2382637179869502,-0.8856066823145461,1.461542489376589,normal
2.4458078244085595,-0.8344417825118395,3.1478082659226088,-0.5338301133926431,1.6275379085180735,-2.1714615674187847,normal
-3.036263449325232,0.8532120031868837,-3.402017099204414,0.4214972121916545,-3.353259421197822,0.8671340073218798,normal
-0.9867898920462551,3.9157871566265707,-1.2799225335900897,2.331645219115104,-1.1095632626281318,4.056614628348358,normal
1.061542822332829,-0.8786086010162674,1.9963092553044066,1.5952886330398468,0.8465390325672957,0.21902042675539635,normal
1.138129896880673,-0.7556859148124146,1.0215585185229767,-0.7389415738037639,1.8821534762458225,-0.5911782275685664,normal
-2.056326406899963,0.6199481282767203,-0.44985220801937376,-0.07373284921016543,-1.2806470405617376,0.5169669678849571,normal
0.2797068304699891,2.1342899987340362,-0.13195800872232138,2.256441654598524,0.4703928886049206,3.6716512044893648,normal
4.054656576514261,-2.582731095112305,2.7031918987995693,0.3846316660342004,3.7891231442801527,0.5580211783972326,normal
-0.7519188966612415,1.20971396269778,0.7856742860046073,0.6155306870678331,-0.10362167888574196,-1.2267158008629366,normal
1.0069262581235674,-0.061788459799420256,0.6030273462231879,-0.9083475680016048,0.9154647113780086,-1.4223538559578357,normal
0.5808683455444654,-0.569603804277391,1.511363155049308,1.4962585910996467,1.2129051630157444,-0.07660195850224505,normal
-4.008607291310267,3.071738196776809,-3.8920807490538936,2.980879151205696,-4.858093704247678,2.1216296192437474,normal
-3.2779421297188107,-3.4372788455239327,-3.079685632957662,-2.341618246544841,-3.6596980969059145,-1.7635684571003483,normal
1.586895824513702,-0.5372528605250815,0.8746438921642483,-1.5838435952384375,0.6921981714770741,-0.4898851348416817,normal
0.2951638110892376,-1.4345325789835508,-1.6475250813475988,-1.2379165177175544,-1.371896296478646,-2.017900209785913,normal
-1.8517588487421097,-0.7761099610802247,-1.991853312220149,1.5195432087634912,-1.4420502055890245,2.0225650218378455,normal
0.916768435058926,-1.0214268084566112,0.03247365549335901,-0.7211136961123652,-0.38853420036174724,0.9194506253803931,normal
1.6741823294917038,0.38386501516593896,1.803268184398104,2.033891371175719,2.5764701227774967,2.6599033747400203,normal
-2.947699230103944,-1.755695832657726,-2.0633631853438312,-0.674160040302903,-2.3494089028481424,-1.8731778337460456,normal
1.1254319906852521,0.12469805813165225,-0.6558537788249121,-0.030112587084788145,-0.08555500211153783,1.1067012434765588,normal
-0.3844097431758061,-2.256167336256892,0.9603885517019978,1.3640847108633505,-1.4430143232095745,-1.0070631116244555,normal
0.7532199330348762,0.35602362174444835,-0.4170841957236686,1.1798667153135791,-0.1945926923573535,-1.1333196224557351,normal
1.7221136000275705,-0.502413099494162,0.2756504516314618,-1.3045680539622788,-0.1666104732093241,-0.8565400010328327,normal
-3.0010402396355254,0.5718107621499046,-1.753221277898231,0.7916930090551991,-2.685332369132972,-0.704868866893154,normal
-0.20898926462607875,-0.593123976603346,-1.3731476481709923,0.14847742779142992,0.4877175256339702,1.8473753565213678,normal
2.713274020631392,-2.331056055053311,0.9699420094322677,-1.057785140622433,0.4821393422112108,-0.6837156650806242,normal
-0.7660017611910047,1.445111662625668,0.3032404518344012,0.23535590520709276,0.6489665827087426,-2.0616017707470498,normal
0.08862392277525566,0.015902932728578678,1.124463642607955,-0.8982688833695287,0.6290018193121235,-0.20272640912792048,normal
0.414623245743491,3.157079798956924,-0.2575943926235629,2.1409390227558043,-0.5899037983802027,1.9119389422055448,normal
1.483993911163563,2.2516851631183967,2.265705327930544,3.0411572368222877,1.5231788405631281,3.9170178035099408,normal
2.22674027509285,-2.6145893035209533,1.3298442975450522,-4.222093294885484,2.1320233310912586,-3.061925762245177,normal
-1.7302155317308854,-0.18845702861351762,-0.18796336737953845,-0.23618145244229485,0.05490003242530683,1.038046215469274,normal
1.7004178312742277,-2.0124811384986696,2.267865871658263,-1.1598176476633384,2.2885244557158053,-0.7902319991635129,normal
-0.4426993479286698,-0.9770486237213738,0.9089868976486761,-0.6992458876708209,0.28767406791321215,0.33244758942979025,normal
0.9108222981881516,-3.083506356194351,0.9318061316681243,-1.821940614265555,1.3826845291845793,-0.5484271647273673,normal
-0.5424113767440739,0.5195707084002235,-1.826773107710181,0.24430180130387047,-0.46925060688289744,-0.5927720001258358,normal
-0.2204677072066054,1.4996747603217924,-1.1476382183506457,-0.6233314800953598,-0.6374063162634023,0.8278728843081431,normal
1.424054007341951,-0.7371603783545292,0.32419301985780125,-0.20174051407285087,0.641963213550238,-1.843238630326216,normal
-0.22230845431404977,0.5980701041908499,0.4944104843262401,-0.7802824247970738,-0.9014384253864686,0.40434823771177764,normal
1.299507185492526,-2.3115406452124523,1.2134134570501383,1.5428731481865436,-0.5860131125483728,1.1937489138963464,normal
-1.7050366578110054,0.2638925638437828,-1.3345862863746103,-1.5139073062719195,-0.9153775895441251,-2.1862564140477145,normal
3.3383974348565775,1.5676634994736265,3.852641512064082,2.650622926722884,3.509960559385472,3.492497902133027,normal
2.065126539748809,-1.074533416282281,1.132195502357323,-0.7387112672637788,1.1222559281942743,-0.6058579713609576,normal
-0.04522911564543736,-0.7777095298029185,0.16438319076386962,0.7230548040001277,0.1254029458018846,-0.3774612833954712,normal
0.3170605479733849,2.775247172512522,-1.3165749452443363,0.5728518330168926,0.25629390516255524,-0.8843205018496094,normal
2.847482596524945,0.7965920511711531,1.7242748579155722,0.038077166611525715,2.6894818312986364,-0.1890731559161762,normal
1.077177862118494,3.2751873770171427,0.7976973718310403,0.8468705506985101,1.7290103445512024,1.123494448937329,normal
1.1990232889276407,-3.0747677698943514,0.4885081270165359,-3.6563461639510355,1.5589498585288761,-5.041668271032885,normal
4.295841996380111,3.6315552505324793,4.219724421866327,0.836212636424711,4.82166453615136,0.09514382462077542,normal
1.6281035538995958,0.3459462632640977,1.3642253980900247,1.674063788240904,0.6063620014637171,-0.5148272963359919,normal
-1.470555486345043,2.002054136086687,-1.6855666303812047,-1.5393597072114256,-2.7078282853846147,0.33108622306782975,normal
1.4180550259272522,1.7856676972815162,3.0163370519116195,0.5959780907856335,1.3546049869044186,1.0907949855201267,normal
-0.5293298775617623,-3.7335790801359363,0.12896807708128621,-2.8175722198668964,0.27362496544661497,-3.857558883795252,normal
3.0125142860719025,-2.6846924466366153,3.0123269188497157,-2.805560163251991,2.808353565049819,-1.9448123086053797,normal
2.1106587703311583,0.10271999200582604,1.8890397844337885,0.30990009347483044,1.7318695723534243,3.0037386260591687,normal
-1.4656630738150542,-3.691689535119821,-2.017828251173628,-3.329263528456822,-2.023674485371873,-1.5689962602603984,normal
4.100491911409342,0.9678823605894108,0.25335868328183175,3.7622027652194445,2.451162182920125,1.6829703867702006,normal
-3.052307131922864,-2.1706859439005726,-5.3281258297149865,-2.9680237852622326,-2.766524208810825,-0.7488718607115155,normal
1.2496941768157739,4.810265110214008,1.4949492119967533,3.8312383078578685,-0.643047078247382,1.3996404790831045,normal
-1.481834530800616,0.7622401410322635,-1.498697622202518,0.8652970986739399,-0.6926602679492828,0.39548538679551865,normal
0.12180338859145035,-3.7733368759254713,-1.3032841500280805,-2.1323126194150026,0.15878369773720646,-2.320034208705382,normal
1.722656842024021,-2.1911006725728495,3.289891529666926,-0.7772878248761441,1.7108616087459283,-0.7996358508860055,normal
1.1229140967218667,0.6744295464451115,0.6356876981801094,-1.4266448010348503,1.0330752274287724,-0.44021553032236094,normal
-2.4902689358945502,-1.125169581292513,-1.841351716702985,-1.3648116736010627,-1.9307767487900018,-1.5257062208060024,normal
1.546656237343531,2.0417538910273376,0.8650511363381855,-0.988652241339431,1.0290215388586723,1.4140393988773277,normal
-1.3282481439348766,-0.3569702659969083,0.4808519831483082,1.2549581503760288,-0.5504631228558188,0.844183751919746,normal
-1.3652062173322022,-1.5116348032522127,-1.1049020775535874,-0.9986221939795777,-0.08032134075909814,-0.7799174507162396,normal
-1.8957113931863372,1.5102256518322128,0.12108538678024838,2.088695165221562,-0.05910471088013458,3.319572600037805,normal
-1.5561549093491986,2.3068324382032386,-1.3873892289793992,1.974247130121479,-0.24406919611463662,1.8230812469237165,normal
-0.9748607175680307,0.48659873762342865,0.6302210866411723,-0.795828990057266,-1.867126007554266,-1.1850296501798616,normal
-0.6988198034311178,-1.864600601604523,-0.7641746411305527,-1.0947315805099345,0.5471168744317548,-1.3599065751021306,normal
0.8749908262033832,-1.3902660511013558,2.968483667234726,-2.7914470695309443,2.2985466221107904,-1.7091008593260648,normal
2.186409979094418,-1.1856897202063377,0.2048588349211235,-1.4079948071248267,-2.05884546296291,0.4576606871441058,normal
-5.05714181303379,0.6763061541700046,-4.087119476427133,4.231130794125463,-3.7443177460898247,1.8439692809864139,normal
-1.8315372752209416,1.6898885347751877,-3.106246742881552,1.5045266267421864,-1.28107192709214,-0.3841391412420192,normal
-2.454476893451384,0.06896189238888745,-3.2130123578151455,-1.1056285058715543,-0.37406476002399147,-1.0634410856277787,normal
-1.0750053996200304,0.9412853736790456,-1.3099518764599725,0.5893152419729561,-1.5365761920085912,0.5074644465996878,normal
-0.4990511188894152,0.2881046457782267,-1.3829260432631574,-1.2325934889195755,1.2016247879148247,0.24434885623851,normal
-0.7698731037097936,-1.288271972993129,-0.5926992479182065,0.8412586852582168,-0.4424556077634668,0.1884057875556372,normal
-0.5615782499638013,1.2842246994280069,-0.1488598518668967,1.3190214627163892,0.4133854595335715,1.5386826643733,normal
-0.2714962978030333,-0.3368822077688056,0.9363366157031154,-0.41875205384130365,1.3160870379783496,-2.525451496098435,normal
0.6550591542472711,-4.0856288674899,0.6134160681807327,-2.274045487006102,-0.19200185642626555,-3.023047026493822,normal
2.9595391008997383,-2.3624699199038983,3.2031486184331373,-4.1327377077759575,2.447461545350661,-1.376650122350915,normal
2.4946996452390757,0.6875310541095914,1.58247796593406,-1.1996293006103338,2.860268581168258,-0.9789517902323163,normal
-1.1576658380672051,3.2628443247553047,-2.5028667837906085,0.9650114025071395,-0.9912176547079028,3.2620340968770067,normal
-0.1928128912865367,-1.3273253418997921,0.5225329115718174,-1.1790934459082179,1.5199927550681167,-2.7233578307027435,normal
-1.9071031701849295,-0.78498364429357,-0.42713190055863515,-1.5852906531860942,-1.797091646132452,-1.9369473476756145,normal
2.368832078363097,-1.2204016494102587,2.4310465069931735,0.6652076789472361,1.7391976188321316,1.3122625144482452,normal
-1.839303365716931,-0.5820040582283312,-1.3218725339784092,-0.10951185991759127,-1.9695394974829812,-2.9039494531931265,normal
-1.9176722794449006,0.3131486088670708,-0.31340357013764475,-0.3869970073632104,-1.4010531314599532,-0.675514089319091,normal
1.9111381767710163,1.849701983146229,-1.296271187328673,-0.8523077260307031,-0.3751298456437489,2.2564772420957695,normal
2.115587139440814,0.5863681072417346,2.4836675230036676,-1.857398251199001,1.664210833415275,-2.0721599058786206,normal
-1.8204876605752816,-3.353915929521401,-0.9909858455430248,-1.9302294401642208,-2.3024952397901552,-1.4324675047996505,normal
2.5945644843465594,0.23422350502303363,2.978196945355551,-0.18345647562344258,1.6921094740260887,0.1395796444681921,normal
0.9411733627238148,-1.3296422011094227,3.367687490575965,-2.9632888592630064,2.6374713097022426,-0.8294146445684336,normal
1.5602232890677652,-0.7482978812760273,1.5665596277335068,2.2131563498889766,0.8963895928006655,1.2070625879539003,normal
-2.5235366963105053,3.603953525959853,-2.332786058817969,2.632235173006779,-2.4555667948727344,3.832222655732684,normal
-5.607826636947363,-0.6507986096752677,-2.43067430297641,1.46199886875486,-5.552701859605884,0.5479472164824387,normal
0.24098799264685344,1.5085886772582704,-0.8916157866677179,1.362735855938578,-2.113345793270267,1.5558295096116925,normal
1.3282047993999802,0.5314461342154879,2.009490293735138,-2.0558522888337225,1.5029236921518223,-1.3760526171829912,normal
-0.3284484570271877,1.5648658340444983,0.5367972766747936,1.3739195068211352,-1.4847493270176777,0.0020696617234711306,normal
1.8060752711307173,0.3321540910888243,3.1175686037599832,0.875603767523629,2.868194945681754,1.244732544904842,normal
-0.8989596653630443,1.8819025275045382,0.20326594892549943,1.5800571678581043,-0.658635485593082,-0.3598162210440902,normal
-0.09596498585468904,-0.579879786226163,-1.0489947738022958,-1.612050819267309,-0.3372058152932932,-2.0449758953412323,normal
-1.4159173777939613,1.8239089850951,1.185127775127068,0.2143592913065362,-1.7661559923791708,4.138033665733216,normal
0.8766298170941319,0.03270801601846507,-1.292301086507924,1.1605313197394391,-0.8797542745468345,0.22481746437378225,normal
0.10593152965181557,-1.157697291678008,-0.3958084898714621,-2.2160043056476746,0.17237921097914888,-2.5304281990035866,normal
0.5613480003197336,-0.15172097001782991,-0.7072434153693459,-0.2666483087018689,-0.9232968729173084,-1.0674192796970778,normal
-2.2935106199704887,1.382878214653497,-2.2192421116508303,-0.037387246540984354,-2.210028271256972,2.6874664680809337,normal
-1.1714653620643976,-1.349195731898691,-0.6463558600772124,-1.4262090449220775,-0.9072413350165552,-1.505476907842369,normal
0.8843493779059239,1.1000158297318465,0.6356024142485858,1.6798350756980072,1.0879558777415141,1.9547237249618987,normal
-0.7051676047209727,0.4238158539160957,0.4949994631542247,0.042691141626725826,1.03431781570283,0.4338614020283916,normal
2.944863296174433,-2.0695648055890574,3.9748582054934505,-0.9311017357529219,3.105221518286716,-2.029002570177084,normal
0.6149180210685756,1.0272621282524148,-0.4113369628138326,1.188946761401227,0.04974268108533472,1.3394184003748515,normal
-1.4100240113035174,4.123179303213521,0.2079413829095097,3.557821502241048,0.5922612634145267,3.16654533505526,normal
-1.1702334270241832,0.05273782868979093,-1.817854034322996,-2.206963029620361,0.5926092535879212,0.2282738639346651,normal
1.448096222108719,1.198154870183134,-0.34624783157200456,2.668114386822096,1.1856182338195063,0.008807511974737947,normal
0.19230403965302933,-1.0310530462318521,0.7255594332566802,-0.911497368534961,-0.6393703461697895,-0.030072848302779898,normal
1.2989051736081838,-1.251043635579968,0.8496023884017135,-1.9509911742532033,0.36013735404474756,-3.8887419586283904,normal
1.3873435084964008,-0.3666078939770733,0.8353762372698414,0.03046630154210911,0.9930044580994825,0.7344502825008097,normal
-0.7324883187399587,-3.4697993771749256,-2.8749584120424885,-3.263375936973145,-1.1986495262224905,-2.962540854908738,normal
-2.100165379206951,0.49244962287440974,-3.06674929866691,0.5841519876173711,-3.4256527345586423,-1.21896492242109,normal
1.6241289003606092,-1.6510384919001342,1.0667218974911363,-2.083426656426123,2.2666949197336264,-3.214731193241718,normal
-0.0551421227575275,-0.39391005048746536,0.7906374625618919,-0.492798135759058,0.7340250442699656,0.9819869393284544,normal
-2.5926716404598187,1.0838786664207771,-2.6953459077542505,1.258286465526093,-1.5819333963888196,0.7910551413970137,normal
-2.251758437824793,0.6558822868320833,-2.924768918023786,0.029562080036642055,-1.9946187747527704,0.7720249980674585,normal
-1.7934170524828694,-0.9053939395725834,-2.1780588992873993,-3.0281166022593435,-1.4241698357498687,-0.6168627901055534,normal
-0.6611523588772192,1.114329420885256,-0.7810902347146826,1.8733150862666519,0.28918418596094275,1.1466613031433466,normal
-0.7347390892209696,0.5201764794221053,0.7311603384509463,-1.2444949716993747,-1.1502703680196422,-1.274625492887448,normal
1.9558168443545232,1.48170462072237,1.0808637115730602,-0.2132578014717077,0.7529877658624886,-0.15864784559985118,normal
0.46447645029707396,-0.1712564005532093,1.7299535501665864,-1.103411671917324,0.23829303933592727,0.5338298372834109,normal
1.5141200363421492,-2.7890549824047506,0.3042187381833674,-3.804027692249975,2.016168534347929,-0.8254069867695577,normal
0.7842679146968026,-0.8451565039888959,-1.5674822205051298,0.03778329996367305,-0.18008041924988927,-0.38664565139686147,normal
-2.3041661053016655,-0.43606570953682466,-4.188722476175061,-2.373424855877181,-3.640291153895587,-1.1762653086107366,normal
4.049684034302029,-1.2258777127996092,6.068251936509263,-1.0306550364626057,3.5906013362651565,-0.27251411561752803,normal
-2.655392639218886,0.37042635008613645,-3.125375221075636,-0.6808891390718095,-3.0931725412101403,-1.0614771107423677,normal
-1.3721117469361732,-1.3262122545522745,-1.5745106716281394,0.49067104550350904,0.2504577381891,-0.9129211856444666,normal
2.045399382165539,-1.2885285234017685,2.8453193330010422,0.15831480494388706,1.2549679564275864,-0.2997706678295361,normal
-1.054606506323374,-3.2717214913327854,-1.381200582574854,0.5366339364823332,-0.6855101559493235,-2.4884588078916687,normal
0.8500927663988,-0.4528440118349243,1.1072926165942423,-0.45947407067573887,0.9681832402565425,0.8724252881860844,normal
1.256716667461076,-0.33778519550439157,3.068663955684555,-1.5749275185486185,2.9190878817873203,-0.7365089760035279,normal
-0.31291398026796324,-4.276628964451953,-0.1548774226353053,-1.2482458260366822,-0.0650132810433593,-3.7796083697978666,normal
-3.8634867627506537,-1.317663044529955,-1.6539014346647054,-3.0754679911437086,-2.461042028483472,-2.9963994650590733,normal
0.28863673818681324,0.10573641903362407,0.8250694321744053,0.15835933306016026,-0.34841695489283375,0.7021132515538813,normal
-1.0215135421787795,-2.9322396740480112,0.731767096886911,-2.071433978005369,0.6144690254948657,-0.5254095031442743,normal
-0.2989010939057963,0.7705931643535701,-0.4423875677229751,1.4089742256242812,1.2016640399797436,1.8209895121816166,normal
-0.17272883212248477,0.7817049883797262,0.34518065863356967,2.069140406151995,1.7064660838564654,2.0723128711578145,normal
-3.243239411195362,-1.389798174406003,-3.0816209363722527,-0.10484350733722603,-2.435079223070139,-0.8254174386282597,normal
-0.5258194642214804,0.48224225516871727,-0.03850621673924404,0.41444589225947004,0.40313913583232364,1.1972043088167152,normal
-0.667727501803022,2.874173424724774,-3.581191056249925,0.5927281009327955,0.07574683854723563,-1.285839532082868,normal
1.335488296878562,0.8489010883133026,2.1272131588061405,-0.7894996907052274,4.140988922149899,-0.2635878354871538,normal
-1.1754489102553247,2.66543112518783,-2.5502947215245486,2.7960401300589157,-0.6568751339384733,2.017493695705493,normal
-2.773454114346971,2.012281550043675,-2.12785356639925,1.5217511235004644,-4.487021573981458,1.6996562095503176,normal
2.387796767663739,2.9713298647309387,3.5744648339477987,3.595701971942826,2.7184255068987744,1.0208683338124644,normal
-2.0439346306652286,-0.04391903086516136,0.534110946687862,0.06497912321471283,-1.9801892917589927,-1.5649723204828283,normal
-0.7173886500848864,-0.6390755194494955,0.20526900028847755,-0.6920048210686549,0.25781702040586535,-2.095579996298854,normal
-1.3240623385378278,0.5003320902856313,-1.863557752771212,-1.2668119588650817,-0.09109645193793026,-0.33079129498157944,normal
-3.7850334981981155,-1.603421959017185,-3.8634920543621827,-1.2624341396700767,-1.1483085201304832,0.5440227778479005,normal
2.6554364888875996,2.034854735568512,2.8455971532373545,0.5633422191534947,1.8333959279476673,2.5317667420764964,normal
-1.9151067708783072,1.0541269150358565,-2.141376687450964,-0.8993369158421015,-2.004470793080118,0.16312583508939738,normal
-1.5941362969072772,-4.535574388349648,-3.320965098214118,-1.235214127536833,-2.9161998348175446,-3.4031086464694593,normal
-0.671858572368831,-0.6029969779656832,0.7881104378130179,-0.1734559305935395,0.12507011836406567,-2.0572741230894365,normal
-1.7307561825119482,0.3345882813702823,-0.8474712465018827,1.8847765497149604,-0.8804018282147704,0.7197526786643244,normal
2.435223156881705,0.8801209557659639,3.8428468187564784,1.1178515231976744,0.5185183207611835,2.7478486459965183,normal
0.8605932884926711,1.472537988828647,-0.9035028933791278,0.6140928156412057,0.6202461625838055,1.594937436875362,normal
2.815229475515209,0.7126595566170087,1.1943655961229551,1.6485696792266542,1.8856850267384486,2.47068917782496,normal
-2.0875989192081557,0.39519081202328465,-1.143963738459317,-0.5489627254005314,-1.5115050300323831,1.0429796076100477,normal
-2.661345095473361,2.3363292166276755,-2.883325134446957,0.348141304785736,-3.9565578174390597,1.784233751579966,normal
-2.382795568550824,-1.4899584406525752,-0.9012693858062728,-0.7235148773290163,-1.7855954474274853,-0.4853194409845996,normal
0.740844601784878,-0.303393280987433,0.4015799859965314,-0.40322450034052765,-0.10703175725373382,-0.8934679017523195,normal
-4.623784813047878,-2.148527557648207,-2.769885383616127,-1.7586766944969,-3.5537710612748654,-2.6920879060819085,normal
0.5044302659900677,1.7189304530599328,-0.35847664089936737,2.806567909813718,-0.1788231348282706,3.2570520155341383,normal
-1.640671888150088,-3.77787915963502,-1.539726384500488,-1.44674815429537,-2.4988844013974636,-2.2758713313879206,normal
4.0630793042693085,-1.0258025659163723,2.034148628297578,-0.5997010116939008,2.9644177251962067,0.43711885242174686,normal
2.2977762060842917,0.7351648084610951,2.4065138424000803,0.03557868437393774,0.9078168596445575,0.7628427334592662,normal
3.4399872476182694,2.6054314622608477,2.5084098575142963,0.9596224558733559,4.317937872043001,0.5382833240033563,normal
-1.6223745907355358,-1.0391460872063498,-2.0557501711875292,-1.815055505209236,-1.9615025010749105,-0.3565493082022093,normal
1.04338769045952,0.6103522978414986,1.0981365100138731,-0.9005021159097419,1.2636393229758855,-1.7140174968648467,normal
1.789939553299371,1.3604976905681279,0.8963557976523202,1.31630832317094,-0.05106383714439533,1.902255756109222,normal
1.5441379545402223,-0.7450234733425474,0.1581867321815732,0.8669718266749262,1.1812811975309931,1.3097270131975014,normal
1.2193825717817193,0.07280160611900949,0.8104826853520883,0.9184385897379932,1.2243230631808584,0.04092056553460682,normal
2.3095749792950393,2.6796301421113884,0.6156407678322737,-0.3537285370834242,2.718503759517147,0.5851361219347655,normal
-0.10986253884429364,-0.4808272505913802,0.7463914610538073,-1.1323847999113443,-0.1385432456786354,0.612700988062111,normal
-2.6506940778927666,-2.152652587026316,-3.205018946059591,-2.2410084170509963,-2.986170540141339,-2.4841112830587053,normal
-2.4596283873670233,1.5566366414831165,-2.1419282706250162,1.0017192863950555,-1.9571747076402062,-0.33709140344170063,normal
-0.24900500388287017,1.0588502988511688,-1.1664886466092466,0.22600721398901621,-0.7970168414673191,-0.7440889006540483,normal
13.442640952300039,-0.979579514079746,7.886152855767666,0.21676769680245891,4.217688864583865,-0.134485998440656,forward_head
18.305207899814373,0.3088941130328234,9.64370950476649,0.10413001221469308,6.1951132237996225,-0.6319388778257431,forward_head
24.86822313285371,0.06588187935712891,14.063026978774909,-0.8056101423032563,7.78061877428944,0.44152294225043937,forward_head
25.18801102224771,-1.0320844142539014,14.78029202168093,-1.121997673466952,6.3909632620511925,0.9263624151579788,forward_head
12.949853094034143,-1.0877070962480273,7.485347423406521,-0.5642476116493784,4.331604287014669,0.9865706202297216,forward_head
20.203709619502597,0.3035200759728224,12.7753677200816,-0.48024255240287145,5.052441642459229,0.27747804021232964,forward_head
8.175426999365072,-1.387680549573206,6.7852306132738045,-1.2930331185735493,2.4941074818710853,0.2511247677774107,forward_head
20.870036487712717,0.237075951205877,10.460380411899951,0.02391676987028547,7.870778100609586,2.8337084584814525,forward_head
24.221704525132647,0.4391589968864121,14.684736978719002,-1.9473779971631602,5.670551113357467,2.097799176150389,forward_head
18.34841336686599,0.2404079743196821,11.16871583540029,2.330852597542875,6.346141097040857,-2.3685499808754398,forward_head
18.748497638081282,-2.546830308691902,10.282091310851417,0.2841562874225867,6.778414843928204,-0.12220106787450831,forward_head
11.48958548859147,-0.333103061335895,8.45313281095127,0.11535432068166136,3.5384850953419753,0.44184052777626065,forward_head
24.455127781639398,2.4073494224695877,15.279746913460224,-2.003183348093901,6.906528173154193,0.004196281721508435,forward_head
20.72204355556095,1.396958419813615,9.579049571092344,-1.318312022514069,3.5812808192544887,-1.1147852672992768,forward_head
10.466051023915815,2.2150764745892855,6.606501960963302,-0.13396854714041537,3.9501566962049264,-0.2957050151918114,forward_head
21.67879939341891,1.5311575378849764,12.41191025494528,-1.48095418636695,6.835820943468783,0.6861081050479167,forward_head
14.878404442275336,-0.723568756438587,7.200870285623193,-0.6875790430135382,4.358000909016415,-0.29411929417225485,forward_head
26.163600040097,-0.09168582036331764,14.583714464448706,-0.8917747551471092,6.339679420449977,1.5393969264463359,forward_head
10.929857442211883,-1.724307464524379,5.869678494858394,1.222199929931246,3.4674244247782076,-0.4167913302219154,forward_head
18.438477599751746,0.7023241629745979,9.619835911487332,0.5044671510107833,5.439711424224833,1.7274289632494741,forward_head
20.20300873152062,0.12820964386281808,12.329088688754304,-0.6261336901494374,7.205144052296906,1.3763741308681563,forward_head
11.681866978909762,0.1191095293009187,7.170602096701163,-0.2027198612055006,4.301680950273385,-0.4889803009625133,forward_head
18.44288265766849,0.233324048599673,9.853224050686833,-2.0214368815949437,4.5440002295880975,-0.389092588206281,forward_head
13.204466502906675,-0.41509599341076636,8.30909987847355,0.5791589417809767,3.0310754865865928,-1.720578970255799,forward_head
12.717018024433571,-1.6987033862289789,7.5835147789492146,1.0125572831906333,3.940748658737907,-0.19525362282975647,forward_head
7.939215764415987,-1.4130338793151611,4.940740509536736,-0.33813898710054396,2.4236797455948924,-1.7515028677853095,forward_head
15.909878277373405,-0.6260829271638148,10.590946377030614,2.25619900909606,4.6092275575996124,1.0760299898196835,forward_head
14.633358996468052,-0.9304522642937739,7.436375699704469,0.8473565193784999,4.455305179008328,-0.7502306191673346,forward_head
8.381768652663283,1.6092997271396627,4.792130940939993,-0.9623956339946563,1.9686067621457484,-0.5051596763565182,forward_head
18.926926197739345,0.3796747904138769,9.930322326264275,0.42739556619511804,5.492571117006156,1.5733869344891815,forward_head
25.966756724264773,-0.01428348879799332,14.995862126831785,-0.8652177349764598,8.109493261765438,-2.0483010916619415,forward_head
10.851424320430983,-0.4496135447256289,5.749323995100976,-0.7517899108642881,2.1037812839091563,-1.07217046733088,forward_head
17.109396507984634,-0.7859944430907139,10.190564369065061,1.2627093445546786,6.902425050752152,0.616749244972336,forward_head
13.918719644781644,0.9223377239011725,6.520245711025755,0.5401051979284671,4.589625242264561,0.4980737543016475,forward_head
20.131365334393383,0.31230245628560693,13.028957453055416,0.7543132052771592,7.981470102307432,-1.433723238883122,forward_head
19.08313908961909,-0.2025176101448277,10.860236651450277,-1.8080683499650345,5.629546428625788,0.24594478006388967,forward_head
23.822562370252086,-0.6131687903509133,15.55860091797015,0.8520194256042838,6.895437729173262,-0.7976343629392745,forward_head
19.109545705673373,0.02813080852137866,9.541823657587505,-0.744408508052111,4.679184237731672,0.1786772919304125,forward_head
20.111356539067817,-0.17676059742558572,11.70569621347905,-0.4378914381208796,6.157359059607427,1.284860162177654,forward_head
14.147763215422305,0.041858787186930285,7.6287903942968684,-0.8209682709605263,2.537349203775946,-1.022806147752734,forward_head
19.883858578888198,0.11335079177029157,13.937069978133803,0.8652695050698213,5.427409907619706,0.47564207415421506,forward_head
26.504836800783593,0.36429938186052035,17.662054148884803,-0.8673995764562495,10.099535228058139,0.9210227634526568,forward_head
14.859319127494446,0.2399190850428303,8.161960626844502,-0.720141511931536,3.8644766503509507,0.37942500440954086,forward_head
20.410868916514133,2.8314852742466323,11.728123479412337,0.8599909597773101,5.745000821319882,-1.057061898006422,forward_head
26.159927004510156,-0.2599365853358017,12.326145914923682,0.9698811900873049,9.5796043399672,-0.14385634322213847,forward_head
10.816751180057173,-1.3762409831908937,5.388194444640552,1.2533264664103798,0.702198123927587,-0.7906522003097647,forward_head
9.76713335536612,-0.40716877215486685,3.443217120302691,1.3165134297959924,2.3408792224420063,-1.5958131365699169,forward_head
16.639899092985356,1.539505788642072,9.855299365451945,-0.1864464448715057,6.323973237898127,0.5908806219791308,forward_head
15.080702182713328,-0.09090802005794175,9.900285519183713,-0.9673563059645304,5.458545380254137,0.27300271252786135,forward_head
8.213755801814308,0.4506200458898788,4.02136197694113,-0.021056635339765203,1.352318456029676,0.9702840458355168,forward_head
10.743563677514855,-0.5226590906984137,6.328807473836401,0.9595612090412694,1.8982984506590888,0.11074902345651388,forward_head
17.43248330265538,-0.1987923608798469,8.514137628134486,-0.9252851005984823,2.912134842868296,0.7169760349502766,forward_head
10.642479791088629,0.24039823518062778,7.017096561481541,-0.6071584698179379,2.3057102031030423,1.1994688867695136,forward_head
19.48649980811869,0.13259123566437533,12.242061385052265,0.7038120046976474,7.150036921231087,0.09754468827570965,forward_head
11.462324534273565,-0.1827629863368011,5.001793392688981,-0.7353452220253707,3.649951393994568,0.1648836409056904,forward_head
12.542489392014815,1.9375473147729616,5.641254602893482,-1.688139163209385,5.65824549731284,0.2403939818105377,forward_head
24.714764110740344,-0.12654602350566785,15.615151006652145,-0.004525814188315946,6.315231827816737,-0.09304911102267667,forward_head
18.65643762270858,-0.5198438476311308,11.811317272706386,-0.16073543695305828,5.041043068470359,-1.2974104053060354,forward_head
18.388596485685902,-0.8806521173292186,9.693306756806084,0.5143458173683702,6.415066546903508,-0.3373395617624865,forward_head
20.094998077335784,-0.178500405534637,11.256180943101155,0.9548909155117629,8.195652970742882,-1.8944496447549188,forward_head
16.815193492910456,-0.91160326286717,7.450071382267089,1.163581458113009,6.136033849782628,-0.15931576209364645,forward_head
8.623728858153884,0.8167059284740097,7.930033767962933,-1.4360873672317314,3.55360021001203,1.7184725119208686,forward_head
10.84031554827261,1.5154195059583808,5.496409568865146,1.1807444163125387,1.6300264865264436,0.17305005135861795,forward_head
17.24463067053803,0.34205221893252363,10.693395819790874,0.07470964180015963,3.5753684252647573,0.8557226279263409,forward_head
19.806410594864204,0.9858080888445862,12.825629754135647,1.0185853778105325,8.84737647244509,0.42358575885060756,forward_head
15.731048538587658,-1.7873242445220847,10.692808076828033,3.194113035902722,5.86689495913281,-0.996610363995452,forward_head
22.734245973078792,-0.6302333952503887,14.167029785616743,-1.0170867711077771,6.577067207681809,-0.2538177084112552,forward_head
18.41293127475999,1.4272199968757966,9.12671056970537,0.6817297440647835,6.87053584951925,-0.5981709473036011,forward_head
10.047245051521312,0.4584006209863996,5.721008603238264,0.3513432132930617,2.7800106193609633,-0.9020343337121619,forward_head
14.366446120380877,-2.191531115745344,7.0144212919374445,-0.5871490377453374,5.874678769902132,1.6312629534211527,forward_head
16.229572031187047,0.3576156314501855,9.165413314994113,1.33514739718308,5.425020496660834,1.1076472850749524,forward_head
20.934624284388352,0.21763688499060538,12.846975056588578,-0.4407632601619627,3.897130705845952,-0.4075873101822278,forward_head
13.55954424431137,-1.6543575475986025,7.098533871699137,2.1462854934567615,5.413677420281003,0.3149710306124252,forward_head
14.357969466403969,0.36428257086629406,9.483122636047279,-0.184533946761765,4.37297846969863,0.913295192677769,forward_head
12.307804869434522,1.2093663358557414,6.308493848859632,-0.23796427539472054,3.194210787833845,-0.3114514165481917,forward_head
30.269569708779994,1.1158772495807519,18.64477158908212,-0.02921333299459492,10.842799512724614,0.9359150364791454,forward_head
13.325602199014913,0.002188838575068013,5.954892146520558,-0.35525415563195023,4.539967761941461,-1.4631680894465036,forward_head
24.90794488918016,1.7324679325747716,14.384136086285793,1.1113299321018764,7.895998335019714,0.09915668936893607,forward_head
26.459543321082926,1.2717918974931615,17.453813402485682,-0.8981445759806964,5.31186719085025,-0.9084912382179043,forward_head
20.174532794861506,-0.7257420676274848,11.056947522958751,-0.8599626294185463,6.331558336850966,-0.1527898403502717,forward_head
22.113367187885018,0.713615847322537,11.833463888455055,-1.033902653163487,9.084507289006117,1.1004088215602774,forward_head
28.06324095877381,0.6647099484873848,14.732803405126555,-0.1575259861911943,5.995010771720392,0.37775971605594366,forward_head
31.35229834726531,-0.13408605891458522,16.060528676706994,0.08884379426899382,5.952175136112321,1.287365601134378,forward_head
25.86354360302972,2.3200971263106402,16.12067754065745,-0.5175139346781814,4.914166551238679,0.9578853663287419,forward_head
11.620823224050406,-0.281735776572649,6.0916353982002995,-0.14613432813642405,3.766066179774751,-0.466479117059201,forward_head
14.492337025436104,-0.2304785091158027,7.935168207329999,-0.23088021825515836,2.265676289190286,0.012498797758136589,forward_head
11.69804918737145,0.9947815291430099,6.845545526575261,0.5811205285926434,4.288805887911714,-1.5880886348806875,forward_head
24.14111077006365,1.65610456629696,14.468958831524471,-0.5193513543416097,6.3300154139890425,0.864011375022602,forward_head
21.967053929676688,-1.061307057577224,13.705372638396346,-0.519364902498496,5.827436334467908,-1.4057867623881772,forward_head
21.190939310897104,1.5019542265975248,10.380866294540095,-0.3185188906119637,7.24715608628858,1.1115435809642757,forward_head
25.13218817250198,-0.8676526878521333,16.880379408694736,-0.1607090850165354,6.9866455873508,1.5439701122825231,forward_head
17.654332945705686,1.0867098596213884,9.318580860901069,-0.5190049977562072,4.327827405652558,-0.6101739036123783,forward_head
15.331643348271449,-0.9672297594060738,8.753462280026337,0.05265216639789087,4.912711876643973,0.9927720192317824,forward_head
18.506172739308532,0.837340619917006,10.460443121572661,1.4254382510144508,4.295306052310511,1.1875660742800382,forward_head
28.281527321228843,0.14952723729929335,14.413059728819725,0.2958134853724619,9.581498576386164,0.923244635158288,forward_head
5.155861345316398,1.5498510941265145,2.3537640322961244,0.5395367938193318,0.3378300992542723,0.6584811012172835,forward_head
16.187998143019197,2.8499101132446305,7.21717928783624,-0.47069434488112283,3.8363313184977628,0.0775276857824352,forward_head
23.296901997453485,0.48113682491216164,15.238432169603081,-0.6425239989032807,5.415579609192607,1.0792143257684104,forward_head
18.70219481327995,-1.0648509643878592,9.943714732884382,-1.8552153489092964,7.145000303649226,-1.4212443811023885,forward_head
20.358488587562814,0.20175438102167767,11.416057839138164,1.8519849699141144,7.774773470181872,0.9607556863021718,forward_head
19.6047980791175,-0.9628144661077321,13.611811352638142,-1.1761351297140208,4.283966796623537,-1.596690888563056,forward_head
15.073846811497733,-0.18570877984766065,9.253285939223094,1.0488737500942702,5.900422221430661,0.15849541034899162,forward_head
16.904234419599916,-0.09283439438927923,10.650347851909178,-0.3819790646840858,6.5060573399953565,0.48443122564427404,forward_head
14.846771645841159,-1.7843331106894198,8.122673715280943,0.5929868954424211,2.4947948091850556,0.4829855311086351,forward_head
21.88949385278279,-0.44670250749754065,10.611399930009469,-0.09025946998938084,5.368995329088886,-1.0513577382515287,forward_head
18.284289795296655,-1.138670268661717,10.983991038034798,-0.5529289673643482,5.313341915059308,0.10595376750041019,forward_head
26.905455911439308,-1.6252401191571937,14.015395919298825,-2.0344401962628647,9.575386135282692,0.5685244649252005,forward_head
15.486371672723156,-0.5588125823098358,8.3597779157439,-0.7992134614280395,6.378402283439341,0.5368813778236036,forward_head
16.302766816595835,-0.13604157098036546,10.480725053917023,0.43433455569136553,3.0472552439125065,1.3543166428856708,forward_head
24.5269922251722,-1.1903472693889288,14.582738768713076,-2.3919070921406353,7.0390439726310134,1.22470671683055,forward_head
20.958810890063003,-0.9777747199837764,11.364247418636413,0.5323551696344795,8.613055107836683,0.7768679333548842,forward_head
16.53700602212778,-0.5955494187343696,10.455081704237195,1.0482697543542812,4.8261495111373245,1.344635610768829,forward_head
20.633631399084564,1.0866180784190358,13.001234687205553,-0.34370136658356853,3.53763469972054,-1.7941180734762907,forward_head
20.553056735400045,0.9708803859929719,11.738440293865638,0.27481945901102384,5.042342427482573,2.4824043706260785,forward_head
20.216893885984582,-1.7025804711026689,10.391819907133687,1.0415310830752298,6.781464836058403,0.39729873651961867,forward_head
13.772464135473268,-0.7102899480556413,6.56777253967589,-0.6432255958575042,3.617363186741304,1.2190053333869801,forward_head
18.42170634201595,-0.8299591085610616,9.285599273552634,-1.852983818686645,3.880091990911699,-3.1442783338090385,forward_head
9.78345493239528,-1.4544076535330133,6.050091298208345,0.3997242866199825,3.46168852656487,-1.9980871708022585,forward_head
19.56909849230104,0.44965279591082613,10.835116974512076,0.2646080122409921,6.422344472004147,-1.0624211533622172,forward_head
19.14410175226254,-0.9929408601065878,10.339900824639994,-2.6289362534760246,5.003396597132963,-0.7972406140807622,forward_head
21.0521830940393,0.43584208997278845,13.621383983057134,0.8031791426761434,6.797797922011189,-1.198128249426842,forward_head
11.638756456073112,0.11328251572792235,5.606359838816871,0.025082250954925948,4.656258366092558,0.7716500383431164,forward_head
29.934625479040857,-0.148975994533765,20.186651309706875,-0.5208387131467078,10.679655174141072,0.14753764639283762,forward_head
9.422067403263373,0.82730060787003,5.996887444692081,0.5361655899369155,2.358778104595044,-1.2426899515590974,forward_head
11.230406377235406,-0.22250853902521125,5.669588742880283,1.3326066274341486,3.057079178388638,0.3850577789693339,forward_head
18.634914799247817,-0.28286945310263745,11.566744342097127,-1.1236055744784486,7.444544834569895,1.4148997329024293,forward_head
27.88919626423312,0.4033412172829182,15.2662263620453,-2.013596139068785,8.8702326267299,0.4976379045117049,forward_head
16.230436076585967,-1.8396567773982435,6.729436897544049,0.15429326294530646,6.07037269379192,-0.12456993712717936,forward_head
16.655784409784296,0.3505902454742964,9.946087427191696,-0.4665110810238395,4.834064560911002,1.9307263766546665,forward_head
15.754499797317061,-0.20442243163980808,9.014421397132784,0.018718020822124367,5.50387192232996,-1.851540529547109,forward_head
18.625552236233176,-0.2597438777781127,8.919542683665842,-0.2219652523462905,6.1366008661494424,-1.7719777041288096,forward_head
13.037136925300006,1.3850010738112473,7.411950622023036,0.6170014623829175,3.989680690852153,1.4672588220571539,forward_head
20.756705755785184,-0.9319699611363667,10.390218460707771,0.31515340164226047,7.077776561204161,-0.294473879009136,forward_head
22.07099714974768,-1.6922164265324677,13.554560018282933,1.0045833079344084,5.239608586259122,-0.33442807481761466,forward_head
27.886294094675634,1.4347268538860753,14.662036383511744,0.7916884755400724,9.490530942995683,0.03503860997250445,forward_head
11.424718823585899,-0.47444630389774506,8.189550578418256,-0.34199607592207854,3.0640635828278704,0.8483002808629213,forward_head
10.808720645744726,-1.3003008780694316,5.151659002726993,1.7128891383239224,1.651391153714108,0.3433237137239416,forward_head
23.358425036332342,-0.25080793644048377,14.68418613702005,-2.038764537309031,5.240648609478201,-1.3930803551320048,forward_head
12.426001670473582,-0.09300349656497776,7.894977114418167,0.5037289854895349,2.8815328595728698,1.3608415255601172,forward_head
13.155082421047846,-0.8016210036948958,8.097147664413269,1.1923122356894893,5.555672218561255,0.36641312686097355,forward_head
10.23506243512603,1.4015722982017054,5.880501468878093,-0.5909968895014516,5.449039180201982,0.8178544346641331,forward_head
28.734776449988768,0.5143854382435239,15.932356664874549,0.8524727556975388,7.191876712159018,-0.5372250764119196,forward_head
9.668752519245805,-0.8482583644996279,5.055629917399159,1.6372693982714377,2.330147870220742,0.8865751214099507,forward_head
20.445064651187757,-0.8682666770777586,11.381029069793499,0.5438933930558608,5.286568933702653,-2.1325118168743438,forward_head
18.629656439893942,0.4853555875210163,9.38342998769156,-0.35478888535830716,6.7748310937051475,-0.317402947441797,forward_head
17.670098258817198,1.241454092208404,12.515823782670367,-0.761337354180956,3.600268313100992,0.43358841480835164,forward_head
28.063608168465883,-2.9419601033967555,16.15668866692281,0.27314087271248416,6.962927420898094,0.9091442583228047,forward_head
16.026813307112487,-2.1725754968391278,10.597597173690662,1.0243518240258673,3.530014047791645,-0.43004730943682384,forward_head
9.667591574551837,0.902494095480258,5.112489881448341,-0.09754102041958776,3.690094115584148,-1.6834300616047722,forward_head
22.614380926000372,-0.9763056589889721,10.991373965849972,-1.738565291116909,4.431855299719332,0.5787231339380876,forward_head
22.37859071711142,-0.6296532252471642,13.583284377067958,-1.035103795099007,7.633515656686218,0.23087722414578546,forward_head
20.160881359878317,-0.37354142897132825,12.818364311677476,0.682488649218257,3.115995501745901,1.0682930500242194,forward_head
15.059929409827344,0.9352190879164576,7.297285040425093,-0.5503937633348214,4.509125910925767,-1.346270630506303,forward_head
15.353493388426726,-0.11007881552339607,7.512475980231869,0.08641506206427763,5.194899428376895,-0.24714184794344227,forward_head
10.411469352094676,-0.25351595031133584,7.112391987172043,-0.491550369370723,3.0398599730311324,0.0979573087853525,forward_head
13.004381194922152,-0.9778538523582492,6.44192225660777,1.3173727907437596,4.67257034060781,0.32993129642299845,forward_head
12.703207867950812,-1.631125200422649,8.372802380736326,0.810105075195573,3.056188525740356,-0.29446581224180846,forward_head
12.793496990950338,-1.4563679052912988,7.353010905294136,-2.2017507408057657,3.5877589262885206,2.067545848368871,forward_head
14.956897227978931,0.9972353978442253,8.938505841182623,-0.7373486738811725,4.99310664067752,-0.1951389695300325,forward_head
10.134534005376569,-0.07532570787425391,5.134422113254403,1.154396360473183,2.035727574779657,-0.9219853760606168,forward_head
10.801334914083315,0.51131344255462,5.473475027158342,0.41579278991161656,3.0428733638812786,0.12033599087264647,forward_head
18.4243982059407,1.0713149515241247,9.130829275034934,-0.7815436800837624,4.4615760077086435,0.3976461337784692,forward_head
18.35984140291348,0.8476351509467382,12.199804899121347,-0.22909620535408642,5.229139165945294,0.6283049515740762,forward_head
12.511487278465147,-2.529069439813298,5.462442460107861,1.3682216542852341,5.751799357461675,-0.12539670945567785,forward_head
23.88525991635862,-0.8115924070431447,13.015023813353935,-0.804843031969158,5.602798310906155,0.05396485828805174,forward_head
16.709383149603447,-1.1677145456703626,7.708418062455696,-1.1161715505145098,6.074033480448346,0.800335934063959,forward_head
11.621365920221226,0.04768584697758785,5.912756231798991,1.648739243678899,2.395787271340823,-0.7130135990806052,forward_head
12.945441254273689,0.5431307360358216,6.933905490217915,-0.3170187892388608,2.7312344306066274,1.052706099947102,forward_head
6.8125403481049895,0.7247823997254778,2.5948843296074946,-0.9067178551171501,2.7475335703007735,1.3621870179657956,forward_head
15.337701763123434,-0.011649856043324549,10.192625608107678,0.7089046821663387,3.7913047934005135,0.7533189936724132,forward_head
7.250243414319993,0.7816825549610854,4.272647429836114,-0.10436209011388947,2.459642418479576,-0.5116119436119678,forward_head
12.827283397612304,-0.7154073971312489,8.317336864919612,-1.6321236251461286,4.299483305315017,1.2128191242209372,forward_head
9.722200969286376,-1.9384602043805272,5.076825340390752,0.44311027945713893,1.4859999790454985,-0.8023557643082647,forward_head
18.808107502092987,0.7504769355055728,12.23736376458278,1.6392551883534265,5.89535815324935,-0.6778698540453537,forward_head
20.147954984419847,-1.1448298012715064,12.63541078490046,-1.6251830965448946,5.362949479786666,0.08185194706902679,forward_head
19.966343334346735,-0.47447250663708584,10.80457351410972,-1.1276438744213915,4.628573587549342,0.5227100109088307,forward_head
23.573848388462867,0.34593473377043815,12.510464411101298,-0.31957681141648847,5.468382610233175,0.9876888928664228,forward_head
24.76744333963812,1.8731991120617244,13.687691263780268,0.2860559027718018,5.797361161850835,0.5636273540849269,forward_head
13.024328394368537,-2.0599218750866384,6.021874899888589,0.01781666860025126,4.217111247285922,-0.32332357365486736,forward_head
8.704845469324757,-0.5611176788112657,4.35525830263203,0.3765250952542864,1.7121919854046186,-2.3136497467663433,forward_head
12.958515381512635,-0.633122761881826,8.733551179608455,-1.2796574219664776,4.1825329315790025,0.09251915580063733,forward_head
7.362469872992378,-1.7202514982437282,5.1752438796629585,-0.42601509129335396,3.6611944420335725,-1.0545515934902403,forward_head
14.526880229220028,-1.2460687893350504,7.497953441006052,-0.6421501120706438,3.9111197221114207,0.0822303690083634,forward_head
10.412287950157886,-1.6765702898323906,8.737988099150813,-2.161284442424959,4.806839632933894,-0.01511942112608886,forward_head
16.261341265855126,0.1072117418436901,8.080320601858357,1.9613102346783406,4.042402122878117,1.05445598039442,forward_head
16.878605835374973,-1.1264824370528022,9.479034733810051,1.0889724875547564,6.5133162055762455,-1.5079846145569353,forward_head
10.75140337565549,0.8222040289780973,6.717230196770614,0.3815092334728212,4.093259151896099,1.0087737021684537,forward_head
15.722139422613424,0.22090890829718723,10.463418800671185,1.521719806377969,6.038761331322828,-1.5882623793296398,forward_head
16.94665657782801,-0.7255070899891914,8.875715649346047,-1.120426291160333,7.410400855322165,-1.493597861677028,forward_head
14.28545024552695,1.7898248890632766,9.79938488758158,1.070619711492506,2.7780894431144505,0.8905258151961505,forward_head
12.044085160691893,1.1344650198375725,8.27493287330751,1.4376967984251692,0.31790099600702293,-1.9223976891394958,forward_head
16.058857042965755,-1.4697622617666977,9.116894320877476,1.1092719494831613,4.0762173902097,0.03742839494154261,forward_head
13.562367015984687,0.44715994150187827,8.552374755594302,0.3246453781695561,4.398941734338536,2.1756980708977207,forward_head
24.187297138225645,-0.7596152920167564,14.874101754364474,1.2549057185782544,7.965081596371018,-0.6793306129124438,forward_head
14.334763271554152,0.22313500040524015,9.316985622206571,1.4068232540641257,6.283483146854444,0.8431954408253333,forward_head
28.260131434241032,0.6801709228188083,14.496218255546435,1.6975673782915475,9.81300374304101,1.1384582309788087,forward_head
21.71818893583702,-1.0302121904690704,13.357651116882733,-0.06900390545396595,6.080417013586496,0.23804224114451678,forward_head
27.6049794448242,-0.465104869267663,17.604732353002504,1.0385981425482258,9.493855131561205,2.0834189654424082,forward_head
18.50022531996888,0.17428988363319284,11.323795817954483,-0.6320223891350616,4.8980280371982765,-1.0513473341613124,forward_head
16.776477377974548,1.2902056622221343,10.571850946149816,2.6435900437015274,3.8616273153029463,-1.3649837583667803,forward_head
14.928853676677097,-0.6935078246193481,10.212781423346026,0.13095182563849828,5.456037955187003,-0.2917123730360456,forward_head
9.130085037136302,0.023422503616317456,5.0116625513373405,0.8439724220690917,2.8060981422970355,-1.6508225782150414,forward_head
8.625397637801408,0.8552997661236833,4.418347568669694,-0.9675933293266166,1.2137564228572306,0.07442124257950822,forward_head
18.001386939736207,-0.534549124497632,8.137384077692396,0.04141496726291841,4.14471041726006,-0.1280002286491719,forward_head
7.332664301823602,-0.12100855311228347,4.089939037125802,0.1178831615157217,1.7602074739894602,0.13341771483217235,forward_head
9.55642690303415,-0.010644529131924967,5.652627898552122,-0.5345125416408528,2.9015152834634406,0.9098783683573577,forward_head
8.945991356731785,2.5970569234179504,5.45826082990658,-0.46559277186584397,2.813928919692754,1.5219983264698578,forward_head
12.294480907962413,0.21981101760077626,9.34722992851456,-1.9076687333940698,2.138525489647485,-0.6898871145845785,forward_head
11.402177923282622,0.1182742665575083,7.008880625854969,0.1157200391085062,5.301844100332744,-0.3645498814998908,forward_head
15.904387710579996,1.0592211138917633,8.815006112112366,0.03417446826592635,5.1822937753957925,0.49703826433337817,forward_head
20.20459780588155,-0.27947960369099667,13.92951861639803,0.06977804831612562,5.851345156226641,-2.71345006600244,forward_head
21.692820958099958,-0.7443811738951007,12.572042031942342,-1.660113110520083,4.471441818991373,0.12021134455424821,forward_head
16.310734686217366,0.07741886418705037,8.782121462442722,1.2693085568560392,7.263675712823867,0.10745037393115874,forward_head
18.559112625294436,-1.2227910348216389,10.385965032259602,0.6116630973328852,6.111501972453314,-2.461081240815044,forward_head
22.44564539621102,1.6288510871006223,13.673925537154425,-0.4559843784961935,8.024115622910864,1.2962301310840991,forward_head
8.445073252379053,1.0191306313515263,6.3592229413802235,0.20089287136943582,2.2270188805059785,0.9775379991143565,forward_head
12.162174454369428,0.5673559549675596,5.692376234173317,0.8905672479908953,3.8115057584119842,-1.4810736155072102,forward_head
22.109050449863382,-1.117671768557983,16.25979039046586,-0.6046915342351815,6.901504735794873,0.12302912294501367,forward_head
27.536256414259437,-0.5438067263885337,14.013134788753872,1.2594040821401737,8.216026112251127,-0.9617934202952142,forward_head
22.506210597276088,0.028789666065523495,11.384391709788233,-0.29191903278941306,7.3383569343793935,0.02306154499436212,forward_head
19.18120855721338,-0.15879631062085198,12.924150010662595,0.08626098503503905,5.933823033274095,0.8300661987653298,forward_head
14.4282143770102,1.321020604175881,8.19757245954448,-0.3352609729506816,1.6695306919095003,-0.8309021232640711,forward_head
14.572818044778607,-0.22788763877573082,9.791161778350885,1.3624813090151702,3.8091141254949137,-0.6392521740644196,forward_head
11.324818984465924,0.8011608094885971,7.404704321027265,0.2077498457770288,3.154583368927656,-1.6214573800287169,forward_head
10.38734436634335,0.20084976553684686,5.511626684460648,-1.282918521803788,3.108429138937523,1.722508360589718,forward_head
19.84062400363984,0.4286558641991673,9.75498536658281,0.5938469735025503,4.753439708077471,-1.0949610973837518,forward_head
15.950711472987948,-0.37736537250023305,10.766935667270271,-0.3272459913061339,4.683419623654541,-0.2689913319708908,forward_head
22.02660877881485,0.1956490438371244,11.79328589308002,1.9367588468713184,7.37555494484241,-1.0750158254617792,forward_head
14.08843890639711,-0.9547170494008557,7.988247182394994,1.0525132118455167,3.614285286114109,1.8372246552911933,forward_head
15.596971669455348,0.26338057184427627,9.253110043132287,-0.05286362775736914,3.341909425802973,-1.6783963634077896,forward_head
17.9662592130574,-0.04793974648888879,8.896597831231269,0.15631879354183395,4.557304263443339,1.0397316593093813,forward_head
6.528720950273884,1.6455666188856775,3.080776905436053,0.6458853786022798,1.0252843465746682,-0.8622480557958428,forward_head
27.10278929344608,0.3378857737455036,16.971139714612505,-0.6603476205414232,9.77765149056721,-1.4061356144194974,forward_head
10.512379359523976,-1.5911357272279794,6.152248873988084,-1.2559761724924055,4.580164926771799,-1.5022911704516722,forward_head
9.576449928703036,-0.27682043829981834,3.574550101802426,0.3223857072421493,4.466414196682177,1.6089465542645496,forward_head
5.994261207553903,-1.2799748226221266,2.5847849768357105,0.17555194736688445,1.844703164697132,-0.16545020423262807,forward_head
21.644315838784177,0.48558661977695394,11.812275383178177,0.4331010555348511,5.083707470269158,0.958335964673947,forward_head
17.18502408721135,0.4610397477795232,8.122452068220625,1.3218990483889441,4.347643776794173,0.4635509298764834,forward_head
25.667391763532205,0.22414417353623167,15.445904399600082,0.10158568745443855,7.358631319288476,2.0738009563922333,forward_head
6.217023554961429,0.23151024999107297,2.8620564913317343,-0.508181626400622,2.538985604936689,-0.1935947847463612,forward_head
19.5664050839831,0.41424455151883915,11.335111109040762,2.59430905417048,9.521433149975083,0.007942851054765167,forward_head
18.047010572917277,-0.019787523053906828,9.838274773620249,-1.2838923858820874,4.296190014878246,0.9526838891405391,forward_head
10.581489226158382,-0.42790650196898455,5.458481995845581,0.018584691447410054,1.600855984606429,0.07303534673691142,forward_head
17.434231654041948,0.3163211476539077,9.208744303855033,-0.9130967795872705,7.189801853562131,-0.9533635245936892,forward_head
28.165020245748437,-1.3161191210043435,16.35431157815099,1.4604482464256126,6.634997477231253,-0.8320655786849529,forward_head
12.486402513135925,0.19670787778501433,5.725927391354206,2.212361166384741,3.2126899576456753,0.33833088456937405,forward_head
18.352571138767537,-0.8846925766646532,9.604944073455965,0.6389916077370266,5.4869711981228315,-0.9056897494294388,forward_head
24.750620961725037,-0.14632084991265276,14.641851935042736,0.26458401339095916,7.814271979467727,1.296659900457594,forward_head
20.15780804566291,-0.156933388964853,10.130577939195168,-0.40568252590812526,7.730936347447758,-0.5444974928792907,forward_head
17.27870839764113,0.11754908185645202,7.763684802916266,0.12850727574416854,7.089506553705158,-0.9567603955221031,forward_head
9.25761026827352,-0.34913191294590834,6.136246105781769,5.966031479936288e-05,2.860121151917966,-0.5228859643434393,forward_head
8.551446071735821,0.5749246001730537,4.86345512731298,-0.18069568720060833,2.9564451859276155,-0.8914041295226098,forward_head
20.895091429923465,0.09691542582400421,12.088263180119196,1.788693455907879,6.818886415620396,0.20754195323858682,forward_head
22.647295766749,0.9414130463608535,14.437581419492687,0.9457797784838078,4.525873194140674,1.3453360563845695,forward_head
18.123096050484566,-0.6680213214393088,9.638761749683702,0.25380983238540705,6.112075697620189,0.4354466957701263,forward_head
5.266521494023793,0.7647753281923031,2.622600578187554,0.2545078956414745,1.9082793728543892,-0.3379563382692408,forward_head
11.60504204357518,-0.5287223799562679,7.508878042001417,1.3271606187117466,3.033022256875731,-0.14960366028906877,forward_head
18.244328150991322,0.20090241953917132,9.753332297367724,-0.7602746372439191,4.867415860597171,1.3445702691119925,forward_head
16.51636266406643,0.07157591749660351,9.153749604973294,0.016443181176083798,5.984660898122137,0.12203731427845638,forward_head
10.521740235902984,1.2168888293690645,8.134976490337014,-0.2547761837176644,3.907387445578688,0.4859620056538132,forward_head
15.03237883456829,0.9548749604128361,9.604919698937076,-0.17730012809497506,3.9694580112105733,-0.5907541536684939,forward_head
13.263809960565998,1.7980933362835922,8.718126374917581,-0.2513646905553829,4.93946117415178,0.5369986846167689,forward_head
28.67925342845725,1.5817053985985494,17.829150314851525,0.3492578834689699,11.567472485594676,-0.9521555292333761,forward_head
14.399496641987174,-0.15514462246379654,7.5668221780132825,0.5741142031750626,0.846022590211216,1.564909816238187,forward_head
30.56687141571628,0.011829229916608846,15.259547957636133,-1.1730671733134628,6.8317620153502325,-0.8591838057305043,forward_head
10.603433768312453,-0.23595072491327204,5.310168859675662,0.1281981680792711,3.4092336528139953,0.6552505353230563,forward_head
15.888117675244976,0.9366898142962607,10.515985629755175,-0.7890100790846751,5.60410580918879,-1.3601624718591159,forward_head
12.201994122841208,0.14639611945987482,7.788615909238204,-0.2625537947494635,3.38516148152528,0.6590490986786779,forward_head
27.433716058256266,0.2940145156699229,17.653850148193758,-0.59795124838871,11.449809768880446,-0.3248713734957677,forward_head
25.097257301339848,-0.5685797556005794,17.768322077789023,0.2101750218810304,8.75900603112057,-1.0928726023996012,forward_head
18.256579745458552,-0.00614990229818735,9.168497657367784,-1.7472655818140859,4.97218165498572,0.07664734216989405,forward_head
19.437275008657352,-1.2159867441220573,12.6295298279712,-0.9264661603693216,5.796674794907258,1.6583932166460096,forward_head
5.53546559310759,0.22232773528070054,2.865178335445972,-0.09976072984883243,2.3144738300665892,0.4978729550719066,forward_head
8.594215533759758,-0.08398617879017221,3.7595892186584687,0.7844407996313543,2.40076713743275,0.44404776522676526,forward_head
9.729919881204504,0.1470199673656063,5.5615920598560615,0.7951054697391086,2.0091438382790914,0.15614601102265047,forward_head
7.419216103840424,0.9517607759557869,4.09355662279328,-0.37395018631353477,2.038944866329591,1.9246087107499246,forward_head
11.320792431765328,-1.0075254326431675,5.488767135374882,-0.31956396733459363,2.4148670161195316,0.5542950905859657,forward_head
11.206960623321512,-0.7526506882339549,6.321180896307178,2.005027805824883,2.992568712274591,0.42086226432280377,forward_head
27.52599552161879,-1.100374374096439,17.910620279521495,-0.33831451213405406,6.341443657442974,-0.4179472717280211,forward_head
25.0659471298841,-1.5164507204921513,14.610936167288402,1.1417678905208277,9.337182544651828,-0.06064215415663978,forward_head
19.90059679448179,-0.042428591416528307,13.92938811321153,0.683531356112129,5.442415991562154,-0.9796938708042252,forward_head
18.62676785722939,-1.1515859491311302,10.089007590816381,0.5242244251503546,4.047505957921168,2.4450283292820028,forward_head
10.919967952167136,-0.21508699868077033,7.520484678828054,0.7955094211041225,2.3680059436774488,-0.5182497855830692,forward_head
10.61635084718587,-1.3258256799506374,5.411294624051081,-2.084882470623503,1.3231107788969751,0.5447479543009813,forward_head
8.869976221873364,0.5684452303945425,5.835940245226405,-0.060972591081720436,3.456066800951249,1.3897890257094738,forward_head
11.076988516114525,0.5573875662729886,6.227416171179855,-0.2464241632122124,2.993568045580379,1.2041230159607017,forward_head
20.313105252633726,0.7106714500829792,13.112071231441362,0.7404370402196274,4.573037680595208,-0.7761390590259813,forward_head
16.371709996913612,-0.11591298369925847,9.859274146995872,2.226249219280814,3.7903270730865963,-1.6575738072110784,forward_head
26.49454712396566,-0.8977784353491998,15.070875439779233,-1.0296965428063078,5.61731608739296,-1.0573321106812774,forward_head
11.100026430799623,-0.12766508317943828,5.583439403269933,-0.256621724442736,4.189804216856323,-0.5913917859753587,forward_head
14.274193513944894,-0.38310574347449716,8.898936647473793,-1.047914896907155,2.578539978159651,-2.732144353758095,forward_head
24.557587859244855,1.231668706362211,12.164932179842243,0.015923309097887136,6.05662731623048,-0.2606704163180084,forward_head
20.780546026367162,-0.36699359739575294,11.119974843076196,0.12446759535877265,6.227506419594413,-1.5757772742614202,forward_head
25.292171074864598,0.33744628586367736,14.356795241915632,-0.2402652352704677,6.342319266208814,-0.5245116033757363,forward_head
22.52613114830225,-0.15982652660411203,9.596149375587741,0.7523365225176418,6.977915791421165,0.9725467480996155,forward_head
20.677311189864888,-1.0709135146019655,13.246721522458166,-0.9660165850307637,8.552355460067403,0.48766778886862944,forward_head
11.774819143054257,2.1199973005197816,5.723280008825581,0.9499150319245797,2.770033347947661,-1.4283968900218282,forward_head
12.20941424653544,-0.7070668198069945,7.043915315404405,1.367836103116689,1.6733338067176247,-1.1560316711632221,forward_head
22.516729812746405,0.5454678415823476,12.443190861694164,-0.6896531100869644,5.969196643399585,-0.47575889366013313,forward_head
16.350716897946903,-1.4255468150562884,10.427015256795972,-0.5022754140960968,2.466128333156577,-1.1082243489212928,forward_head
15.999689157610018,-0.824413482814038,10.266696273652075,0.962329141789661,5.571430724232648,-1.1303918518625922,forward_head
13.991533429775702,0.5132930757387072,8.896801258355978,-0.14992756529550885,2.889081852075059,0.003774190137792517,forward_head
30.13462366540847,0.6003308625751959,19.310906337930824,-0.3481447998710252,7.491109503237733,-0.5891537683339629,forward_head
11.610667219793335,-1.4187874518068497,7.45358735211341,0.7199366252856817,4.2162771807088255,0.5593831800215376,forward_head
20.221706809184937,0.05998944466124067,12.000751969746354,-0.03507639934477235,4.312496089557628,-0.016887419141128585,forward_head
7.90446963614856,1.5249878734917528,7.380640599599342,-0.006423587159099665,3.894846314986565,-0.5359166130054689,forward_head
11.055690316779208,-2.067054363887692,7.040814024570955,1.0395784311908218,3.0581745125261977,-0.5936603250493109,forward_head
21.68631645551849,2.7066381624293805,13.773750579468905,-0.4823880845045114,7.403709386986198,0.09857525793185155,forward_head
15.097969377008443,0.5170918451880218,10.03339367906109,-0.9646302268408281,6.160036134026728,-0.16253483902999935,forward_head
22.591321571334944,-0.9282797573647026,12.58035429219864,1.2848959530571964,4.53097042448587,1.4181646353252808,forward_head
11.339225651584435,1.6245994729229258,5.893004435606929,-0.36510893075354317,1.0421996074969937,0.6309155831841096,forward_head
18.300320786928175,0.8134382728697722,12.220073245903848,-0.06699501701671626,4.2322505025843835,-0.725168207032609,forward_head
26.058498815455433,-1.0551206101437107,17.530810289667368,-1.8221540963421594,7.764815071007783,0.2554086976210555,forward_head
14.605997812828997,1.4472480619506298,8.857684605197834,-0.37329771186947686,3.4870983753398916,0.003769619172482887,forward_head
4.767678053504567,0.17467646538246473,3.0668043171023154,-1.0791219684386872,0.7290757865300701,1.4701232379749254,forward_head
22.99866839225542,-1.2930694951427446,12.538695314600554,2.839901260722455,6.674887509663992,2.376707858635963,forward_head
31.569773441043967,1.5748448559478059,18.815415070201713,-1.4420914837876935,11.965122186896822,0.649544239899424,forward_head
13.283596737840732,-0.26919584595197615,7.776462852985803,-2.738163632801639,4.167170402913186,-0.9948629863343593,forward_head
15.943700827843404,-1.3177544594559927,9.07078258063045,-1.8318135249964222,5.448573010074098,-1.0705445200023553,forward_head
13.239258869649566,-0.13488237472940393,7.554521812147097,-1.294494191536039,2.520988617859553,-2.690014217679281,forward_head
10.499666377641137,1.4380940265838102,6.30414601372261,-2.202371464153163,2.600757327151442,-0.7104069801952712,forward_head
14.813825533626218,-1.6634050450515812,7.200546115266521,-1.455590836388065,5.0006692219886375,-1.0880096040297595,forward_head
16.216007172670967,-0.013213011738120095,7.5904306646159565,-0.5771893520364989,3.3621832213958807,1.6356833167035916,forward_head
21.28544621245122,0.8503137006877224,11.840382498274458,-0.6137829542869748,5.482982663825031,-0.18433964009166845,forward_head
15.516927190897514,0.04875567624080793,7.079565395537418,0.5050735424839965,4.394085981838524,-0.5116635691142618,forward_head
17.703517919417852,0.15887380903994716,10.373589050260037,1.1784382829719777,3.86153781320753,-0.8207079482469287,forward_head
8.304837306610025,-1.3640697116261276,5.1563995132324685,-2.8927735952945857,1.2408891207443318,-0.7439864277458037,forward_head
10.293939489092502,1.3093999081854253,4.056491166772107,0.19973684974030312,3.7539657259047656,0.9648698929164248,forward_head
11.600293864745588,-1.373687531423218,6.850646187842668,-0.3728533801166094,3.1407274494611075,-0.35613634636130276,forward_head
20.78568889857469,2.568718911403891,11.29191629101904,0.09281105245080006,6.408947298357413,-0.24343757504810626,forward_head
11.246622858921707,1.9941908811408198,6.131366818509142,0.13917068759543724,2.225709254272738,1.8364591293535169,forward_head
6.0257394822278245,-0.6134190871091123,1.1876391407568467,-1.2964876886774521,1.457051112988572,0.4871980388649271,forward_head
23.483154305334974,-0.9224898960250193,12.81747865162413,0.09925351338194299,5.479111825474688,-0.04949322329415194,forward_head
18.226996090581963,1.3698606927977426,9.02237607757151,-0.6126944163091785,7.415192149278273,-0.1544828295146864,forward_head
14.330418210438534,-1.8903727181120946,7.739258957822545,0.47996367639999177,4.9125021931951025,0.21836715275837026,forward_head
20.403583326608413,-1.8169151683751765,8.648309886182798,0.5480177509051181,6.168170104761084,-1.1347257966615762,forward_head
12.760734860905004,-0.48845806160538263,7.200964225072477,0.059446096827053596,5.129026126429494,1.7740513115836463,forward_head
20.01992371112226,-0.10513280494133308,12.841663287169201,0.8695825042090402,4.074471759677161,-0.2119832239834745,forward_head
19.33430407765819,-0.49815954390344386,10.226998204122024,0.7941792521316359,7.422312025328709,1.5928951180337838,forward_head
11.75027941657667,0.3190324832728446,7.433970542820313,0.06906984644858236,3.476616222022545,-0.5924779735874447,forward_head
16.286752571854567,0.29246872408210145,9.03519434300683,-0.5798430102169342,4.486725981018416,-0.39633616304399405,forward_head
18.594538684151914,0.31636260671979444,9.692613081013558,-0.6471775393842819,5.8856372647712645,-1.2813665006143202,forward_head
8.428787218104523,0.35990463625299535,5.631936268213058,-0.3991222083167942,1.4473590321728165,-1.1117706139694068,forward_head
20.02843586658146,0.3686745572019048,12.90704867147936,0.5763534464782991,5.564744850119996,-1.707846798634213,forward_head
12.750582718030003,-1.6850626815730774,7.4836895446774,0.00814197179558453,3.5164910588694647,-0.755701650743484,forward_head
24.398513245932367,0.5717141676427112,13.5283174947967,-0.6322311107151302,8.809806784608385,1.3360854925019234,forward_head
21.08190143838413,-0.2917808305651609,12.031443122264164,0.32189665196012235,4.22298384651214,1.3283449199422235,forward_head
17.705769382727404,0.9128182032765721,9.861873877792412,0.4322508018523881,5.984519897002334,0.0850634020344228,forward_head
15.568311637677004,-0.3032581422036837,8.45185042834864,0.42538421837024615,6.434797964214089,0.10861005540948782,forward_head
24.542717852577162,-0.5561646547230115,12.482643464188433,1.3908548299786019,9.337169302251167,1.2043863683409952,forward_head
18.996841197629717,1.3414697182460524,12.439412886241607,-0.04367853416627683,4.76183539903337,-0.29429766102085086,forward_head
18.087532565640505,-0.44825010764116574,10.157274004412407,0.9492330228446778,7.009386873253969,1.0754886823617889,forward_head
12.151612323743603,-0.5681755648781108,5.915193615955622,-1.2149656965480533,4.6283394642306845,1.829516881360105,forward_head
15.54651550141917,0.5918259056673477,8.970079594596882,-1.9417240937816695,4.5336859315385585,-1.0667623993128017,forward_head
25.531061349009427,0.20853349661042686,13.681179768007528,0.13769032047656535,9.51024254757591,-1.5290347961045463,forward_head
11.901962402662585,1.1155591605019877,6.50172291999423,0.30552155251352986,4.082585766466879,-1.2133455694328756,forward_head
23.598476102338626,2.5437486836594903,13.162344020360049,2.391082296281602,2.072487302833558,-0.6460636251509637,forward_head
17.640965153222385,-0.9454366311105781,11.142814631284738,-0.6447186985936608,4.361144262834837,1.3110109083758432,forward_head
25.547402423300827,0.35144061284255557,14.592571204224514,1.827857105803041,8.877738337078135,1.0767014558340882,forward_head
24.463580785473898,0.1634560608125362,13.031190466363272,2.1891572713203273,6.255265719332343,-0.08502849876527951,forward_head
14.153410630426189,0.7272560090411614,9.225095444099031,0.47999876545701065,4.355208072218641,-0.11481165003146183,forward_head
21.599206395372928,-1.2767361802263582,14.342333930405399,-0.5606861442092855,4.946356151903202,-0.28470603951550644,forward_head
13.725672325582261,-1.898069044992017,8.062229061389287,1.3862099082935426,5.6580288396083365,1.0435827024561908,forward_head
15.154913664434131,0.4637610833984914,10.258457783129362,0.3566739347810464,4.564581873036595,0.9043584680218593,forward_head
13.732174714908577,-1.3282741364019819,6.881386764575464,-0.24477565107712476,4.694829630426051,-0.42082195673435774,forward_head
27.673331138816962,-0.09595606397085749,15.795165095861531,2.3254995178573656,6.812071609721304,0.8685687610143468,forward_head
12.129208512988061,0.782038463187061,6.710697705135704,2.7320010122004623,5.422172556290709,0.40932064696134507,forward_head
9.85548454691661,-0.4263786020860245,4.110950769359615,-1.022668943563943,3.1195693120996575,-1.2054713120154232,forward_head
20.638129604451823,-0.21271506618613,11.479712347745458,3.1933317677722908,6.601127143494448,1.2710897247567303,forward_head
22.8274824624874,-0.15464106781515494,15.850123545297182,1.615056207373931,3.80780447069127,0.6365718942295442,forward_head
23.34726276400666,0.9407341292442191,11.571620028395886,-0.4432458932393108,4.036547274385559,1.7050214760808142,forward_head
14.64789932546705,0.3739697419711484,7.4620782399198,-0.06719610784819272,2.2828762731617918,-0.26796861289982327,forward_head
20.87229760485468,1.6339865783723841,11.348772943623965,-0.14779970003789258,6.777335733713474,0.749324737331456,forward_head
25.89797902472235,1.4864098861574555,17.306636879979052,-2.736491742541911,9.005921243938236,0.48753045160816194,forward_head
12.818184324533544,-0.849838879155411,7.960382445401026,-1.1772916564074276,2.4440112965302223,0.9197600234533989,forward_head
20.755214564665046,1.2234686078002708,11.637943542923994,0.5379954851673818,6.458848883835603,-0.8592656997031094,forward_head
13.703141496024319,-0.29608476199381467,6.4519111493537284,2.2026948134163713,5.852264343407585,0.05001169665758991,forward_head
16.27276702028677,0.5874745990105207,9.496877173879657,-0.46080051711190423,5.284683243295663,-0.5336836175866589,forward_head
20.005396235178104,-0.2922505046030728,12.196587685575457,-2.0366737964895223,5.659220167470643,-1.363358768063648,forward_head
12.01863040345773,1.4727731160981108,6.518642473784031,0.8012316786573992,4.498731939527747,-0.8350706980626185,forward_head
21.270775866499942,-0.8439938691413895,11.885728018063263,-0.5222812727784418,7.531661728808967,-0.9150726981964098,forward_head
21.043807408220978,0.9333009595926393,11.229452836611669,0.3341534868450049,5.450099776763822,-0.7651103743704749,forward_head
17.666765082669798,0.4873488115636411,8.544337569806528,1.1498329374756213,4.317323808765454,-0.2614140391266537,forward_head
9.762381059538907,-1.043709649779667,5.422559072011099,-0.042154511436880614,2.994338284019538,0.05465703777703852,forward_head
21.33044084992608,0.9321582167956708,11.512904912104712,-1.342281619972122,3.110208179362858,-0.41334067423862786,forward_head
21.41453534853413,1.153925984678248,13.1896512852715,-0.33582914065170405,6.716165424434716,-0.049550959426929435,forward_head
10.86076873333237,0.872738209086003,5.962349343200555,-1.0250921989017965,3.8218019809342407,1.8974566799162338,forward_head
21.509071082448607,-0.47200840906082286,14.138176093213904,0.8421951003940317,4.835082788901986,-0.3749041976353263,forward_head
26.299079632006706,-0.992424190209385,13.805628898456579,-0.22193184177487155,8.89396029534746,-0.30768213470835487,forward_head
28.715713824662288,-0.6578821577803282,15.620874173343806,2.356229676921831,6.039752253673049,-0.07351020362553724,forward_head
25.915218372992285,-1.0089634056224994,14.065925831407979,1.0941062588846628,7.420672058245253,0.25685930931113,forward_head
17.4014582914763,0.8415636565515608,9.903226975008195,2.013603235707255,4.953474196307198,-0.2316126812433252,forward_head
10.904416523003608,-0.888254143428364,6.470744079541446,0.4974070453262048,2.128248718980877,-0.32090113253490593,forward_head
17.57589671638343,1.3081598876325893,10.04479218793732,-0.9937427441033627,3.871151381409691,1.3615553518942063,forward_head
22.614383620173484,-2.2891605720607906,14.328367204062348,0.6353243757517041,6.95581190540989,-0.12584768295650525,forward_head
20.1033478301357,1.845529784354194,11.565581006220048,-0.5307920318770276,5.813445851775119,-1.4098032082421088,forward_head
17.80446772098037,-1.5125012508081248,8.408567712898154,0.3796720617187228,4.791075790090293,-0.6072436454295584,forward_head
13.159905545218122,-0.7975563526703294,6.706697517519471,2.6909813222624233,4.079146562725837,1.345760419128417,forward_head
20.95543657092389,-0.6835703361407006,10.099460108689422,0.175538700702276,6.6253330366655705,-1.1239428187509333,forward_head
20.162201920816337,0.5394733446716398,12.52794124928202,-0.13139642975330676,4.8892382405984565,-2.17136716488981,forward_head
17.59501007522021,2.1318488129376805,8.547038050229393,1.1848116572482787,4.802488038881267,1.739490415166647,forward_head
18.873952568440284,-0.2234428352466449,9.026409558376686,0.34191848039336337,7.516966672458217,0.5077401550042168,forward_head
19.883175542756703,0.053765219797950195,11.370805001257498,-0.10098783937265193,6.6428626880768,-0.8957437147559564,forward_head
10.07553212883589,-0.15701573561698962,8.315967526358339,-0.4801988804003396,1.4296443364156028,0.1392473284446283,forward_head
10.038395446169925,-0.042389385066994544,6.977107553596431,-0.36654777489228385,2.623875594924843,0.8717260375608625,forward_head
13.526247324066182,-0.03533041609632876,6.231854036771173,-1.0074782162030342,3.694994905083514,0.21583121461716778,forward_head
19.181673656899992,0.6782752741611453,10.683185025587008,-2.0648740844168674,5.132325041330131,-1.4713761250542459,forward_head
17.7595148487258,0.5563557835948522,10.039208871476227,1.1699411321155897,5.265235803298731,-0.7124303201431025,forward_head
25.12227721207655,0.23915444977654238,13.960469900455662,1.313067161897664,9.685652239797047,-1.205927371338456,forward_head
8.545606383253546,-0.9139045274992471,5.465905209283693,-0.9821111526085611,1.7109688811050425,0.6442348578885793,forward_head
9.726819239467758,-0.3629211220539318,6.190952845799843,0.5876527707123368,4.454440975172398,-3.043403458318038,forward_head
12.14100091173158,-1.219861857501173,4.953321088324005,2.1965883290999906,2.4929598788683367,-0.41133218221658546,forward_head
19.272201018061537,-0.2584826484963506,11.887681702969779,-1.0332000157768038,7.159583017578153,-0.5322061715558405,forward_head
10.115072989766537,-0.1646379437128953,6.439449503029478,0.042799914462309185,3.607091584249259,0.5418133504987768,forward_head
29.277564084763938,-0.15280631073544493,15.455967365078555,-0.5718763308975799,10.139309050880696,-0.47300378882031563,forward_head
20.603709735654885,0.8462169483102044,13.10205456258487,1.4183791903258378,7.031544798395077,-2.091249801950745,forward_head
25.036442983977455,-0.1305026483574264,12.296366719813062,-0.7103268815678954,6.97577451902493,0.8350693608555584,forward_head
17.564437589191122,0.6955083272271694,10.665703091262065,0.2692482997010145,5.431928554997295,0.5418067133073632,forward_head
11.352123726285884,-2.214901199482289,6.313974257788975,0.18528501613768467,4.673478893968696,1.9872644637478645,forward_head
15.348960490512884,-0.33643323351283355,8.056727411118825,1.1777673839481124,2.0714269947576236,0.1255829288823232,forward_head
7.417267063015239,0.23849255460478366,3.446437922661623,-0.016389483195097147,2.4874265304781553,0.2615438845012791,forward_head
18.48515390819477,-0.21544724581215996,10.035922209164616,0.6129703846493498,3.90836579834858,-2.009935744091955,forward_head
12.907253108340345,-1.0874934875357807,7.316148525532411,0.2903217053786882,2.924116786127261,-2.0468596191862694,forward_head
11.004944388046896,0.6602353937069274,5.090235065362928,-1.0834975624560765,1.705901296020632,2.0476223795997828,forward_head
14.140599699907991,0.14329369038317477,8.162018334821651,0.7029044452285763,6.453820301262471,0.7012291304287446,forward_head
29.39710884927369,-1.1748275560882124,18.639878856976225,-0.11434762772394322,7.96808362103187,-0.09567298195187723,forward_head
7.12443317567297,1.1533220223351377,3.9296746131617692,0.12444287766363937,0.7864392145239825,1.2577895197042246,forward_head
20.57111333003791,1.9519472902832153,12.957915948676224,-0.29799080243602594,5.99243126833891,-0.7485299682878634,forward_head
24.37916045571866,1.9997459913260291,15.750494897165748,-0.9267387554956212,5.363168476018212,-2.3938914873748596,forward_head
8.109626196238004,-0.10550626876979508,3.26727231575073,-0.9097611552512724,1.8007011780196316,-0.811189796952035,forward_head
16.340836295563555,0.11985675208665854,11.926763617183788,-0.290681644242504,5.40384669305371,-0.7304290254773497,forward_head
13.125142326083365,0.9962511486205227,6.70470091681445,-0.03028332998063675,3.3057356816519055,0.9285297493041572,forward_head
11.60275179012355,-0.01699029817419719,6.6007651745152325,-0.2093450067272736,2.8404832767846235,1.110554275957106,forward_head
12.525314636270698,0.8170277569515222,6.194400337308082,-0.589137740611878,4.328954258911656,1.1799778556603941,forward_head
21.955329923837493,-0.9067487366651491,12.20098428122671,1.435796078738259,5.547790332918675,0.2109739982523615,forward_head
18.37597936749614,0.1266172287145817,9.460413101241278,-0.9091281582886632,4.1951180347171535,0.8004945498717749,forward_head
13.909441015257899,1.6161726565528423,7.511655729185308,0.634214704772576,4.509401154600068,0.067879547879944,forward_head
22.381571603894855,0.47602917680975504,10.106420099463048,0.10422776648228824,8.775466040778582,0.6129314332265161,forward_head
19.952167298705124,1.4799982654242194,10.494837679036713,-0.6773995203919602,3.158502040313723,2.7906351037804282,forward_head
19.903134142931666,0.38652041738118914,8.459491193984281,0.3105823680528627,3.5146653868887414,0.11699917797574047,forward_head
3.340711706996567,-0.7145268803377668,1.862284124056613,-0.48268795563735667,1.7105398976081578,-1.3301255839066692,forward_head
9.077038775723123,0.0656002745354057,4.391158675893326,0.9769870762735982,2.6463281841954704,0.6485680102004585,forward_head
13.240656841662894,-0.8647048129884932,9.22708325147708,0.5769338649240606,3.9115995193877025,-0.260201074719664,forward_head
22.597352479197617,1.348611319089495,13.305466633286194,-0.9518902313940976,9.269777109053079,-0.8432467610179187,forward_head
18.54198361108929,-0.8064745365472199,11.385558512074478,-0.7090902731357612,5.723776546962186,1.5515973678607535,forward_head
14.99264870849694,1.877489707912844,8.235672015957755,0.24340579292944814,4.104752913913489,1.8324821581923934,forward_head
10.294009716227173,0.9706001221269397,6.801989074622584,0.03812343395455319,2.40697961130526,1.2648594145268488,forward_head
12.753238028071088,-0.6697324211859017,10.250292059683726,-2.155635695418609,5.169159769336798,-0.5970978435287911,forward_head
15.2746551090441,0.4685283698224156,10.576323856432928,-1.0234751664216393,3.527018790152369,0.5245026181066883,forward_head
28.547089330980175,-0.7607274938194054,14.887376510644776,0.045414583344011876,5.608879977896849,-0.48482882896848645,forward_head
18.908768021832564,0.17374688170789906,9.983093896645899,-0.8242344830693851,4.536496616683746,0.4887180262338281,forward_head
19.97940936436687,0.8388312749126101,12.355758203366646,-0.07845901350244479,5.484013330368412,-0.8932241272062486,forward_head
28.02882909878405,-0.38758071196679583,14.967762451609829,0.1700863362139193,9.006671478002623,0.9004197787674296,forward_head
15.29074940058196,0.3875308755411491,10.637229543506399,-0.6953442445638764,5.077522602455408,-1.629850738573803,forward_head
16.452993838334038,0.26004812598874955,10.047323192283729,-1.4480251462376268,5.248490215033311,-0.7728567660113335,forward_head
20.594528066892053,0.9669723323794378,13.008843891646439,-0.09613099953331564,3.55596652779981,1.6129645122818421,forward_head
22.436627403163126,-0.44219769568833467,14.368142190522905,-0.3183379101305815,7.190578738498218,0.1501414199309352,forward_head
9.040656777591586,-0.3448814647733071,4.1313655820181605,0.46141051701537705,3.463260991310403,0.12630312488553616,forward_head
11.95766012609947,0.6722163658896146,7.300128798074168,-1.1251326373519117,2.4926812619196674,-0.08715111325791718,forward_head
26.09429783307188,-0.7779030253196345,13.075780178578073,-0.38136961896416227,7.248183539392375,2.0255090639327658,forward_head
20.484786461749156,-0.034964287999863966,11.808021414958125,-1.2803537428327842,6.423067623554544,1.7338195235090983,forward_head
23.80818545286094,1.2463976603715436,13.511143714147686,0.4095979203592784,6.539650170204604,-0.7440597758419899,forward_head
22.838393860226088,1.1746919408062706,12.244756910860922,0.18751514866407576,4.1386524073853685,-1.335170367883127,forward_head
24.412065185660534,-0.21224491908372764,12.661012985246844,0.45028912950493194,8.107495547392016,-1.2194861884030688,forward_head
15.26337446166278,0.5117495164057835,10.362315649351538,-0.06237794482411544,3.8910510717214217,0.11823760185281204,forward_head
21.120337385353718,-0.7086194436829434,12.570433681545106,-0.9429720474619352,3.0326428314399907,0.5058781017831551,forward_head
17.191830504739293,-2.541669545724992,10.139707984727268,-1.9138289531412662,4.273630324664816,0.06973205284514236,forward_head
23.326442795453186,-0.32974958364934165,13.784991034779917,0.9835531397725182,7.786161117235811,0.8370840670765748,forward_head
9.235709425943774,-0.3468087271830303,4.617889489442306,-0.7552447108263377,1.8123463433950406,1.504611778890631,forward_head
26.276248794402477,-0.05095637657706339,15.609679376508193,0.8563327413048208,7.568530710267784,-0.9308028425978403,forward_head
21.66171818207163,-0.9207267354016088,13.544689735371586,-0.23114724272678355,7.815297140192389,0.25540045135887607,forward_head
18.535604380368337,-0.3875338394620264,11.168889710919784,0.12506107531842514,6.097942547620095,-0.14557809622357298,forward_head
23.23815649789812,-0.9931768619193034,11.163838360741364,-0.20624012503938324,2.9465964472015225,-0.32003608764399616,forward_head
14.402296477766432,0.07433285938467056,9.317447296735136,-0.7136189173163097,4.487427540161164,-0.00563755426871498,forward_head
11.917973820845758,-0.7781320168949201,6.051434542348524,-0.9887690482016659,4.390903151469527,-1.6976113630178946,forward_head
18.638962835885504,-0.19935245693735404,11.342950857219357,0.911335718870351,6.642055007118401,1.3027495111950946,forward_head
24.11560997844655,-2.172642042494392,14.062471983848846,-0.023333980104235416,8.201153079629373,1.0383872067307613,forward_head
22.21582590773647,-1.0430938904245737,15.348744532231525,-0.11911626175125037,4.9477313321319185,1.7094065230985758,forward_head
18.491296918543416,-0.9187364389133154,10.877010017828752,0.41981323619514993,6.147973028301802,-0.5321635038142465,forward_head
15.163658646870468,-0.9902794063442989,10.752609265708431,-0.780396152611794,6.438262370570303,-1.329887630452043,forward_head
23.7605909604683,0.5877664362534257,12.241202704090972,-0.3868117170259385,7.121362084301014,0.24171242430276624,forward_head
17.03166074064471,0.6639966052374737,10.861598499134384,0.5881331597448533,7.0089019075659404,-1.9298659758237033,forward_head
10.337948048462914,1.8407118539721141,6.277255218303334,-0.23539414309337586,5.391915627565549,-1.4575959075616116,forward_head
16.68907307069894,-0.7017822075237974,9.965034608102268,-0.24685491288191702,4.328861252603223,0.4627896978470005,forward_head
18.38258670634074,0.32269425749065656,10.70757512357659,-1.5528549428567429,4.001509133856382,1.0525153922932584,forward_head
19.573669740149544,0.9434725365483188,13.639765365223766,-0.8406197427049803,7.890788417067374,-1.23499441232294,forward_head
15.182364443617532,1.064444247053086,8.938273734944586,-0.08403387514355615,2.759485596529576,0.6486326336904474,forward_head
17.728125665450573,0.9363658708808015,8.529629016090365,0.9749691420041553,2.6067334210539013,-0.7168850499069581,forward_head
17.84638950626437,-0.9551876864621848,9.374116547064451,0.8954417922760826,4.931237286756829,0.27831858429708206,forward_head
20.367559862590934,0.19260367717214585,14.475358950146816,1.0111975408598604,4.937448020229176,-1.6548446302417554,forward_head
15.81536322078141,-1.1155681780098663,9.874695255928453,0.6408746980431669,3.8830661019627337,0.8719378373334011,forward_head
16.25018964694049,-0.7805686745457898,9.17241507359163,0.6998592704535513,3.9619743686983186,0.5882656457272665,forward_head
17.291247775406692,-0.4115718207024252,9.003841728427982,-2.1172762414656403,5.4500095086971845,-1.2617285492166355,forward_head
27.658514250547736,0.7597240673789958,13.594094854127947,0.3485419826789047,7.338211907179092,0.25205100650275813,forward_head
15.8992317072255,0.2155910406068649,11.250740800931611,0.01348654971881382,4.157545420134152,1.248544750075091,forward_head
20.525424500074493,0.08055466977480984,10.058374042014965,1.8752417404141626,6.980206376609363,-0.45377269560759875,forward_head
23.192252125119946,0.7916837486351795,13.829731985954298,0.22957963701475956,5.670450542711132,-0.6285140556198003,forward_head
19.275902630230878,0.006304926545023918,10.718376265282735,-1.0001163238530826,7.48093222156095,-0.8766166254302405,forward_head
9.38382511672094,-0.5607006758262717,3.7513479365753084,0.9993063523256163,1.1676805193518693,0.5028440010938725,forward_head
17.677674380576654,-0.6645262022786788,9.37939156676477,0.08319090223312868,3.182985011073689,-0.3419853376156974,forward_head
7.448822490219982,-1.778581775784189,11.702921074043365,-0.5089916775640605,17.416444934802527,-1.1621075682889435,kyphosis
6.901952949087461,-0.00701284205663387,9.734802367085418,1.0213557762914658,21.37461446857881,0.8614052862178743,kyphosis
6.555203366757059,2.1719790179154765,9.77511053096273,-0.7226896422611108,18.879316403898358,-0.44737461289224534,kyphosis
5.499430716295039,1.4312928351295675,11.708620776922539,-0.43147484458882235,16.423286220039987,1.03568884190345,kyphosis
5.024729815263886,-0.21059540131057103,13.335001934547607,0.5151146764462636,13.504133143145976,-0.2599895346332105,kyphosis
11.388139875550237,-0.6295251790743367,13.917036035481564,-0.3740576307361386,25.40422512841822,-0.0982611897331695,kyphosis
4.683585044874636,-1.3265811617006986,12.13801909601201,1.0263075069889454,9.270035045834536,0.10090227251212083,kyphosis
6.514843394278593,0.25990617298811924,10.400382234750781,-0.07909016275542849,21.804783815137817,-0.4995302286414901,kyphosis
2.187620335115569,-0.3971493701575558,5.612985512798647,1.7838815065053566,12.20642464042467,-1.8578877108016632,kyphosis
4.23368115036283,0.8371197905251312,6.302514157489997,0.2890221407643361,21.21720604706512,-0.031241693457898456,kyphosis
8.241750651908538,0.7965224678275186,12.479905360367779,2.255682154305415,16.510374284797656,-0.17822377780427884,kyphosis
11.205958137406084,-1.735951799644285,13.647885025454597,-1.1305101906042272,23.804469944595446,-1.1788743870800658,kyphosis
8.767462103049422,-1.6919734637404216,15.820988461283463,0.4913641225853521,24.16010977256333,-2.75393359448856,kyphosis
4.1816619849499155,-2.1026196508486277,3.1564421330252244,-2.3634254320391315,10.107399985175071,1.0899530016549834,kyphosis
8.846061107306417,0.3760370653441114,21.81041852202583,1.467135442146985,27.8222538865285,-0.13824319880877156,kyphosis
9.477483248015385,0.8713533795718289,14.339574182548496,1.6668617711292373,17.04517309167509,-0.6797766996918667,kyphosis
7.909442549482526,0.01955359522605071,16.76905263446261,0.5145412631119647,19.995275383405406,-0.286480349342866,kyphosis
2.4746372091219375,0.08350214889346647,11.060286877761223,-1.342099359833993,18.36850283564238,-0.23829175667884495,kyphosis
8.402160534424981,1.4959039253003874,15.287247977913905,0.119844500635939,22.8305320210503,-0.7645638838071187,kyphosis
3.622781243902054,-0.959237318017855,13.26612694309338,0.32813667721239664,12.812674238799648,1.0448070403519223,kyphosis
7.6169743520473405,0.193068314015423,6.262312349489747,-0.949104112002149,11.366657934835494,1.1205243836875667,kyphosis
5.04570991510497,0.9659166411828559,4.8314137611439705,0.8215694679065284,14.47137051488087,1.1789803167189312,kyphosis
12.514612657756308,-0.5274804040770599,20.072829265928746,0.8453359839300709,24.699501579860684,-1.7894046611527055,kyphosis
6.450428032349771,0.1256798181513545,11.162118929838913,1.5185584377181254,12.448225836666314,-0.9101349239459793,kyphosis
4.157684425474484,-1.6332272555506222,10.374494684860519,0.043831658402944014,14.635429565105637,-2.1140356525579853,kyphosis
4.411314560342177,0.2422936640354797,11.485107247416108,-0.953827226250755,20.49915227502039,-1.2823179206059558,kyphosis
8.86818425248238,-0.7314346991791864,8.420414970863186,1.2112719886919618,20.421506509216155,-0.5268167711163836,kyphosis
8.680112967013272,-1.3720783776803291,14.468373588007951,-0.8779710329789344,20.463850959113767,0.3240859148274417,kyphosis
6.401517829655223,0.29693653436267314,12.62274116038162,-0.9298206157800083,22.202928138041734,-2.740889720246128,kyphosis
4.747505220993683,0.620334347264895,6.207468300051619,0.08803423932456847,12.819354227143902,-0.9544703732641594,kyphosis
7.361076265178433,-0.1665348975359948,12.068274325340692,-0.6424924035456961,20.43041596381687,-0.5322718355264149,kyphosis
3.624414767266995,-0.4129848421602485,8.992957876330323,-0.6938327696595569,9.405162337430513,-0.13219662921491798,kyphosis
5.75192871069867,-0.6622963012219863,8.542315547137063,1.4934607462433829,11.062084507991909,0.09953103598468915,kyphosis
9.78297185440108,-0.05857252968319018,12.772044056302986,-0.1728992378360469,27.822676246770442,-0.7964011674533654,kyphosis
7.838288378269921,-1.3401334481706029,14.430244423302263,-0.16227085223983717,22.021275863506723,0.2703128649252009,kyphosis
7.453378619600022,0.6191903925661513,6.96415240712517,-0.6689144599438617,14.741404898363736,0.9097558537490779,kyphosis
7.13382839272744,-0.6802744981846178,12.219823068880649,1.383845811766314,13.316495461913012,-0.3459420167563146,kyphosis
8.893396683842653,0.46510775338839866,5.192558275444384,1.3805580886970443,19.458945997827993,-1.0894628208193202,kyphosis
6.593845091440275,3.051295892219657,6.989897422565237,0.9370904624624637,16.17062153938931,-1.0077860342193492,kyphosis
8.60012769440527,1.6411999881469863,6.574175788204286,1.127983088991736,14.853491025229209,-1.1160678641574502,kyphosis
6.50632491955891,0.964666785846804,19.553756259371823,-1.0815101924617805,22.86583888152376,-0.16557321541278994,kyphosis
2.51263661456587,-0.3444032844084539,12.413921376792878,-0.47668544079237246,20.805223978453558,-0.09162431090268802,kyphosis
6.864439416632683,-0.3673927179261321,16.994153707214455,-0.41931626869430494,20.311876090857062,-2.4108916978707233,kyphosis
8.618846431898708,-2.4904297261792903,17.377918581309835,0.011083260754408549,18.0165618248691,1.9900588656636942,kyphosis
6.409392871972557,-0.9865490844565378,11.182622800025985,-0.12492459853920118,12.369525933957362,1.1077254492334618,kyphosis
9.639580907694054,1.862009918862955,16.35261779335118,0.5031227443143184,23.97988649539572,1.8670049760308538,kyphosis
9.365502855400532,-0.05252986186533066,9.538759986491883,0.5994772891412332,19.508855457662136,-1.4034218325509422,kyphosis
5.633376362914249,-0.19959006881537344,4.184685194785608,-0.7769585707715575,10.704110966006326,-1.5400477602822462,kyphosis
7.42232387980387,-0.09454725954227729,9.701721792587161,-3.3306936344737403,16.33660412471741,0.4404668162173639,kyphosis
7.19611956865043,1.0663606218578,15.725239608796144,2.413738543958978,18.761927528983442,0.7194430910273981,kyphosis
5.43167091849458,1.592102117554949,12.175041865506262,-1.4413560770623273,16.32421550072603,0.4341522072220943,kyphosis
4.617655927573539,-2.026985661263127,10.500331625387718,-0.6896209922594284,15.095990703558488,1.6388711106286304,kyphosis
3.0587185889192146,0.5451576025294873,12.11580459742555,-0.31709863411584394,18.358851376209955,0.666743751278754,kyphosis
4.641047499065522,-0.4930602138026293,10.874352528224847,0.40578233498272614,17.470665842626378,1.1279485472508226,kyphosis
5.237664894610092,-0.726950484691973,10.545554661796778,-0.9365432176953774,12.134879296949581,1.065290910459853,kyphosis
4.504551909428164,-2.557507828155328,12.890655417860774,-0.3869422662885916,22.15900167850726,-0.5865858852829161,kyphosis
5.319405411928081,-0.15249453105076524,4.680984492696242,0.2703972011264244,12.789336829138593,1.1124605484032826,kyphosis
1.8332506898934158,0.8231125206529221,10.932283097928934,2.0912674801381024,16.31189154203849,0.41934723045996924,kyphosis
6.725519736652382,-0.032862937710428634,7.6275568193407075,0.4523762230073781,19.054471643758347,-2.1682310576592103,kyphosis
10.201189147015068,1.5347705968694212,17.377240312401334,-0.771804069464184,22.70378823583821,1.1391685297724972,kyphosis
7.6004386346079436,-0.20231204971054162,9.620954805841256,-0.055358161198060855,15.12006149179363,0.9712467592907514,kyphosis
0.18352781562758702,1.6586483413238973,8.488143928103629,-0.0009673227796255549,12.07559268728728,-1.020522739238339,kyphosis
3.229766973263495,-0.08281987974467955,10.636799141107858,0.20313143418755686,15.284634702305242,0.35261096912896334,kyphosis
4.691283420044873,-0.749756264304989,12.330610181682214,-0.7361520001211718,15.474093543941688,0.7533497979008232,kyphosis
8.831602405333872,0.10896030598663292,11.711155055913737,0.5278481711097526,14.177443121107983,0.06563416068523861,kyphosis
3.9163266568067923,1.9266268582057604,8.965275984727821,-2.007037172389923,17.127043206154426,-0.7305770977831626,kyphosis
6.482445218954509,1.0349877586532046,8.21407714529154,-0.18989139533030946,18.757386312612027,-0.05109386344796258,kyphosis
5.997871314277499,-1.4279202914974498,14.565239056281138,-1.2969358993996092,25.16909091061783,0.38661712718066105,kyphosis
4.387043587272634,-1.2250547398726157,9.687715354497723,-0.28861373900016773,16.5199451826782,0.8212546798386335,kyphosis
5.07772279023013,0.4892048610439789,6.735578288565599,0.5693539192675953,13.684515610317577,-0.9535689458334402,kyphosis
6.964744922892422,-0.5029375883163071,11.14259815874451,-1.359517805151022,16.715127398023334,-0.8730207446980783,kyphosis
5.1565276718434365,-0.95486142997906,7.363820270894326,1.7936637427501627,9.522881147143083,0.7801457095270367,kyphosis
6.226332583321014,-0.5312290613927735,10.332996327351012,0.5853219003416695,15.66541204410966,0.8602086869200234,kyphosis
9.47230122641955,0.29839678310875123,22.41152036666595,1.6070384305419663,22.181179592291247,-0.5881930432367614,kyphosis
9.03425169424146,-0.7552381995022767,13.094931029857912,1.8266112948340858,25.237352322200028,0.26420506158308305,kyphosis
11.006162728318758,1.6299656324111862,13.436909211291027,1.9584801992716587,16.1450316325678,-0.12288887750265684,kyphosis
1.796148212924889,-1.199838733716193,4.723533553690695,0.23118601738910127,11.290385686500588,0.10105377657695468,kyphosis
8.154764309551142,0.4397757678775917,14.053885520654744,-1.2807830764484982,19.362809607995647,-1.0555112315595065,kyphosis
3.105485024359931,2.1245899583368204,10.367901491751478,0.20742129395632888,16.613331181466485,0.16414790203563537,kyphosis
5.527339197396813,-1.3331984145239948,10.30400271385798,0.30540149397835714,18.517685679948805,-0.14235001761869517,kyphosis
2.289218715390316,-1.4063081333544287,7.980938192233081,-0.7967370168596999,11.718696599772153,-0.9511079032714846,kyphosis
9.40431111928206,1.9494516568087548,17.156088347906937,0.41418169670004956,25.316439165440805,-0.8794562095548532,kyphosis
9.701350741918422,1.147489685119127,8.645530021513801,-0.28127971792600137,18.78655189233498,1.163167034162654,kyphosis
3.679683861973826,-0.5743290739525233,6.448257855636277,0.5082484604916893,14.49978156293004,-0.6205020901257944,kyphosis
7.2992949055374154,-0.8549205407103931,9.869725036054394,-1.650676748675687,16.37803274720058,1.1506851757314112,kyphosis
6.936131360541104,0.41470068899220114,18.976809162661606,0.782853977953602,28.900902804765376,-0.32064614955630566,kyphosis
10.13645459478179,-0.1744507666686328,13.961824505987531,-0.8156873205825406,20.20579773747966,1.166468521075507,kyphosis
10.573973273164674,-0.07408962081064328,12.736161153202474,-1.2969907486926655,18.12386234874707,-1.0758593316099416,kyphosis
6.262000029198323,1.0079431749336243,16.58039588535537,-2.1982687781795955,18.1618581636424,0.5369027410815752,kyphosis
9.695454895390666,1.4575252537336547,14.395175607671153,1.1676734292660353,18.616895467679562,1.3838374650936596,kyphosis
5.527012991554859,0.9125942705413412,12.391920099107738,1.255164274168763,24.2317387121023,1.1435361029983484,kyphosis
5.982282431950351,0.7819192783784912,-0.12324299673889172,-0.3383438317022995,6.677102664111109,0.2568921882317351,kyphosis
3.8176362378656044,0.4472578586579009,8.139997481769853,-0.8348997140799522,15.78203732159194,-0.29514479618568024,kyphosis
6.501242773335748,-0.2579902128025477,9.879037545995178,0.7717321186729348,17.021171167022946,-0.7063616141272008,kyphosis
2.235576809223678,-0.4516388115470497,14.0969339484733,0.9043487768834414,19.215043155950834,-1.0697785821114467,kyphosis
13.14397988388503,-0.8413445446130128,17.714901483509035,-0.9784616459325388,28.253774102866977,-0.6270159082796332,kyphosis
4.8493371077765595,-0.22209512079877575,6.140667385426111,0.6342288337721108,8.416762325415174,-0.17661701415509923,kyphosis
5.4904479704112505,0.7461924342822407,13.80461398112985,1.4282451435559007,20.283914611257018,0.00813427469316655,kyphosis
6.689063144437394,-1.0770552273988563,4.511107331644913,1.6432080124946766,13.490201136549066,-2.7289485202189416,kyphosis
10.477508548272752,1.3159722829110243,18.559128455052594,-0.06495166621419947,22.83911817370877,1.7388291232141282,kyphosis
4.108769180456394,-1.409343084043873,3.181033510357889,-1.2758848320295304,15.08514150406602,0.4556581858908648,kyphosis
8.526099581330588,-0.41825060687794596,11.622532688846748,-0.2524259339502604,19.448388390878883,-0.5239439887742994,kyphosis
5.820560640058283,-0.7973572484605186,11.185175495173153,0.5266276180952953,18.310484952007645,-0.3725350325411244,kyphosis
6.738546870828274,-1.5908546744211611,11.214166964651067,-0.7518774968582075,16.636626266814122,0.27162849365554165,kyphosis
9.417558371739501,-0.31168453215215497,14.789081176365462,0.5911627503383889,26.48232022972343,0.5307252082310505,kyphosis
8.435622836124125,-0.8920725826815804,14.765920086949695,-0.030333736231624775,15.561021488422487,0.9005074165770223,kyphosis
6.87171527479564,-0.7226369672081246,7.489476488919813,0.5250338926172844,18.785805708773797,0.6384738238685252,kyphosis
3.415182156943522,0.24979840663612438,11.728698972620915,-0.22527675016988374,18.986745999230767,2.2948948830670943,kyphosis
7.44129965231145,-2.7409253017755444,14.519395549656666,-1.1354983217692443,19.640469299239157,-0.8348274033462136,kyphosis
8.41577460556315,0.9423985481388237,12.743546296960204,1.6055316371582962,19.0932242872144,-0.8430895349443824,kyphosis
7.9258495615003,-0.9895626027904425,16.612401816476464,0.8373463103346903,26.02680913576714,0.9901883980555456,kyphosis
1.012156012062413,2.9288470844036585,2.9905112683120643,-0.38645088448175097,14.289145385890507,0.6263876026181832,kyphosis
4.246625561175653,0.6104234456476341,7.50261577172015,0.928028495901035,9.466520282286638,-1.2152882485936838,kyphosis
5.087203984471678,0.6051040029874156,8.657116668353392,1.3777425469486266,16.476567595923157,0.4171203709064031,kyphosis
14.082622566505746,-0.15172678614439605,18.521986736497034,0.5310368200691491,25.178574978356643,1.4856568587844416,kyphosis
7.02575888480772,1.5156412742117236,16.836095267090872,-0.3776280741547254,29.0160350681359,-1.057218202601099,kyphosis
7.834700976286541,1.6150340059685602,7.191155529465725,0.04580328456728354,15.547424656229287,-0.06170433583364051,kyphosis
11.435659072967736,1.2685511862750976,14.846419287865743,-1.1051787546178042,29.183670167630545,2.358114878042145,kyphosis
6.179060994827149,-0.8039827497567587,11.076588549726265,1.0535455527584034,21.226226333310944,0.06815285739600013,kyphosis
8.46800273570003,-0.43782592899358125,10.214877369786773,-0.44720612744529914,10.507843973835186,0.3502316171802479,kyphosis
8.343804255405209,-0.5211937137128283,13.56633525156758,-0.07626742325570814,15.662164854085676,-1.356361125216432,kyphosis
3.303383903927917,0.873294587832626,6.5319754955648515,0.5209391233794061,14.630005727809273,-0.929260470624281,kyphosis
3.671164238570017,-0.6992844026046794,13.630099195543602,-0.08314772779898694,16.73901098381679,-0.9203040334066339,kyphosis
7.5314826427647255,0.15164962702931717,9.261388068495748,-1.525307854278902,16.242520208158407,-0.1849899574665403,kyphosis
3.318052610990402,-0.7265230280259836,8.966542660870704,0.8960319075840806,15.29258692716636,0.13418344248145,kyphosis
6.9763007237419945,-1.0203577141331313,10.838227147598056,0.3026197933773323,18.758546033734163,-0.6906501353950232,kyphosis
9.729804240270692,-0.6268028541392988,8.25822278203332,0.5396071359470229,18.269646040404307,-0.24170037127535182,kyphosis
5.571533064399879,0.3947403767679214,17.19968967355649,-0.9397218407358846,17.6453035711222,-1.0575442631769436,kyphosis
12.796540668327946,0.16626335969607445,13.040475937780965,1.865151383375791,25.03210873021441,-1.6249316987984659,kyphosis
3.138079330669986,0.8456437645539975,3.5659467783110017,0.690855786622554,4.947164878707336,0.5437209864525986,kyphosis
8.904690947003898,-0.7159945326229958,15.726496858213181,0.17622064667773815,23.778947464150487,1.2031743415750689,kyphosis
8.436394608960466,-0.15955188691582045,8.635372536435177,-0.3097163755290448,16.063871403839276,2.538810715978345,kyphosis
11.985489847479545,-0.6576533634316549,18.710063759734833,0.28893326837004085,24.759356584148744,-0.2848939806621367,kyphosis
5.785103615877315,-2.5221046772521465e-05,7.080588919474071,0.1064712033299681,13.569369163801708,1.3859670251183973,kyphosis
7.704453913769161,-1.3627207224512408,14.523038278730422,1.061233443187976,14.750479625724065,0.5039006441434274,kyphosis
8.206647272619492,-0.4400795959332195,8.951784556626535,-0.027103446744738385,15.066269563610945,0.30761101484838854,kyphosis
10.325227903167624,0.15307094625854767,9.746190166116529,0.7793651799140403,16.782349333960745,-0.803693099094882,kyphosis
5.909902136061277,2.0621908368292936,18.57862914400107,0.04273871646792953,19.156599571494603,0.7717706477439245,kyphosis
6.224006457590334,1.4589266533090923,8.463414724526805,0.04474459657122825,15.818930975789465,0.5930299974316905,kyphosis
5.996325731953828,-0.02998798920626934,6.312408035342209,-0.9548388761777862,12.669798924239396,1.0285673262824517,kyphosis
5.476277333584739,0.8480713749391816,13.719721126447364,-1.3828040485236173,18.566028893105347,0.14372159780370833,kyphosis
1.8263469234922205,0.7143668296417315,11.707290235508426,-0.9253627454747743,12.021025470205675,-1.6978997477950086,kyphosis
4.496337975656283,0.2431393466351748,9.057679196335362,1.0992800288153377,19.280040156464167,-0.6499192736436927,kyphosis
5.548709721427745,-0.13524711934779737,8.217483827020773,-1.4229606149725549,14.504588922422048,0.18010200734652637,kyphosis
7.27474461682125,-0.3507488150542361,11.500766223163339,-0.1750008809320887,13.961132380204836,-0.1917537718661849,kyphosis
13.080227116831052,1.6911380511238279,18.034309310484943,0.08106719080517107,28.609302777913395,-1.035961555584777,kyphosis
3.651041903885221,-0.7241260783562243,6.39075121859448,-0.9819131594910586,10.755403681114915,0.8599420898715319,kyphosis
4.968175731661449,-0.3205765128351842,13.292458182884088,0.6314816050257943,11.798637921610453,0.17698051675509519,kyphosis
10.692216339966375,0.9412268757960705,12.356327137392437,-1.3563366331572266,25.6088875443945,-1.595525045303357,kyphosis
5.241723135857819,1.415713486525249,12.590953202057138,-0.5587023753963543,17.468456596585337,0.8693470622244217,kyphosis
3.2084581119728366,0.6072550372827892,14.638389699733287,1.7319841521982537,23.997204600579224,0.775913598325157,kyphosis
8.41913487354408,-0.3034205027183931,8.51895002848168,-1.4010163481446858,15.100031736237835,0.5008317664438667,kyphosis
9.811505572439966,-0.9074714795414057,5.305819237740184,1.4643243885232202,9.321713035861881,-0.6083586472992406,kyphosis
3.691306991227882,-0.22699035856135966,4.494323623169442,0.34519191726758824,13.178841089926687,0.9910691291919114,kyphosis
6.554808594070765,-1.1709779308823491,13.109166212590546,-0.7809792446497154,29.721377763741362,0.4292737018286555,kyphosis
6.378215669069068,0.623013965022498,6.8540282163139015,0.14085758639109103,14.665023928989344,1.6551327280978048,kyphosis
5.300348139589432,-0.4121800598309397,9.99566581187191,0.33299702821415,17.94349115853067,1.5541106032952272,kyphosis
8.87641159165155,-0.8388409902381331,13.432546152915789,-0.5888598775739355,15.640164253779417,1.305059639498759,kyphosis
1.882828601239306,-1.0173475106887246,9.07501275972752,0.26761273220386544,10.73834608781164,0.47029047677158015,kyphosis
5.0126482870971465,0.25637471994355876,8.329903659761634,0.5700844215797956,13.896923461077066,-0.06001811539668899,kyphosis
6.990290817621782,0.054596273301852245,7.272397770507778,0.16743898044979041,14.44098841943589,0.37183884822473734,kyphosis
7.086143467669533,6.463907467911497e-05,3.319592016252235,0.7847651336647535,10.920038702500511,-2.109875602477686,kyphosis
7.08137142501201,-2.235834016368124,16.681757951137143,-0.23255265529260485,22.75437148548935,1.6955203575421665,kyphosis
7.311902100236059,-1.0085118208285866,11.044116970441264,-0.3334301618474614,19.671143245614424,-0.6506128426497202,kyphosis
6.834908917892921,-1.40176001166049,9.774940809653305,-1.1027877119960756,12.741854648268154,-0.1616714884339852,kyphosis
8.058263083305997,-0.7628935338958536,15.839692481482958,0.41327506554231075,23.269950197655984,-0.8207957868796375,kyphosis
3.2716520392013404,-0.613827855183093,7.053581140338414,0.726824708983516,15.606448131927925,0.06136519230871229,kyphosis
7.021524655537717,0.5441035277265185,12.755725095197125,-1.1857600685744847,19.283658436783384,-1.901996047598957,kyphosis
3.36169729780129,0.48990134050345535,7.70084213866723,1.1289032357897737,15.489701233617852,-1.164872008014637,kyphosis
5.670904071920145,-1.126676161804788,11.605968479730654,-1.6447541893723863,10.495083845768042,-0.2678123317956448,kyphosis
5.458138236812424,0.5110284970395974,11.368897693558011,0.006653785458865241,14.409252742595994,0.23852961943661613,kyphosis
9.479773286265885,-0.20044688264780605,13.769329720240078,0.679926399422122,22.44637946431448,0.33132732227526596,kyphosis
5.464139840572764,0.5795068611330649,14.006749735707364,1.1227097078347505,22.944510413069317,0.17266742340619012,kyphosis
-0.04275273410928149,-1.5811313022072233,7.804954009642331,0.01432601770589975,11.374111469092842,0.9422315331461516,kyphosis
5.6298121792605755,-0.7432936108600176,10.015390646598217,-0.6360029400450893,15.10625738111778,-0.5530019044329559,kyphosis
7.487841194667123,-1.5044324693448397,8.268117270213844,1.470733425951356,16.984017964918916,-1.3290851603006326,kyphosis
5.51311402299121,0.36876667248008965,6.387427575722173,-0.10645416313730213,13.794533171940655,-1.7896447810760827,kyphosis
7.669608792809814,-1.4604886429844997,13.636705764062476,-0.2438791596083259,22.160530494253003,1.2147767625448345,kyphosis
2.343280287649938,-0.35534578870585587,7.351650976770426,-0.9803803894246936,12.051851177538012,0.3109020254104337,kyphosis
8.580028741395784,-0.6329242204359463,17.25240504545242,-0.5465548310989118,30.036713140501995,0.7201305854366437,kyphosis
3.7828213758828717,1.6378990318002389,10.024629645065952,0.9634726940308436,11.470429925401827,0.3967105913801328,kyphosis
7.471401710940567,0.5775369208128426,9.949066482096157,0.18663140726052152,20.486144462737343,0.8547527130147062,kyphosis
4.941020029411418,-0.4614419917135446,17.105337853962908,0.3497163474081288,28.270139105188886,0.045309756342147504,kyphosis
9.626938024098765,0.9910264259999549,9.787260028406186,-1.0199134672593524,23.671787743218893,1.1288781143638964,kyphosis
3.7733454706043568,-0.6057085561717214,5.050341129671969,0.6945871899636917,8.475452027910366,-0.40834395706284415,kyphosis
6.052243037657925,-1.427752934322577,11.558376019799674,-0.6929770999126605,13.44912621756655,0.08365857876001091,kyphosis
6.576937260928878,-0.8634741550318088,12.165420963562486,-1.2164725517405377,13.130151869597473,-0.648079396102276,kyphosis
5.437848642939201,0.10432406409716877,7.670398656976311,-0.8742114065772036,11.952435298910412,0.39244416648486385,kyphosis
3.967619232957057,-0.7039719957135544,5.3705486098421185,1.1504918490312828,13.820654572570215,-0.5470663563554554,kyphosis
8.13153074792376,2.1627413148130663,10.52116144184843,1.321498785541947,13.10873192622142,1.2759435911407029,kyphosis
7.3212970259137,0.39724258244429506,12.980892628710059,-0.31755291198833246,19.129027038423327,-0.7542084382399418,kyphosis
8.374163383004303,0.05617140662894785,12.898359920852204,-0.6546010552161925,21.386109122934123,-0.8800213428960448,kyphosis
6.812855680684319,-0.600229157459023,4.000530351764463,1.380220282827819,14.594411743849301,-0.10593366532002634,kyphosis
8.538143218257792,0.5768128129910585,12.883356324269936,1.2286178132508008,17.86340468135976,0.10487220862043674,kyphosis
5.179833474393984,0.8536749138528293,12.99933281029955,-1.7631027477789258,13.688317202923542,-0.1321048219297025,kyphosis
6.351530054462426,0.231128187443979,7.136013189043943,0.42473333775214267,13.475703844249487,-0.9094241606606239,kyphosis
3.3738878585053484,0.5915893753890623,6.7564649884308565,-0.3538192553529435,11.198451913968709,0.4088713798340289,kyphosis
2.265080467671381,0.944168261478865,8.779381517016075,-0.43325316574455364,13.96190498214303,-0.10797439342796009,kyphosis
5.9004388298221215,-0.3634402376413241,11.183033013371952,0.05016564616247212,19.01670085269697,0.4692585164638299,kyphosis
12.653132000054335,0.23396066673371263,17.657326905880733,-0.3632184173936497,29.22642269452073,0.2229299891369878,kyphosis
9.331475956815398,0.10802389351472291,9.508339282414603,1.175053544086976,19.122837482515656,0.18827184399924024,kyphosis
7.874283145638035,0.21865072793092466,11.944988344218597,1.4296159257423289,16.758407574631658,-0.02431115069782364,kyphosis
-0.40044155485034416,-0.40104220897924503,9.14566578197549,-1.2546895794587845,13.616562640684506,-1.6690219149091885,kyphosis
2.6065652119768203,-0.40814246210066407,8.386147700384274,0.5078497555577614,13.450608777333894,0.05696643848953907,kyphosis
4.835237463117213,-0.6830733518180072,9.516723121066,0.15436958959436053,14.892395182202216,0.09301388033424116,kyphosis
6.261850837728396,-0.0930119272281377,7.071173481023959,0.21511492448887223,13.501328669762184,-0.7633829001704219,kyphosis
7.048928118788472,2.117757951894024,15.336409525915732,0.9585018382948497,12.689031224698615,0.22188190010783027,kyphosis
3.726855108871309,1.1452151301071058,11.749570465103288,0.7514126761297579,12.612416867621151,1.693717585573689,kyphosis
9.429048391015542,-0.9112596840940402,11.513019245880654,1.3914177707107453,26.6263817272701,0.5439097714452084,kyphosis
7.528718332514235,0.7291904357356322,10.889303155866145,2.224947551883994,19.514892338167467,0.4963313063659969,kyphosis
8.24786190673727,0.5343031350558676,8.555546896322536,1.9336973210206858,14.353210959028575,-0.2124530958568015,kyphosis
2.634121074136172,-1.28027117636599,12.184400673386879,-1.6286951425978937,20.16874213018828,-0.7293162975947131,kyphosis
11.922955541501047,-0.7315827482372268,15.615827860221058,0.39328465096892595,24.2203945041384,-0.3037969248715582,kyphosis
7.600383898206494,0.5989027489536762,14.483747024297816,-0.1610775089296075,21.35317014684067,-1.688982167611509,kyphosis
10.234782166016272,-0.8013021428500462,10.140816854734366,-1.6116800407122827,17.725990072256526,1.337479229605615,kyphosis
5.286238385626657,-1.1276709993071379,13.988601114099891,1.4517806029647808,14.416505105166848,0.06455929547875437,kyphosis
1.9049920496802142,1.018009489229211,12.906373443310166,-0.1360040010023765,7.4421163151858645,-1.4820674179887818,kyphosis
9.54126951125006,-0.9144785757382845,9.259943461633123,-0.7124539219473774,15.60937343864059,-0.0900189748911324,kyphosis
10.78036461585592,-1.326336209202486,17.708780121576318,-0.8325490007715692,25.521097466342265,-0.973524790484928,kyphosis
9.78525183143348,1.1686809849868707,16.392089177936086,0.3217359442324626,23.346631964154735,1.5359680095842692,kyphosis
12.592803698205875,-0.447429508412095,13.11976404261971,0.28314918405123113,27.277905003747673,0.12311748681650356,kyphosis
4.04350496704581,-1.2567005154666373,9.541610586708543,0.4779869254002827,20.42785492324765,-0.7680589393753245,kyphosis
3.0073431713092464,0.583045690645495,16.052244225837466,0.5533478663897893,18.758044499613188,-1.5244327847740935,kyphosis
6.241684893312701,1.1481528301163253,13.437566472936066,-1.0529746825252848,21.614864187620917,-0.8867102240001148,kyphosis
5.769395860032559,-1.047188987185156,4.376994056670925,-1.629453206031388,13.657475974872124,0.2482576948977413,kyphosis
3.9008877148755285,0.10393214777737576,5.5891072334190905,-0.5904298339675966,11.624090750614513,0.7008006127998764,kyphosis
8.129837741415326,0.315310356119398,15.01888101417567,0.25849601062423766,23.197691977144483,-1.1560263577588086,kyphosis
6.240327426493728,-0.04842315828420814,7.858000021354263,0.5461665675625694,18.198718626887675,-0.08635733787923945,kyphosis
5.208687889524901,1.139809910722869,7.813397778151572,1.4618630771019274,10.880881103441052,0.5611115302998378,kyphosis
8.997750300790921,1.190923815059181,7.060481998325348,0.7399014036220873,11.273882033254857,-1.749964690119141,kyphosis
7.615122656457428,1.0690290148789425,13.281844230849599,0.4104146540061954,20.30869847291892,-0.4936370227870881,kyphosis
10.981517368827689,-0.02944228457359205,19.32879705386166,-0.24369450191516023,28.490914788815992,-0.09391350129053645,kyphosis
4.554179122908678,0.5232235049194818,9.810138712510982,-1.6416790549591433,19.959075930060298,0.21294229819857938,kyphosis
10.980774776664054,0.2862488163297783,18.54581567873007,2.3240465065203657,23.90591904800663,-0.8335216092257318,kyphosis
10.258852755630894,0.7680442488571664,23.426764190511484,-0.03906059381178438,26.322291872926446,1.8596357112585444,kyphosis
3.8785832326010796,2.452034925827756,13.059483293804146,-0.41911183220456033,14.65289020720767,0.8703772594353105,kyphosis
4.566060503879635,-0.4797450936928667,9.03441038778171,-0.5677590093772911,11.780079989240129,0.6474350875698797,kyphosis
4.3359470595742975,1.8926944324605903,7.80330426782608,1.1579852162009376,14.117271521225009,-0.3972141660264687,kyphosis
11.906330804837113,-1.2842676494463976,15.668214548348242,0.32463857470512614,23.83070500509194,-0.40403880318613045,kyphosis
3.2153732866458085,-0.6668212329855382,9.529861009082348,-0.7725714162310579,14.752397608539027,-1.0489847877027294,kyphosis
5.198408290783537,1.2160347758338255,12.596110023888398,1.7603203349731285,15.383164995615822,-0.3343693550466161,kyphosis
2.28732506782021,-1.186878073628292,9.16177214641676,0.3191748081143517,11.296887295634072,0.6947058453756105,kyphosis
8.685395993274811,1.0871503123250486,11.588660963645872,0.2118308444445858,17.492616422202094,-0.17840340859944837,kyphosis
7.867949531022315,0.532024591058198,15.274146418568304,1.264616092877167,15.686285696887396,-0.46785384232395855,kyphosis
4.904218140773854,1.610039907309076,13.198206082449602,-2.435893840064915,23.032846861897625,0.29191228428192595,kyphosis
8.771190758346643,-0.18915114154675247,15.80032185288973,1.5353865371826443,20.114335619916556,1.0094872199482383,kyphosis
6.029079330176429,1.135502601914937,10.739228300933421,0.27870776624955657,11.36980658764807,1.9461527715455151,kyphosis
8.056825909712334,-0.8572170487951668,7.372808700082659,0.20512290886212908,12.437834544120657,0.6131786192904651,kyphosis
6.484330292963527,-0.6628695174108681,7.8585881787650935,0.8606539076460872,10.860153983278245,-1.1802611298917112,kyphosis
10.831273794532201,-1.2064658456700073,7.058444038873093,-2.227853190689809,13.692107203034386,-1.0199867284490767,kyphosis
5.671261783460734,0.04567601972124114,15.105513402859884,1.6955751540042918,24.721232757607766,1.9931766567687306,kyphosis
9.095579432882793,-0.7001561683585654,14.413705368954446,0.8933140847779235,19.606669762838138,-0.07828058759588175,kyphosis
9.436647873037938,-0.05311649767340047,12.58443156814182,1.1351810787650713,24.71942531230583,0.07432542330690294,kyphosis
6.292075231813667,-0.006240258746606523,9.724350180113694,0.02665010563914405,22.442000516607717,1.406882913747366,kyphosis
7.72914396733257,-0.09921481500280076,12.09927748945146,0.4335038499740238,25.908315137327467,-0.15507221570890214,kyphosis
10.336904026246993,0.12680925871423596,14.462090714844908,1.7148373623642876,18.191871879536297,0.21402261604004694,kyphosis
5.533743410850992,-0.8204077234175612,9.708700712166554,1.2895124822726156,13.609953286234735,0.96250376725151,kyphosis
10.808165152500711,1.6005168266213172,16.433385740528962,-0.5676677230170556,24.221518582824082,-0.4262914940928127,kyphosis
5.180006034322338,-1.0017558111695266,9.307194399288864,-0.4306025005763097,15.625554370436769,0.205179358985668,kyphosis
10.048942261685136,1.0559346956148934,16.47581474730855,0.43136921954074975,15.624983208383082,1.1171930759383897,kyphosis
7.765997600361803,0.37112325393868906,14.991600367565265,0.07077242929292306,17.09080330416257,-2.8514977186768777,kyphosis
4.225339980353484,-0.7405815508226601,12.47943640981157,-1.2406691665543688,14.623610409759126,0.43520354328621397,kyphosis
6.567970566258849,-2.929991215313177,14.74386206728457,0.328175430091309,18.935170390716454,0.8053346341306604,kyphosis
2.661850460994685,1.0907992694524753,8.949710608656043,1.352635056003371,14.658530160781675,1.033866819234758,kyphosis
5.073066270407459,0.7949526943729888,7.239964344634493,-1.0650544639457276,16.558092605990954,0.566358342139738,kyphosis
5.496290356062835,1.5284221172859243,10.056055980541476,-0.23346636507588478,19.041315514997002,0.7899783611773792,kyphosis
9.412503597255906,0.7255913981223358,15.023200679416803,0.1486873148135477,22.28758820090851,0.9049673878627593,kyphosis
8.051651812488874,-0.3739221355434768,11.897891458562839,-1.2244556866025997,16.121341146866488,-0.06446534827208937,kyphosis
8.349133464214031,-0.7846943010321492,8.45377106320206,0.32220981428834344,18.554441687883248,-0.1973524623555514,kyphosis
4.568739788955818,2.742137016700322,16.07019974056594,0.003099277432512155,20.109047670384783,-0.21902755733119647,kyphosis
6.847732271815043,0.415995744682282,10.50563960811106,0.717314614244019,18.30075369531872,-1.6323740504385473,kyphosis
4.219082224982195,-0.0038207163162407016,8.232594050219364,1.1029112395294756,12.398084493559313,-0.31039057763188943,kyphosis
8.890760378489318,0.08841322297230107,19.034996007421835,-0.6799625691874667,26.243390318447773,-0.5589340123267097,kyphosis
5.906032244526533,-1.2194558595182814,6.18488035327704,-1.1760105733150141,12.125347841560599,0.6620674940352059,kyphosis
6.7744581712787095,-0.9046462307322046,10.017176254772279,-0.8894515672706691,16.62651767826846,-1.0226283168494492,kyphosis
6.714824358776411,-0.004200713369505123,14.650935196177114,0.3988643919954582,13.504440702932941,-1.3029513295724608,kyphosis
5.044615126383664,-0.1635517885016823,10.120701401207905,0.02690644341180303,16.036070346764326,0.14014628374941152,kyphosis
2.4192916353400644,1.2116789822814993,7.776326864253541,-1.8888766587139543,7.5676558187499126,-0.8697654251933583,kyphosis
9.196663142705034,-0.530942787818091,17.347908102552136,1.275921481794929,16.40758852423335,-0.3301765619561423,kyphosis
4.822818111346066,0.048047692877934055,13.189283136401027,1.4734794464565935,20.51871122380507,0.35098668777740816,kyphosis
10.628850741088486,0.3218660495331319,16.28828315532176,-0.17016399292750553,22.4772317008479,-0.7076036115517935,kyphosis
7.9537203714686395,-0.03628075850680388,8.26795362509186,0.6040542691480144,11.38214555143205,-0.8114177455298172,kyphosis
10.733512199580058,0.7886795241685667,18.277549269636946,-0.8994567619288615,29.980325929275914,1.3940627264318546,kyphosis
6.077607522705387,0.5776114472011373,6.366625729146932,0.5218969284256515,13.172588137461608,-0.05640467329663981,kyphosis
9.56125081187378,-1.1060375339786084,7.091091471604703,-1.0556060556956397,17.27123304410257,0.7202163872707396,kyphosis
5.127611480668634,1.0276001007332423,17.511943412479543,1.3835642094414018,20.396603672024867,-0.5119632947702222,kyphosis
7.905963354108768,-1.9383189097398228,7.91114764212154,0.9641966206372876,10.448809494977667,1.7166195211989759,kyphosis
11.7645565785568,1.1826522227520335,13.56677160405269,1.1134768396349404,26.697057481690948,0.6192704509519859,kyphosis
6.373449245719938,0.9738249748000074,8.254974985981482,-1.0716385671335134,19.07122581678412,-0.0169690367727482,kyphosis
6.645008613285047,0.0991325895836062,8.373282371347523,-1.411006042715172,15.756574043130655,-0.15540200319282024,kyphosis
10.313616466310076,-1.6834818242913376,18.248914535322605,1.09084889891643,24.551481588407192,0.3053375829305472,kyphosis
6.4084627625739135,1.0716319240043974,3.546833154322152,-0.2937365648621163,17.766830917429594,-1.4964089341547875,kyphosis
5.506693002921704,0.4983443561468512,11.457925740677165,-0.12619059250026637,16.094086235093375,0.4795824852307494,kyphosis
11.372060688210366,-0.32799317873568706,12.888928397708952,-0.025741090626249984,25.564225419525748,0.341934983361145,kyphosis
6.4849526937752575,-0.03428456208869105,13.173040591512164,0.03214014592505853,24.726259135086053,-0.2427606856536123,kyphosis
3.1391216764865177,-0.15008722391462162,6.164398505636353,1.0403380303655807,13.664168168243968,-1.316921904912015,kyphosis
5.531700334229824,0.6535735721149565,7.534827485479,0.12354555524377175,21.162769055103894,-1.4485926722870297,kyphosis
13.423525520769822,1.2590460771611114,12.54760000802687,0.28312226937427976,16.97835311145772,-1.6471936965513332,kyphosis
10.68715449131134,1.0137740999497586,15.39012148081586,-0.47050355788040876,24.97639280277275,-0.6009703254609783,kyphosis
9.197865549073377,0.3577368309722464,4.282189591718353,-0.9924765883669282,19.102563815045553,-0.9523905555796753,kyphosis
9.250666166548005,-0.822176467419822,9.55557466832174,0.4216086209752675,22.840847188867112,-0.1010255155129221,kyphosis
4.540300904498929,0.8789425137009127,10.509073347491865,-1.3584810618839807,16.766016663009506,-0.10141966587994444,kyphosis
3.387334381359245,-1.0383582042154602,4.721756977764263,-1.4864311911853314,13.14605378003924,1.3548258239676743,kyphosis
10.464552393837824,0.968953227794484,16.681801353356203,-0.2768565032116306,21.308567028505134,-0.07429212685021092,kyphosis
10.365608249576235,1.3021059310495628,18.881392025297174,-0.14971709211272097,25.295839826430214,-0.8851732281899457,kyphosis
6.745241054341171,-0.5220940335097722,10.697659203180939,1.1494603607240514,17.85639986277403,0.21084540041418198,kyphosis
2.438078280042518,-0.0384130056819928,10.615302783855238,-0.8539801771376766,8.774348540021952,-0.10796725439828075,kyphosis
8.828461569188578,-0.8767277804043109,15.759797324387256,1.9163657495435316,21.95029120889067,0.5699653899335565,kyphosis
10.086398433431176,0.5460381019707934,18.778539468397348,-0.9650779328940498,25.774907375377264,1.1305835393567547,kyphosis
6.190471811553385,-1.768141302379997,11.724355263778335,1.4363442002424578,15.831024030489834,-1.6153848253448464,kyphosis
5.367094146154632,-0.5434805352371389,10.850356376609167,0.35649808540322864,14.979940972303002,0.743687979944652,kyphosis
12.191063363822575,1.4447241097728971,12.941632756203896,0.052193666272285326,23.90544909560465,-1.4989173170120307,kyphosis
7.06357364625257,0.8124365928005659,14.864927978768538,1.5154310914610687,18.09097039513729,0.11556644072932303,kyphosis
9.326455184484574,-0.3128479272687302,17.080986713305425,-0.9555055322886405,30.27592156878499,0.44014781529589897,kyphosis
9.237146116534827,-0.39848211054386046,9.825358526681145,-1.5053489474578199,17.27030463994831,-0.6351737522452393,kyphosis
5.180989425196757,-1.142761779260458,10.936344512279337,0.35258326451243455,10.882221626330676,-0.03324475948819245,kyphosis
6.950588395865149,0.42053968932673697,10.259724537025338,1.3920211063720331,14.159434967863145,0.2922562010517851,kyphosis
11.334999720776786,-0.46830237372207867,12.024720094225998,1.5516256094998984,17.156269313670645,-0.670690199375144,kyphosis
9.339674164297561,-0.5280969852055369,12.78912899667079,1.323141717090571,23.0246369185206,-0.33001011980503586,kyphosis
7.202883558598269,-0.7764715957447071,9.166351832455993,-0.07171345030971461,15.420694573433273,-0.18227617859146747,kyphosis
4.398735289691853,1.126973813129632,10.050374232123454,-0.6483554728638338,15.141066324684175,-0.4097710734515934,kyphosis
7.551036796342351,-1.6664120399248947,11.318157046123769,-0.5026235134676746,13.589782313411202,-0.580731331112944,kyphosis
11.873749056515067,0.9109341401601679,21.17058070323739,0.14237437336107173,27.503739313296087,0.19019460326451204,kyphosis
0.9502250073781835,0.06924100742337815,4.886916442659108,0.19051492203117917,13.882173198797505,-0.8194110089042516,kyphosis
6.016763987431846,-0.4652801951486942,14.250308263748188,-0.3135229777238967,15.462430521924206,-1.7731452164463077,kyphosis
9.900719534796284,0.03794832473381738,13.362595044152291,0.4333645007051173,19.15493350456719,0.7797555020275726,kyphosis
4.277580688761403,-1.6917758275697274,9.252168541955575,-0.6731403621084099,13.383049397945559,-0.9176077290230079,kyphosis
5.4676813374696005,-0.11859608901511662,9.859669360775126,1.0261561243445187,15.58959361465313,-0.990169142997787,kyphosis
4.128566850185851,0.3740188899799878,12.579039354885754,-0.6561844365271635,16.899955382410738,0.7939389931459045,kyphosis
6.923696720018716,-0.44991527391188035,6.382869001245689,-1.2301691848340122,13.24146687962587,1.2601873157053034,kyphosis
7.113503964790211,-0.8057300396956435,9.013814368628344,0.5718379462999532,16.01258741432459,0.519878605712257,kyphosis
9.408634166962829,-1.6027007481472315,10.771120394816544,0.46048015943769544,20.439948073363997,-1.7695673139259511,kyphosis
5.046490682668016,-1.1566609187986467,10.735184364591031,0.7540965633980192,14.146730324855724,-1.121896560795164,kyphosis
5.166188344331019,0.5029413432784781,12.271826005818617,-0.1831641117380902,22.37632975358387,-1.2874546425498679,kyphosis
7.338084132367727,1.591267245873327,9.378020981277661,-0.6363864618732811,18.0600489356637,-0.7612068892481811,kyphosis
6.485210452332954,1.272801831256682,11.703269413586003,-1.8057786246388097,16.49450945818318,1.7359897844093095,kyphosis
9.285626268385199,1.0577118337641447,8.951277176878804,-0.7908271974774496,17.32256915637943,0.1277471277537644,kyphosis
4.0890090069603495,-0.6752895623479088,6.040517567842545,-0.24476507145829654,9.45957108923431,0.5457755358582462,kyphosis
2.473682335122257,0.30650219877678786,10.230772165771738,-0.010808276861947795,14.893935482208775,0.6603446555392523,kyphosis
1.9897751043702692,0.14505585739262508,9.243871376828848,1.3227128436513729,16.187290601321028,-0.956134889624978,kyphosis
4.984848751753399,-0.4612221055232688,8.798677526692734,0.6605280287813158,16.4140088445649,-1.468666107521066,kyphosis
12.872157701551291,1.3209402539495905,14.632015621541012,-0.8437055028918027,23.586804290230727,-0.33991138756268435,kyphosis
4.230711339896193,-0.39989670117583775,7.079571728874319,0.048454097925324666,13.669434535865074,-0.16728953316049802,kyphosis
11.087042621828084,0.4029238132996099,10.414448852807958,2.9988068129461642,20.181976126075376,-0.445041942402794,kyphosis
9.16238990955883,1.0352531821466928,9.50475804789391,-0.16225254438068,17.750385736326677,-0.2840536714639359,kyphosis
10.132535816549405,-0.551471502930332,14.378943994823418,0.0009811377883758232,23.016611994818575,-1.4562261700728583,kyphosis
4.169458937000002,0.5287026750080644,9.814016488889907,-0.5485751100589936,15.423647210714995,1.1425499381820516,kyphosis
2.537985294894588,-0.27995535707847996,12.66100857122882,0.3669339250755661,12.5252740553457,0.8145046094154129,kyphosis
9.068873932412307,-1.376671696192262,11.918186400387711,1.5659667048947912,22.307278925577425,-0.251936039939599,kyphosis
6.7290706991203955,1.930428970441179,8.08670130471888,0.942216363873665,16.776389883808296,0.19546557644587909,kyphosis
3.8947599041768264,0.8310997228922514,11.04844723689591,0.49796122196220777,16.11722069785101,0.02287510995439096,kyphosis
10.006075179334346,-0.9240547834530383,16.05521739524229,-0.36338715545942685,19.027892324461753,0.7529331967560047,kyphosis
6.451348782357032,-1.779676981219535,11.515057778268673,-0.25800647013199324,14.712168558825086,0.19919457066984533,kyphosis
8.188412821233536,0.7571431167983054,15.89390916974805,-0.00582912195674036,22.24080295002168,-0.906968531212131,kyphosis
2.2810345704972903,-0.9289624796866149,15.366397110378623,1.267046650703725,18.491159709252322,-0.9417220361486951,kyphosis
8.385581608755624,0.34721342765233704,12.28295532511376,0.40444831855538727,19.07762061366691,1.491682450303938,kyphosis
13.557350913441054,1.4653854644720277,19.037247713771084,0.1846570289760584,19.93747538314583,-0.5936652066403181,kyphosis
6.632611038194847,-0.32153319933661634,9.717863110184865,1.6809647857971852,15.05144842004164,1.512071989806376,kyphosis
12.53384212053971,-0.3848155968021266,10.674751094111429,-1.816649073958353,21.155553641567487,-0.522103817040693,kyphosis
11.557882686283476,-1.96425023360247,16.186248935785944,0.9431713238433093,25.978818902652716,-1.1065344583260306,kyphosis
5.078679110215169,0.18199782002176831,12.6557793638126,0.5350949008487698,15.808979369590165,0.6859847358919161,kyphosis
2.54381734038562,-0.8494523239303629,10.2488933860253,-0.32447955714796844,10.295921735462805,1.3959978347799473,kyphosis
5.959933402234504,1.7653774940843667,7.561455398590748,-0.18333054036549323,20.53374382306223,-0.8458743451950775,kyphosis
6.38164173339297,1.197065428040871,12.214492626266743,-1.135573325381819,15.46429748933333,-1.3251210463226268,kyphosis
8.929092503654335,1.0843549001640898,11.339712126045217,0.3381678032415189,20.30994002906031,0.44376021245401553,kyphosis
11.307636898070266,0.8359019046172564,11.360833425666906,0.2164584289642921,18.276175276835605,-0.24086459324075976,kyphosis
5.152092652305869,-0.9349794440679964,8.913856094638273,-0.253101000388461,15.612001639053824,0.6380168011910988,kyphosis
9.915767328916962,-0.10505101065148967,12.780713918957536,1.5528419261884068,19.367483263425928,0.2971340409980623,kyphosis
7.342737135236003,1.8775663125596538,9.87449623190399,0.3170641543149759,16.685108695437865,0.5023372113695315,kyphosis
8.760531145503533,-2.1916469697499523,11.156084480319631,-1.7203523803804235,16.474526163218272,-1.6243228982521527,kyphosis
7.1147586081802485,-0.14262380958904522,16.198912883991802,-3.254080926007061,20.973522326127846,-1.8613473842535868,kyphosis
7.566366543473981,0.01750396301106747,15.73745167796431,0.8452159347378054,26.696575705009742,-0.6351738899671615,kyphosis
10.7153808016234,0.8834584584157608,10.203493211409539,1.4229478115671714,18.349473502366532,0.13191235838607693,kyphosis
8.530670031653036,-1.0791064092004519,10.087791735425535,0.23115099866285838,21.378755661503575,0.8357469259699178,kyphosis
6.584404918546647,-0.49184063471822925,7.8986786251870535,0.9267396757794526,10.914685687476583,-0.2612271712547838,kyphosis
5.969928912858572,0.005024102511056506,9.9335846682844,1.7608886437854836,16.86958049989967,0.9741759827305447,kyphosis
7.31795949667038,0.3188089633926152,10.408641285351457,-0.2276921276068351,18.838425980734076,-1.2222598948094867,kyphosis
10.116837567387748,0.3356226998377177,18.70442088794905,0.04391466449491853,24.402137847503067,-1.410503226496852,kyphosis
7.443578321977049,-0.390972724198249,8.368991886602327,0.987877961400736,13.570971550946489,0.49621996824701586,kyphosis
6.7522877865915145,-0.2514163671352664,11.86619866557496,0.18361561219930286,17.17114281247807,0.1068671502265321,kyphosis
11.304037153363659,-0.38769665064286224,10.32159968566389,0.34831364883891336,21.607722915552202,-0.03723730423975323,kyphosis
10.743052878618247,0.2242049125854982,13.587770385034391,0.09588848782856677,19.540758434082242,-1.2596622784857028,kyphosis
5.809124170801945,-0.07594832214311555,15.30601981921905,0.008762291867347036,17.834221011056158,-0.6548699178415758,kyphosis
8.966987267277345,-0.29628054223672434,15.325433783583705,1.9455253673416844,26.98216565595007,0.8948778764462689,kyphosis
6.016682596784811,-1.2654019127284868,15.738441196586553,0.25063340423914654,20.511246270963102,0.8327037294201874,kyphosis
7.886597647848685,1.0181850026761283,13.286956769370386,-1.4222985785296878,19.422198940728876,-0.7750810214714137,kyphosis
6.7229158318971995,-0.6961937849012091,6.719152227805092,0.8586225124333342,14.785831802709666,1.9241199539301437,kyphosis
10.502440421767256,-0.9017116770164529,19.319528945162276,2.1126133648704104,29.227443147588982,0.35936811465126667,kyphosis
6.499371081875303,-0.20714794487623922,16.188525198305335,0.3172295950526683,26.82423701824615,-0.057353349982518426,kyphosis
9.64174242804518,-1.4708700629711626,12.832660217775274,-1.1592189176514358,17.019020360245122,-1.1860590806878566,kyphosis
8.044793243662488,1.2084585641308647,16.244001918998265,-0.1657549931968806,20.07400898740551,0.7396754616970275,kyphosis
8.950701667500674,1.5583110710093018,11.459781234316258,-1.0773914500412558,21.90609036465291,-0.42477273885864786,kyphosis
10.196131887301874,-0.4479331715923946,12.762585824150053,-0.3168815779067625,16.062478170127598,-1.0698846944758384,kyphosis
10.795992556201133,-0.8044255781934276,16.13621785553706,1.4474009609245988,17.03733089075996,-0.6053077846412942,kyphosis
6.590305699723487,2.1666673677414594,13.173270451014309,1.3052361874367955,15.8627832157045,-0.3268151061249186,kyphosis
6.9276827440947955,-0.7306991632213851,11.128964515992536,-0.9991241029796293,17.608072475498123,0.5470737480563698,kyphosis
11.411536259526208,-0.8586616611496858,9.102841353279146,0.17729732690711858,18.522725901977935,-0.9925275947282571,kyphosis
6.922817052677455,0.3723070415104813,12.89606541597768,-2.6566139410392067,17.36236985418516,0.4434561060132515,kyphosis
3.409498987453202,-0.024850612065107816,5.260727368467086,-1.140301865818759,11.913485977088552,0.5298591232023137,kyphosis
2.5274894919286846,-0.4320610674125765,6.448174707158128,-1.4887024356204084,7.84025582147027,-1.3498853129793051,kyphosis
7.828919685255649,0.19666828021218397,12.545694259284208,1.387198723827325,14.1379903712858,-0.9386478485517442,kyphosis
10.38790637650645,0.7661595221385085,15.639508669811942,0.2984172188263141,18.243616306105235,-0.9881763626073492,kyphosis
6.381042463348472,0.8525641651708618,6.048372177889243,-0.25943380192951443,11.702937004911508,-1.298717355671328,kyphosis
6.270629019104932,1.628053743586026,8.446561943232194,1.6148932274516357,18.703204716367253,0.4100804333148864,kyphosis
4.634266132833352,-0.4570880225915644,7.707591304377158,0.7627087873998919,14.498765430199114,0.1843765914336219,kyphosis
11.009349867321108,1.4631787237516252,10.793117365967582,0.6663891641923575,18.816499355007956,1.4095300427936774,kyphosis
13.133776343535825,-0.1523008317382591,17.139772989947332,0.7879461541727192,23.83863278963817,1.5817749180417362,kyphosis
3.9461519704870645,-0.13851025881475382,1.0320176988388527,-1.481629648038966,9.985586570962688,-0.315975601286844,kyphosis
13.79349192929923,0.09017895224026089,15.225262434189107,-0.2822763441340047,21.329290197918322,-0.7858619168269707,kyphosis
3.402853750655212,-0.04605876370982293,8.507127552218918,-0.48738064214305227,21.092974777131936,1.0019841378928036,kyphosis
8.192700010457479,0.1036066160624998,5.135287940243848,-2.515844791304409,9.404222978435056,0.715801443019908,kyphosis
10.556529676611012,0.3044831534796883,14.748295021096023,-0.543444794439848,25.993999503152665,1.026319777142607,kyphosis
6.98120914069222,0.3957735093328879,9.863757032312716,-0.19075945252084633,22.696583508811315,1.0275819688031034,kyphosis
4.736674004105911,-0.026728809950264876,13.654883293380754,0.3126491847540549,20.75284562828497,-1.3481772142193893,kyphosis
7.282115178554571,0.8984662251781975,10.762587344038844,-0.637631744601511,18.349173078527958,0.17345962401016324,kyphosis
4.726902099438833,0.06446773792838392,11.904431587234034,-1.6973206004985544,23.076449534627542,0.24462957608834474,kyphosis
4.788371196456116,1.4157371424714158,12.411070903477063,0.5182349148205871,12.137200819528331,-0.19770177929640723,kyphosis
6.449765211315144,0.0016969422595547166,11.481596124192745,-0.6929722474554274,11.160411304353401,-0.8155630659244439,kyphosis
6.9704553708616945,-0.12123210993918465,16.11960768869915,-1.8027107188874678,15.571637872697934,-0.08570048993462817,kyphosis
10.024750034813582,-1.849996628725545,13.402202721740759,1.4234652412166329,18.46610030595705,-0.5111105649212816,kyphosis
6.972070212985285,1.6909075106671883,12.802481680946302,0.11725475181722454,15.94858123542942,-1.3633515268361678,kyphosis
8.705189648657177,-0.372735772377159,16.93107682728691,0.9046865897075451,24.015872051186808,-1.3986750021964067,kyphosis
11.722626640027997,0.15022445349543503,16.749749506384116,-1.26993570126293,22.448722749402116,0.6336018594076143,kyphosis
9.962425165703834,0.059982919883969546,14.88761279454079,1.5013810430836556,15.6353236072862,-0.6810939299210563,kyphosis
2.3085746647836363,0.056345120894978944,7.806225056896622,-0.33042528471797783,9.650549299068473,-1.3918261338865063,kyphosis
7.982790039299397,0.14359770267119634,14.269902697110298,2.235224243074727,14.608011479196863,0.20950531585179571,kyphosis
12.682900930167134,-0.06567774664531302,15.356890532473868,-1.2429487038655567,23.75753265471408,0.025287344233205295,kyphosis
9.363371187004047,1.4765860001682047,16.224759857766895,-1.613264983312148,25.54036307978221,-0.031864778866760105,kyphosis
8.521599397794025,0.2678262112574185,12.06513788710636,-0.9847545400126007,23.211131033250318,-1.9874706883695097,kyphosis
6.683661825604297,1.084998470477295,10.26294611176565,0.49630740783885263,15.655365008177784,-0.599979574422365,kyphosis
3.0321298543875,1.7558898596209722,5.720750500631336,1.3517440575104473,13.78804531576767,-1.1894984723183641,kyphosis
7.561202633690305,-0.6411839808242528,8.653430566026362,-1.049093463962285,11.589192462110093,-0.2830959350300522,kyphosis
2.4205410846219846,-0.4236148925606516,5.7452453404733355,1.1152502017329127,9.483933137963522,-1.0542249281077938,kyphosis
6.635418808120799,0.014939560555093493,14.485329766859051,0.42110438466971684,18.63044792541584,-1.3483859438461694,kyphosis
6.282106348961632,1.1258494615175192,7.827173170822683,-0.07511766780680505,12.922299848558447,-0.865131966138953,kyphosis
7.6427935972769,0.3113660255055134,10.355971277947626,0.10259438162483085,16.07485747101113,-1.1488212234096702,kyphosis
7.822035108262456,0.7523750374744564,21.158257846386174,0.22268904061298303,29.591292612499466,0.4165801322375805,kyphosis
13.172016073287251,0.2592217264569688,16.472506314469022,0.08528667089721192,21.928666130452797,1.1316076387835818,kyphosis
8.539705597788956,1.1951583324983794,18.99263901779824,-0.09469273334809195,22.104318202820856,0.4036808560971585,kyphosis
2.4530933086766544,-0.33715428874540454,3.7710435149604944,0.9282116908354453,9.920652753839546,-2.1046867737060397,kyphosis
4.316789844536361,-0.39035540111519035,7.42321169074542,1.4603066585375177,8.586562310112704,1.5073425481329679,kyphosis
4.624875908071651,0.7679733922273706,10.998769464602754,1.3703919425172104,17.608710411508643,0.5632053249856227,kyphosis
2.8827148070319795,-0.0594755107321631,10.722251977385243,-1.7586519581453746,10.38891341422128,-1.1393426553965451,kyphosis
8.687517420678557,0.8617078029134809,13.085793364272837,-1.2214070367937697,21.61094872458417,0.6674720097473074,kyphosis
7.53204810015243,-0.22882665333799596,10.387710955217925,-0.14092791365861915,18.45400038093275,0.7250380178764056,kyphosis
9.190086331133948,-0.7667713426682832,13.722790598230967,-2.204772884902987,21.248824242373455,-0.5346005430684944,kyphosis
1.3606567017290412,-1.8253871416897751,13.44633456967883,-0.7775948100774628,21.445388582058147,-0.7808565967381174,kyphosis
7.97892511673098,-2.131656841453404,8.595785797340763,-1.0044891937211886,20.203116767008066,-0.14840306098610673,kyphosis
2.927214040695754,1.1619879264173891,16.007689770804106,0.07223792690022067,20.49494249304749,-0.06512726880077303,kyphosis
10.975425983750242,1.3892758960513205,4.414754431821406,-0.37811028520195056,8.090032011263757,0.34378525338664406,kyphosis
3.4089126026155347,-0.7099817891641748,8.380955000577393,1.2280890534541766,10.689806909126492,-0.46971052295033877,kyphosis
7.012677968913131,0.7401436489292486,12.541909027860521,0.7898761484622279,19.71076874239739,0.8468009977933434,kyphosis
10.137265873151167,-0.3728087779199437,11.18655756930086,-1.4753026420309208,23.44339912671429,0.5893688305452475,kyphosis
9.434953060267077,-0.4764189520519823,17.66609885166461,-0.764035469949635,24.80913155453615,-0.5650265888973589,kyphosis
8.287601525205522,0.5669536542253503,14.191303345003151,-0.49177471055436583,25.45012807374432,-0.6258420685774791,kyphosis
12.837634746071652,1.5674775649761714,13.144822757746049,-0.2965509596093415,29.47407463232706,-0.08990211742139963,kyphosis
11.212266765806659,-0.5175583237336484,9.651480369499096,-1.946663893741508,15.675294597262827,-0.5019327993257066,kyphosis
1.884392428687364,-1.4508627064411825,11.123240605568794,1.1303355493067164,15.503229194893402,-0.7417131904794045,kyphosis
8.883639721797497,0.52798777045024,17.54244070287358,0.26575550950480253,26.787874238936176,-0.045644070744551984,kyphosis
5.380372301177777,0.6756064125900719,8.986342243211325,-1.5135793655297913,11.146758089312284,-0.08672567601149818,kyphosis
9.85335284431321,-0.15096189422150683,16.83587647584262,-1.12170452340096,25.93568632242065,0.4665666895336608,kyphosis
5.154508027814046,-0.07450030621856889,15.72567294224093,0.9215995536791058,27.69148860414397,-0.1192498458339544,kyphosis
3.962881095138759,-1.328340224029111,4.878934159951354,-2.128223977668006,15.497672897397981,0.603187202738363,kyphosis
8.060879231820088,-0.1568832795536248,10.995180847068513,0.5815066916719115,20.72118363124551,0.07881594880772567,kyphosis
6.210433964438856,-0.7613285406735819,19.508052259064204,0.6176074275842615,25.24908628305303,0.5342663996554387,kyphosis
2.6106159707382544,-0.7495435213055348,8.943561302398606,-0.7153614988870273,12.231880992000093,-0.379965429382309,kyphosis
10.453559480790672,-0.5763982878837092,7.495863820080655,1.135355470924936,16.808502157971976,-0.03216451361854356,kyphosis
5.23552720088208,-0.3670004018176856,9.796834672181275,-0.8402091267035774,14.59361020746707,-0.7258174070910179,kyphosis
4.425798430541903,0.12871025941630312,9.689085681331093,0.06825387094135758,19.441829924909726,0.06827722832656767,kyphosis
4.06438429767605,-0.24606068758090954,8.1537737794487,1.2644572488400527,19.435679699276946,-0.5532355546886993,kyphosis
8.926221465708448,1.4309332878962078,10.493420680833706,-1.3879587358613792,17.800387164977096,0.4872126121276826,kyphosis
4.342269889800839,-0.42579352890801464,8.346122228015219,-0.011851811177379793,11.225347952459222,0.6122718741381586,kyphosis
2.0676386800289284,0.32359139353024435,10.160791123762007,-0.9029118060642409,16.653585030917295,1.9311498299550158,kyphosis
6.241384521220004,-2.7106099206691523,7.424001323767845,1.0499431853871433,17.188021811498487,0.9043568391383052,kyphosis
8.120724362677047,0.39901602663058394,16.69432825876487,0.5034560674878377,24.589530667203192,-0.9092508401654876,kyphosis
6.192103577649609,0.6817005985326534,12.10394261084323,-0.025150323857757156,16.892399519583055,0.38892550378634155,kyphosis
9.398718084115297,-0.6827046157785236,17.42794338317422,-1.392995590743817,27.98380067560159,-0.6560999160344585,kyphosis
5.171225742085953,1.4830534801558686,6.416249183963716,-0.3551065281666979,12.88059225045215,-0.0930405078088542,kyphosis
10.0028409119006,0.7556534664466306,14.507997635096249,0.9747925823336558,16.884353752720532,1.3203200877343115,kyphosis
7.4571071825221065,1.0483962298558762,20.708837208436236,0.8189122586738262,21.564401459135805,-0.7558811892756268,kyphosis
5.065036515875565,0.8072885287626695,5.47065434443075,-0.3649138222938416,9.584560753990548,1.3749947729526244,kyphosis
8.160994249782956,0.7394560483283114,12.656645751416379,0.6119820944750606,16.955196274555107,-0.25140041953640757,kyphosis
12.700700350131974,0.37527490910523115,13.747942408957314,0.9327119131125198,21.861983419553653,0.12361155069578222,kyphosis
8.160193038990606,-0.22492105577285615,5.633248032553578,-0.9167942046012802,16.897669687360455,-0.7811261637382106,kyphosis
1.0264734791262575,0.28009533858762775,7.79710554154762,3.1645005862226268,14.001491758161372,0.6720793983272628,kyphosis
6.009709812615447,0.9776445030637582,20.014578137313737,-0.21161717818596157,22.704687904291635,-0.6651066162663818,kyphosis
7.62505130074948,0.4406775412549303,12.486641297858018,0.6982381770403226,19.802739530236938,1.3983523705022363,kyphosis
13.35331766087959,0.8881261485435463,13.411830365975533,-0.8520990637917234,28.358887756554367,0.2813343004520242,kyphosis
5.791275359942938,0.21321787366658393,14.547408735353045,0.0813992997761016,13.75513420929117,-0.2766729548834844,kyphosis
5.680008039599584,0.924490032660416,14.947683439494583,1.9899022925188212,24.447442723248557,-0.3869016876251076,kyphosis
4.302468147603463,-0.3356634546292457,12.25798917446901,1.084929382986779,13.540440071432982,0.2861178976289413,kyphosis
6.84485186712202,-0.6596655575842983,9.86460862838357,0.7557803953919976,17.36533558156385,-1.254191657930037,kyphosis
4.766386295224056,0.1280911433941547,14.270494322912496,0.5697337401357707,24.01570776283351,0.30903988294161017,kyphosis
4.724721005590367,-0.31994780595559263,6.510412495241834,1.7571314107933318,11.626072965567914,-0.8735309515786197,kyphosis
6.635831559094072,-0.8273787168762089,12.698480373270614,-2.1247743083190858,21.712536512861664,0.9796189537677699,kyphosis
11.936881299099799,-0.4451521336841396,17.763238858839856,-0.654801362675872,28.0410562365083,2.0508816455637104,kyphosis
7.156886854652327,1.0396744983102106,7.921186708170916,-1.20900275281406,12.390159036799282,-0.07094111583448261,kyphosis
7.058091469993531,-0.8044266964094385,12.536534487571704,-0.4584526389454015,11.254877352755063,-1.5404542417455078,kyphosis
5.766835243416985,0.9979369774358545,8.288094292258766,-0.5673181376423255,14.634653119453434,-1.8151470696250334,kyphosis
5.4429741491635255,-0.25181599350003386,12.503303482351766,2.212665412966973,14.215084905943032,-0.6971623807335677,kyphosis
-1.2429916839700574,12.200282560484707,0.46442394176274704,10.47012209578402,0.5936608006656418,7.910662516310204,lateral_tilt
-1.1487031500857765,16.270527686965796,-0.34301024231287225,13.086447293541465,0.10671235020622019,12.860040910792282,lateral_tilt
-0.13222894829483492,14.454739103377007,0.14037470794780255,12.470702030746722,0.21027054206216456,12.664501906326318,lateral_tilt
-0.23991144306778533,13.37990661173776,0.6845271630628263,11.710424419686237,-2.4062137822138556,11.850923029718176,lateral_tilt
0.6422856027804396,12.7046141035483,-0.14661446794364016,11.1021479228232,0.018192253996410362,10.545556272592103,lateral_tilt
-1.4994188490181664,23.842049230792643,-1.37193666779031,18.278673866189457,1.1039035736438263,17.836186872550805,lateral_tilt
0.46114772100347623,11.809072051507323,0.46593830913323403,8.717574735361692,-0.1875461086360559,6.601110862073975,lateral_tilt
-0.7526045919662161,10.543435507512909,0.11115801966439276,8.406659109077475,-0.20400722124663978,6.526539145592738,lateral_tilt
-0.912095265261172,18.46592556384794,0.6384077383230005,13.072707399527147,-0.13132028446369148,13.127999501230004,lateral_tilt
-0.14532017158190155,9.60805021561617,-0.18379175611840448,6.25290014819422,0.08310930346723584,7.748269487145293,lateral_tilt
1.1305601327514416,13.263612961202176,-0.23303261303296288,11.526848958099505,0.03534756195112419,12.786880953288303,lateral_tilt
0.18121759148890704,5.887673384434575,0.24208848876064548,2.430500892847573,0.8096511278324057,4.5690633666036335,lateral_tilt
0.9147151267046919,14.72755508590384,-1.057993415192221,9.089099653595785,-0.017019279552472337,9.61874369139091,lateral_tilt
1.5290721971516417,8.479763765613365,1.1382636679653009,6.754516614949455,0.05624642405723951,6.798662047226744,lateral_tilt
0.4357312855027668,14.638638311948785,0.13691983249487336,9.065139533589079,0.1673116376155808,12.097663817665612,lateral_tilt
-0.10397556257566223,7.10516416788587,0.8395987795268772,6.612071961565012,-0.35270580269206236,4.007558828922907,lateral_tilt
-0.9958107281485848,24.223199442789422,-0.7244603411443635,19.888321703820328,1.711189061649063,19.100575341624126,lateral_tilt
-0.849107021987005,13.334241261929257,-0.7498276464666982,12.54141731601767,-0.3873839522853142,11.148237488292358,lateral_tilt
-0.4244243795251789,17.539388173958464,-2.183504252522321,15.262689390775318,-0.4113322803866864,12.834133594005403,lateral_tilt
-0.7631814055293336,19.593432975937926,0.39474000143042054,15.97100386402711,1.0622841745285259,12.56165100505412,lateral_tilt
-0.07775559367207183,7.136633222675262,0.2305301612477189,8.112677551402893,1.2034442035064599,7.357380655022335,lateral_tilt
-0.005407807341869452,10.375970458554807,0.4227450926489609,7.717299240658452,0.10045615731508312,7.622647968019477,lateral_tilt
-0.7019331093911598,8.181185701055904,0.17685556478911973,4.205532739856826,-0.0819992154231251,6.421987177741784,lateral_tilt
-0.8490671151042659,9.983828780461664,0.13648116314542308,7.819334227145015,-1.014262779041135,8.230015405543972,lateral_tilt
0.5651439330396845,10.206809020071283,-0.2269179699232558,9.622186527489728,1.2046323272289876,6.946140106679142,lateral_tilt
1.419380749070135,13.348621129145156,0.4261366816632266,11.445830370880444,-0.016217058911218902,11.67882228582448,lateral_tilt
0.887693580003293,22.653113858311997,-0.49859287221636595,15.77054372104346,0.08802216229284793,19.030702128525817,lateral_tilt
0.038376179916359,9.289440401255433,1.3657251714502552,6.741537650518895,0.21438845503596796,7.750258649538619,lateral_tilt
0.7349848684269862,6.516392450664264,-0.09153379521280242,5.032971301823947,0.7374856970442243,4.919639331449043,lateral_tilt
-2.022669674219358,10.126767277314702,0.4304210836093567,8.92337718127926,-0.015250086754006848,9.828405738831108,lateral_tilt
0.08526834549188793,10.6924809826088,-0.8452320475833311,9.144689088091088,-0.26397657844786343,9.000374110541069,lateral_tilt
-1.010210273358411,9.185156649745469,-1.7171711652005923,7.362786616030418,0.3231930764350926,7.691828039366362,lateral_tilt
-0.6554777486676645,11.434078225584415,-0.6896344644528225,8.82238523126949,-0.44733463947186936,9.977590123873078,lateral_tilt
-0.46173635006503205,18.14802889660964,0.9244395053363358,15.756135622667749,-0.7878261191944835,16.18159724012754,lateral_tilt
1.2261687495553057,9.786325787299829,0.06535473213421167,7.601275138026228,1.506006237553365,6.167507021924971,lateral_tilt
0.21991244203056137,16.349793202057416,-0.04517100967280981,12.799028080183072,-1.0536117517461958,12.781462146046389,lateral_tilt
-0.597323414272451,20.33982595686811,0.7589315269257795,20.364270335732304,-0.9790785008671844,16.91343732631071,lateral_tilt
-0.588904560641638,10.48687440596946,-0.30873811215606545,8.075772237753817,-0.16042850294774436,7.138265349074095,lateral_tilt
-0.13477973501521767,11.671619696770499,0.14828252005625445,8.449273988539291,-0.12686593724536466,8.661809095671808,lateral_tilt
0.5429671517112402,12.611746936513848,-1.297684780614143,9.397459617311178,-0.04342808770991674,8.406645644267698,lateral_tilt
0.628181593448816,17.045436954215756,-0.31334191356123053,14.32207017736267,0.8019362682887338,12.91650655304314,lateral_tilt
-0.5483533513511584,7.73629267799984,-1.4105248723448627,8.178917654428082,-0.10371385592160286,8.986644014905089,lateral_tilt
-0.8794093564240688,10.456174351950619,0.01727100802243862,10.523693761069111,-0.7559855057639652,8.011345205654987,lateral_tilt
-1.5491975117849315,8.84467950985677,-0.9104025141615066,7.1587512698959035,-0.8998600802687436,7.417598049125717,lateral_tilt
-0.6858239206200459,12.616685527041824,-0.8613382518123045,10.257706262671338,0.3286273206920686,10.390272981935164,lateral_tilt
-0.5481641820461474,7.31341892892906,-0.7255036275239947,2.222997499785873,0.9092393555293568,3.8352944533734625,lateral_tilt
-0.20472329652744237,9.905548770134866,0.13363234514092837,7.870877791071084,-0.11409596330824068,8.414639758500373,lateral_tilt
-0.23968794240574312,7.00832278584879,0.5863453196972179,4.1865984162204954,1.8589988938668467,4.180048036264201,lateral_tilt
-1.51833311285015,18.42379623119076,0.7523297630796475,13.070759200376013,-0.5966228470720737,15.13150507475754,lateral_tilt
0.6767205134758106,9.92751083750794,-0.6516649166565515,7.931097933632236,-1.0811161344874753,9.04942846209598,lateral_tilt
0.11854326580983571,17.31892581998479,-0.49738646050630275,16.197140700866118,-0.6321342250910273,15.821217669735354,lateral_tilt
0.6833697118565438,15.765151803550213,-0.7551411327639282,12.14089194990229,1.116361124905248,12.338771549990314,lateral_tilt
0.5230055319508777,19.918880135475213,0.9270912576523532,16.418705600605126,-0.6227756694514941,13.694870560471035,lateral_tilt
-1.3879375445989255,21.391439424329054,0.43454935263561345,17.988150460252868,-0.681036323102254,17.53603796536013,lateral_tilt
1.2724708556198736,11.512962211457603,-0.3660469320943247,8.41320253346804,0.007228393079719828,6.317706605878152,lateral_tilt
1.311032206296809,8.338825864725898,0.4284365530270939,5.869309157168585,-0.09992684774318075,5.67892276076661,lateral_tilt
0.37316655396180304,16.079962704665345,-0.23185117651677958,12.583183188534566,0.3571123755184158,12.500022099829815,lateral_tilt
-0.11994550513650924,14.306695652075236,0.66441719645424,13.945430163122426,-0.4585864671764801,9.800678915673188,lateral_tilt
-1.0803764614352904,10.817759458445018,-0.49805369754019574,7.553009794069963,0.05585428822553076,9.770936201303424,lateral_tilt
0.8414588878208731,24.626595130742032,0.026896197351575925,20.047325441462032,0.9505401856303023,16.038214838752346,lateral_tilt
-0.1996233588598912,10.022941809025136,-0.1020437445000939,7.930434624719913,0.6345382047427159,7.587751244518807,lateral_tilt
0.07685175877361924,8.241134731955691,1.7718115319799939,7.1713564386802675,-0.2708069332891942,7.783813241105334,lateral_tilt
2.3840666109240654,13.64433278300484,-1.8945342597915922,9.43134927071627,-0.35910750428549026,7.350710846976488,lateral_tilt
0.2152643740514687,8.696891599625248,-0.4889141947939442,5.204659112058418,1.4771580051804063,9.293423008855672,lateral_tilt
0.9069780041765217,13.38776590437076,-0.39206084988542894,10.419692109596607,-1.03506305155502,9.930835637868332,lateral_tilt
-0.6207244581928024,8.647291276492759,0.06926842760368532,4.242844787856455,0.7173165306030226,4.007045942937692,lateral_tilt
-0.665373842776376,17.2268405560651,-0.0863889892704324,16.25739125375074,0.37802385851883963,13.197246026883521,lateral_tilt
-0.8780319497953072,16.494756773661617,0.12666937906755135,13.9196131738926,1.419427912225932,10.747604023882765,lateral_tilt
0.21877010950351014,20.34780551305766,0.6659817401986389,18.378935606092686,0.24554910240814143,18.41120803549806,lateral_tilt
0.5512259018810526,12.861900756215872,0.08159104835891884,11.55360517219878,0.0602622650771693,9.56634814593064,lateral_tilt
0.49977905092976543,21.480518143580515,0.7465527679584587,16.16649053279528,0.5041740417226777,15.490783414106442,lateral_tilt
-0.2743141003251503,10.891038213659586,1.1604687655199146,7.670327491123496,-0.9830437359786646,8.183469249985514,lateral_tilt
-0.4493848882077158,9.309648437994301,0.3377990599627858,6.933688899529873,-0.43287671358776847,7.005537534632373,lateral_tilt
-0.27199247813205873,8.196244102919826,-0.297001867496095,4.942858989352231,0.004112417670786589,4.447409218509946,lateral_tilt
-0.7819125889305066,10.329597207074132,0.4799210069899095,9.940893194568675,0.4414867496580026,8.714282151785296,lateral_tilt
0.8127176962124768,12.570571214785177,0.9420083683855167,10.88893397021289,0.16666993166386046,8.589311004517466,lateral_tilt
0.7281367631450373,16.41398367018268,1.6347429744858364,13.042169042831178,0.17427134253251986,9.834881748569995,lateral_tilt
-0.22910424454520306,9.753103189765433,-0.273343001353282,7.179803311565405,0.05603818850416086,5.166567263804197,lateral_tilt
-0.03927039392860581,8.582461649131604,0.26561458075229266,9.714250251802724,0.712764527978221,9.72628056893132,lateral_tilt
0.2446967781021567,12.756314181292927,-0.7741274503274881,9.944718927187967,0.014126029772177471,11.742740037761392,lateral_tilt
-2.8296689341665386,13.697913048124342,0.31069597492928636,11.707982709557776,-1.9318349168282944,10.191899363445067,lateral_tilt
-1.203299902382077,10.5490102328751,1.354587993985889,9.391788820173701,-0.29334202179732,10.894274619374293,lateral_tilt
-0.4423672367341094,11.715628223243677,-1.8673024871963702,9.344824461550113,-1.0505986463694539,9.146182152839351,lateral_tilt
0.4906808037995501,20.723126299381295,-0.5799608586061756,18.278756316985795,1.0122270795973163,16.68246419459822,lateral_tilt
-0.07860384781850821,13.731714210204897,-0.4809185171232985,8.935583156404222,0.771855281153962,8.38001657167608,lateral_tilt
-0.4167816997254087,9.35729997366288,0.7826540729319884,4.037837624740757,-0.20504582234348204,6.086840997465088,lateral_tilt
-0.14525035223636315,18.408596802169118,0.6388870556401314,16.836932016357547,-0.009579688481975554,14.362328932768712,lateral_tilt
-1.8293932828026644,7.597382649116263,-0.05616383720544315,7.425944924527689,0.13482055762126394,5.997669339967245,lateral_tilt
-1.8542860894365143,9.32473040458019,-1.8983732914236886,8.40561252310764,1.0445190129744022,8.069292097116287,lateral_tilt
-0.03933706244741175,8.218009091610359,-0.07711206620846006,6.5050348206062765,0.47663299248015206,7.232149853171766,lateral_tilt
0.19430377282139313,10.142674147841934,-0.9298503384922404,9.84255777420449,-0.1700894058486727,9.975518666623245,lateral_tilt
0.11028201760019085,11.893246394438854,0.6643857892068479,9.812867708441722,-0.7926284700703289,9.42461915347084,lateral_tilt
-0.0018602633467873144,13.315627435462279,0.9741296739807025,12.491023154869087,0.28862789233429365,10.533679557603357,lateral_tilt
0.06473958894820205,11.125298779502609,-1.0553302154352715,7.312678649657961,-0.27469984840057743,6.734556770019662,lateral_tilt
-0.5804476323540328,23.1551077342123,-0.7490942072224537,16.673284648031263,0.07735051056711284,18.748289047522068,lateral_tilt
-0.5546080803989443,18.00983136060801,0.2450039347041141,16.020408774330427,-1.7031609015704658,13.226106174812248,lateral_tilt
0.4533295794610706,13.680635901667246,-0.010590372384350115,14.156640889202997,-0.15910185207557204,13.018440769241886,lateral_tilt
0.5288157800237614,10.178064065001122,0.10272437038081345,5.946221881879922,1.726475754435992,6.600120161570275,lateral_tilt
0.21326251208728053,10.7449549062324,0.15679011376102756,9.819870470527588,-0.8678035898278784,8.192737850554671,lateral_tilt
-1.1223710501005595,13.107927302105049,0.4458452907088207,11.015080785664741,0.3407115466850033,10.041241471128135,lateral_tilt
0.25003472788198305,11.431012312675325,-0.3407215247990608,7.137453372686981,-0.7413949368187763,9.266072504828163,lateral_tilt
0.26518815193272594,7.816373844836657,-0.6811292146134069,7.827253397647933,-1.1615064927686238,7.16440053862477,lateral_tilt
0.15282093848093006,16.88747512384027,-0.48081115365640414,15.703284718878002,0.7930120309487182,15.847717194346915,lateral_tilt
-0.22016183841761736,11.682657954101153,1.0313805990421634,13.467304994593402,0.9093792240380285,10.791320242089034,lateral_tilt
-0.15638313135955398,13.530444095550777,0.011934574257428748,13.130402577650141,-0.5702859162081463,12.22765839317653,lateral_tilt
0.19598997096485854,16.123888040085806,-2.2024805461563877,14.235040209547773,0.4043107554306394,10.114908991333653,lateral_tilt
-0.045652804470396255,18.351962710222367,0.3624746998766824,16.651639996729877,-0.45367946740737364,15.968403231522759,lateral_tilt
1.2515402827540703,7.484042556492436,-0.0014276308712394084,5.864689075266206,-1.9106530290381718,6.365641535652347,lateral_tilt
-0.7352603643185552,14.385613577592364,-0.3728300249702815,10.728693829244563,1.5695599018512114,11.376664595226206,lateral_tilt
0.3925866882278646,13.519303484939368,-0.6463945373775232,10.197464687626752,0.5671126873136101,8.246519227332271,lateral_tilt
-0.9407833258091046,7.287863076354044,-0.6737951488077271,7.314507996319653,0.3574800524633599,6.162978619887289,lateral_tilt
-0.3321375842813383,15.610756139217333,0.26217547431367616,12.764339747641518,0.21514301284485243,11.667416844244507,lateral_tilt
1.1540309393160229,8.274911466225465,-0.10780983407362105,7.8790509364394605,0.5681534240619811,4.485310437432881,lateral_tilt
-0.0553662777371009,7.591150350973216,-0.2852639306964377,5.796032432807862,0.1855966998642193,7.50764046360021,lateral_tilt
1.4173646575112073,13.570475730804915,-0.5787613739414675,11.602363983947967,0.9005823904748465,14.053170833289798,lateral_tilt
-0.4784748775816172,18.905937322735614,-0.5385759184204564,13.937608243402527,-0.4866458247086895,13.404916368618686,lateral_tilt
0.05089064699481027,11.883350440859163,0.007699613485590841,11.046850357011033,-1.6102243477396894,8.366010702698407,lateral_tilt
0.49321081716121395,8.305812607760242,-1.2318090474004784,9.4057111857865,0.10599325995005829,6.794694315791358,lateral_tilt
-0.01651442879380424,8.990325716817937,-1.13728087637255,8.54561814632656,-1.1992330396126203,9.799495016624002,lateral_tilt
-0.44810166235056176,7.632150791420498,0.002041037415872001,6.479481894263821,-0.36397834197280865,6.668539117531145,lateral_tilt
0.4046602241544386,17.892792405770106,0.2340873799271541,13.785220943610884,0.1632181721282818,13.3881052138416,lateral_tilt
-0.06596704416795295,23.309345894056477,0.583264286359737,20.386716895430666,0.08319716994038037,17.623343992386516,lateral_tilt
-1.6333021626030153,8.033985305595387,0.9554618772638144,10.934227650910119,-0.7295621968133854,5.899357319655648,lateral_tilt
-0.3038511028490911,12.177587430080699,-0.7888723129615239,9.048365326422672,1.1206284946337384,6.81456925884018,lateral_tilt
-0.9602115195894941,11.20995878430731,-0.1378226139281748,7.566765789381675,-0.6912901626413618,5.318632586000797,lateral_tilt
0.358145814937576,9.78826138103981,2.4597706274643842,9.462278237696538,-1.086419097103265,5.922971584181786,lateral_tilt
-0.3102409207039538,9.695753152410077,-1.1296447270770167,7.841136709765891,0.040041834929646546,10.163161139311327,lateral_tilt
-1.5221818758024632,22.426919431430616,-0.9157472947669163,14.59906196945764,0.04853574888081739,15.152156143740463,lateral_tilt
-1.681154094080888,12.191257663427216,1.2939342383859334,8.632664320158591,-1.178807368701114,6.744091853337844,lateral_tilt
1.1189686762903666,11.569920489693029,-1.1748785431474351,9.137604507069577,0.2732781584153476,8.755358070410896,lateral_tilt
0.35763629440694106,10.356076845144088,-0.5060146768966275,10.903407218510566,-0.13851481917266253,9.009042518827554,lateral_tilt
-0.6798603032458668,20.730865637562566,0.47011591018694204,15.897426095944493,-0.6202060837044328,14.108748002080308,lateral_tilt
0.5448754317112104,15.38419240491192,1.1291128377400734,13.136470098424974,-0.19897530529390975,13.085027327055611,lateral_tilt
-0.7459666665999682,7.565638549704542,0.005148026541501152,6.288457495888349,0.35318042196974114,6.057100251991283,lateral_tilt
0.19577781668634087,13.815812273074224,-0.18224320487383047,9.212908940757927,0.114019939022796,9.960343712077302,lateral_tilt
0.41504152087319224,11.368494392484042,-0.9343390989547118,10.88784995663347,0.027033400173310212,8.279306406497978,lateral_tilt
-0.20152349518688029,15.8596217484836,0.5102298287163398,10.788725208646326,-1.38824446114194,11.479094297266583,lateral_tilt
-0.27569010659694343,14.827985396503632,-0.7945754103156699,8.245786346781438,-0.3959891834608413,10.622826013538218,lateral_tilt
0.11503696818721042,8.734212344392194,-0.6375791883767654,7.4780249414499895,0.8792222456931778,9.123682074127643,lateral_tilt
0.4851649091591318,10.951440773239597,0.8315414472246424,8.9645259164879,0.9617911591568046,8.355893056824561,lateral_tilt
-0.11676161855774621,15.021931067326964,-0.4501514274567764,12.290538830242745,-1.3069604143333244,14.235495521493903,lateral_tilt
-0.8985308747243853,6.969190602782653,-0.617920097308331,8.504145395596709,-0.19018696408136282,8.37594388550671,lateral_tilt
0.7878483964038487,7.225933111361927,-0.9389229267080957,6.970946091536026,-0.6366576865633218,6.02058515917172,lateral_tilt
-0.8542958267902119,11.795377152828587,0.4035455500788134,10.897542129774976,0.7864026492791272,9.55502068353315,lateral_tilt
0.2983405764345634,8.53202009308204,-1.5169800150558925,7.7860383024339175,-1.0170877057115013,6.452601457540659,lateral_tilt
1.3858758566811256,16.216092700754235,0.47603985446730557,14.683679700404047,-0.6950575756843677,14.892991741817895,lateral_tilt
1.5200178983437242,10.299852568101178,0.17697403213501758,9.428133745208276,0.7478312916911711,10.107417143223536,lateral_tilt
-0.5702018382390028,8.68433037921975,-0.24877771018070793,6.333048389151603,-0.46273026525828914,4.787371638212422,lateral_tilt
-0.4000930900697885,21.286362507326587,-1.6477421796515737,16.03368338828836,-1.7498837269686935,14.053463548019934,lateral_tilt
0.39833113193968983,12.862064109371621,0.9487923854017967,8.434154214452734,0.5457280708957939,6.2927307941174515,lateral_tilt
-1.3422143746159727,16.73698658943367,0.2525340780831899,15.43129524257753,-0.7524998627107654,12.50456296187091,lateral_tilt
0.9313895113610977,9.129209023947015,-0.33012258702488473,6.422429634895579,0.3162945279900203,6.760279026902869,lateral_tilt
0.5985586862715654,12.146067138806679,-0.7024363740294317,9.167238239072477,-0.23956433871877525,8.620385036384029,lateral_tilt
-1.062993100695868,18.361432956642044,0.18769332055315713,11.443950121336984,-0.03578740597046522,11.310590516367855,lateral_tilt
0.032846017564930295,19.97462564291397,0.08140121517226297,16.456494914085788,1.2259062447477858,14.768629673181298,lateral_tilt
-0.5652965527805337,11.834604796889723,0.20532113825514153,10.27812018380279,1.041153995598952,10.533962669950347,lateral_tilt
0.019980053068847967,16.7974641973065,0.1800478632417362,14.380061640093283,-1.6186942969474565,13.339730257041264,lateral_tilt
-0.3418947550686437,19.47353877783836,0.12224592979010712,19.336905458127973,-1.016793105986509,17.502964479464612,lateral_tilt
0.8164208100258556,10.052082217058956,-0.37572124646634636,7.977980775300018,-0.08642200036310943,6.358161386604886,lateral_tilt
0.6923126348390076,9.302103837514975,0.005819310408442564,8.927924003039907,0.20040594283819213,8.074937974072979,lateral_tilt
0.3821725978265702,15.820517368763422,0.042807233149146716,13.131950909117908,0.29363360051984017,12.42391235353628,lateral_tilt
0.767730591912983,10.0242882925633,-1.5754935393356002,7.459379469971431,-1.2757687176740875,10.7363217549266,lateral_tilt
0.09077152260445247,12.675717079013781,1.476293225292865,9.330422974499609,-0.10554941442194554,10.907573541417936,lateral_tilt
-1.6037090803837764,13.06747868900218,0.39273618554722445,10.910364185855947,-0.18424454784333255,11.770200948901389,lateral_tilt
0.5166394305776494,15.273872643694606,-0.2767531585802159,11.126909188440207,-1.4790868854370178,12.198941947753255,lateral_tilt
0.36150950473948573,13.600964902057518,-0.8110842538445096,7.535396587180282,0.6406743615494231,9.472526674672807,lateral_tilt
-0.35569782319615273,13.19905462506977,0.5562626113462493,8.773954989202922,-0.5919344435848858,9.443439727266721,lateral_tilt
-0.8985547263559941,15.674300548659414,-1.0306537191198333,13.912496818235345,0.2547992075046434,10.249074434876645,lateral_tilt
-0.6960150837110504,12.649564081660102,0.6831218907502237,9.866465908770273,-0.24801771435274805,7.362435606807802,lateral_tilt
-0.09108567613625852,16.466106355747584,0.4787758193575325,14.299035570841522,0.693103429828501,15.327324331861215,lateral_tilt
-0.33169671256547417,10.765605996115848,-0.41879128673855964,6.737439197719294,-0.1898762747533395,8.144163006451224,lateral_tilt
0.2756404091658104,16.62182252570218,-0.7911194425892114,15.748774194263152,-0.7298463788185222,12.184738172319593,lateral_tilt
-0.48950999816262614,18.955316031836528,0.10856296431007362,14.160250665377141,-0.21180077267089287,13.499533107637296,lateral_tilt
-1.1703749083615598,13.880729987223527,-0.9201863871677954,11.053379001114656,-1.189528700587951,13.244534053882347,lateral_tilt
1.090805877326218,9.933621557061592,-0.3384230080255743,11.649806441625246,1.3892547427092499,10.577314492708641,lateral_tilt
0.14615558053197217,17.729254376715545,0.3382528930766105,16.99418351061016,0.44661798634244043,13.724368471689811,lateral_tilt
1.8093716721091255,12.592981419917438,0.572121954346178,11.015484628119273,0.7865087822636911,9.99871282020511,lateral_tilt
0.5464622010676812,11.890587819455824,0.1928087827006478,9.633331377032825,0.10699424980538155,9.780443393720708,lateral_tilt
-0.854095283212666,9.289804271225147,-0.25157116209775876,8.182994654172123,0.3575159953972124,9.125809316296927,lateral_tilt
0.17193492935555588,10.327987055056422,0.3477129929358467,6.33317284991127,1.3952070777313645,6.355637192200801,lateral_tilt
-1.5713672607449864,14.695987121339547,1.5513388469321132,11.095044355770073,0.15707338306823457,10.927148508520627,lateral_tilt
-0.3425573263437887,10.03520785379884,-0.8610320621761723,7.632115829468001,1.520823143654126,6.7529310273890335,lateral_tilt
-0.12976262604903838,9.190701083061668,-0.48711939830623163,8.239276573851003,0.8271538070184802,7.8771933279356166,lateral_tilt
-0.03610983060983979,12.64102354854852,0.4811783171892503,9.217260510090703,0.9685096577598942,7.520822794578971,lateral_tilt
-0.18662442734648652,12.366056452889042,-1.295491407194458,11.6601083750267,-0.11839393868938036,11.971604465481313,lateral_tilt
-1.9058106703781537,19.053420049612225,0.3643599469661836,15.696668543742453,-0.12556909384571655,16.582456856502912,lateral_tilt
-0.06283759149853897,14.985019880533512,-0.5220532717981271,12.436786137021109,-0.8641558804194349,9.55727515720069,lateral_tilt
0.4709774179496611,9.396520003186122,-0.229888312744927,6.703248188571039,-1.2850393717550732,8.302230360107137,lateral_tilt
1.0106167905497956,10.518375560300147,-1.9274831280226135,9.509186097668797,0.4805978313880325,7.683977461343074,lateral_tilt
0.3224305289523504,11.97516265199958,-0.2208561640364966,9.835631999098073,-0.09961464224640898,7.588128008732405,lateral_tilt
0.5687592042378754,14.291529071506227,0.8700253176452976,15.61467956251325,0.3557851676320009,11.861653762844295,lateral_tilt
0.6975165852417475,9.661579207765447,-0.14655850539106924,6.523055094236209,0.7014816971911261,7.204826727015613,lateral_tilt
-1.373182321579183,15.203109843301572,-1.0794658602921994,12.364571986499001,-0.9040187688205068,12.271344070977866,lateral_tilt
-0.2309608344726272,9.980440571891853,0.09917113610057043,8.957215249730766,0.3482374971060695,9.696714503574803,lateral_tilt
-1.0193425489127,20.012421615436914,-0.07422375356702392,13.610209239827546,-0.3244667373418244,12.965198989178802,lateral_tilt
0.1280488804947229,6.871786820112087,-0.7782801770803123,7.439456019555248,-0.03283819464146764,6.866075349675733,lateral_tilt
1.6553036179530807,9.682916793026772,0.5196033360280022,9.651538405523354,0.3860708546051777,7.631161526249358,lateral_tilt
0.34117749054231644,17.74492125615791,1.0254191785653994,15.217001539649532,-0.2924398178959812,12.95659419645595,lateral_tilt
-0.6167002108656081,10.039954865513876,0.8130278706924083,8.562706289141179,0.19130500719069454,7.431849518410181,lateral_tilt
-0.12682021654860262,23.43682608806778,-0.27834757358476636,18.965483524809855,-0.6402535692522109,18.033244820591364,lateral_tilt
0.6186272561851892,10.451610902668934,-0.3721565571691985,8.575086838188588,0.5812662940448484,7.9888086554315585,lateral_tilt
0.25191879091613123,14.220881846305623,0.13845972702575476,12.305609168417568,-0.06167047376274409,11.246560009343439,lateral_tilt
0.06935934299464246,11.127403374822377,0.7269442498963613,8.378132180628771,0.8836981476307841,6.3765506297491,lateral_tilt
-0.939060288022184,18.004752014748956,-0.2005995582978904,17.672907313004373,1.8946934502673018,17.72468195174729,lateral_tilt
1.5884161253675193,18.060799177232767,0.27597723725733264,14.271580678984018,-0.9364641135449147,13.470083420361599,lateral_tilt
0.9534271875998818,15.432113018882337,-0.7976856758484129,11.476320410533894,0.7655666529364787,10.63637341639942,lateral_tilt
-0.6389727975627428,10.376036342154475,-1.0519181930924981,8.376179058307374,-0.6285998228829985,9.371910940124566,lateral_tilt
1.246275579353015,7.163060317607615,0.4282948762001409,7.0818321530663635,-0.11023008847154292,6.546191003487928,lateral_tilt
0.8625149285233423,8.023015988586913,-1.0520989896988713,9.462930978325408,0.47985601498714614,8.101115724959234,lateral_tilt
-1.4706502039047933,9.607979645550547,-0.08639772449877522,7.776735188208943,0.5657985209844311,8.284924966156265,lateral_tilt
-0.12962643157193787,6.910607968723477,1.5413657478990161,6.953613642552181,0.8537287986350164,4.679159065976416,lateral_tilt
-0.17213688648005065,14.360666416881388,-0.967458881869165,13.71554175957641,1.7904744454057884,12.858171307749247,lateral_tilt
-0.7583218232325197,12.017356963011002,-0.8405255570253503,9.31902478969235,0.8673596953978561,8.008957446068614,lateral_tilt
-0.5641335032232688,15.314189453864488,-0.6663773264542048,13.087335568216442,0.5944563465879129,11.534604168359921,lateral_tilt
1.5830630705687432,6.247144856447901,-0.14155848544966962,4.616388775600603,0.1944294797316901,2.212357705317812,lateral_tilt
-0.5070100778894869,13.055377381611688,0.17012900858747396,14.264103487290935,-1.1277928909431698,10.934331573772603,lateral_tilt
0.5919077878712072,10.280719577363087,0.05780295619354732,7.812489521733917,0.38786802141598276,7.254648697959498,lateral_tilt
-1.0558801482964786,12.83329697640257,-0.38682563771649425,11.653092501741689,-0.5547948285472394,12.224694549466744,lateral_tilt
0.5663915778437109,8.471307088141884,-0.8486613723822036,7.685501978589958,1.6455924363151788,5.8642880800938055,lateral_tilt
-1.589631984117911,12.312965242320457,-0.3309000195351004,9.629949602432369,0.932435801275283,11.031803894445295,lateral_tilt
-0.3995174620066328,18.01582276947005,0.682318621484818,10.721442312878388,-1.7485645144881994,11.042935294786098,lateral_tilt
-1.3294824514652253,17.199091485279617,-0.9411684027008322,14.460675099737655,-0.21949041978446093,14.669051231484463,lateral_tilt
-0.11525230721642905,15.613164330421405,-0.5418931684150059,11.295765392380085,-1.1922571458336912,12.710827522629641,lateral_tilt
1.8563520729321057,16.68014471577364,-0.21790112144075496,11.516977855196986,0.6611192686155651,12.752938362059488,lateral_tilt
-0.432699896767806,12.415837756913302,-0.45187673312599275,10.77203078700679,-0.5258066408840611,11.25184915743895,lateral_tilt
0.7205285659436346,15.915367779542045,-0.23208592502670922,9.708258982789921,-0.5053280365076753,12.86658457460996,lateral_tilt
-0.06302118154422462,9.911116870717368,-1.7704657986367076,7.6615087073813894,-1.0694360240961627,8.506926111486864,lateral_tilt
0.4893063333483276,12.247411334829328,0.23139021994290437,8.393751102790974,-0.5895269945353545,7.749929260794794,lateral_tilt
-0.04389756916681192,11.968542774039621,0.33566882000714193,8.89918473817409,-0.5398028833294336,9.417548114442813,lateral_tilt
0.22941915534492857,10.626137700555443,0.05416439235845928,10.55365180006556,0.16874198448642663,9.285409596221704,lateral_tilt
0.0003413622899511396,17.710342585873505,0.36284695677230694,16.979060518235396,-0.21254967979450787,16.066213822482244,lateral_tilt
0.13009756171405742,18.04386689324789,-1.0791230504986482,14.486827254739845,-1.0985077023650962,14.425001403112471,lateral_tilt
-0.1170758866970443,16.961800601561194,-0.17567020753710613,12.370467345794168,0.7818661158780487,13.666443441608198,lateral_tilt
1.0829748901387883,14.529599638782619,-1.4401124190191126,10.427518423338638,1.3705788964653587,9.672075685765332,lateral_tilt
-0.11694520977726744,20.682286408584183,0.04606730212515667,16.58024060566718,0.03769989215065764,17.07830031449127,lateral_tilt
0.15197638174118985,13.148254271435706,-1.0865465381404356,12.221642080976364,-0.9760587937457261,10.506849341772053,lateral_tilt
-1.3025184888093826,13.837901414638155,0.2383584350021819,11.833018850803821,-0.5085017391229346,9.087860034921741,lateral_tilt
-0.1154154645269353,19.63074709513168,0.9857405898445057,12.715214813589752,1.8104448266246669,13.612758833886812,lateral_tilt
-0.41880671379629836,18.45347363811587,0.1773724245406024,15.349402534661182,-0.06166723043059766,14.61493539538939,lateral_tilt
0.3373027779489444,9.336925288214848,-0.563735278244021,11.114309238674656,-0.20982264106105386,10.444824519819829,lateral_tilt
-1.0125245660120574,14.386131866527833,-0.21007406769186077,9.774716829509067,0.25388932694371985,10.426672663229773,lateral_tilt
0.2109366238945421,9.118241739108292,0.69006256393362,7.523106010432057,0.37155488407059034,6.039325127715385,lateral_tilt
0.5529325668302446,9.181934365667713,-0.5330088904759721,9.8595653257589,0.04013241154122397,8.569797835229458,lateral_tilt
-0.3350340869687081,10.972002916759092,-1.7735666448607,8.948179178095709,-0.19948982464484472,6.253308546813773,lateral_tilt
0.3825569160634452,15.108420815364811,0.42610529385117357,12.95957213508054,-0.5049512447427719,12.26270133627288,lateral_tilt
0.4001079884791203,18.97217406864965,0.0884686663486964,16.678396915403365,0.1777489309223475,16.96252867090959,lateral_tilt
0.5196790956729503,11.247367805726798,0.0126084225338242,7.653376505903057,-1.6589517472542128,8.051230994012839,lateral_tilt
-0.8211392497962562,9.272856445947134,-1.3100805225045091,12.380974209320105,0.47394404415242797,9.274407516101014,lateral_tilt
-0.8828906796794129,9.247857265436242,0.6507103944487262,7.185851712422814,-0.33349604337147404,9.049530136519259,lateral_tilt
0.1810850169593472,11.910324853253798,-0.15250646416404423,8.626051403634946,-0.8563739003509744,8.743649583590205,lateral_tilt
1.2038451467181768,20.09665810230566,-0.15128848100333517,14.163151466336338,0.697607093614877,11.816578111389338,lateral_tilt
0.6069830071680772,10.114163917083907,1.619350771113889,8.90565181681303,-1.1199801741865751,6.524832829147342,lateral_tilt
0.03922009718336019,16.073677041946105,0.7512806733670279,16.001560398416594,0.16016341988499347,9.637103918564929,lateral_tilt
1.5299337113226692,17.998578532843904,0.6901880685456123,14.538721383418688,-0.06810286318012693,14.327813491379468,lateral_tilt
0.07105201007950294,11.943351790150203,0.43559654630047656,9.568498694045807,-0.2605970158964682,9.670051734790984,lateral_tilt
0.4453505827427268,11.527181818449815,0.27265973930194376,8.65661587364068,0.7668828625507208,8.002365293449133,lateral_tilt
-1.1405597526607845,23.585259806076127,-0.0703911316726535,18.749213907221975,0.42958312409680527,17.27922058396258,lateral_tilt
1.2369962091418099,12.344896112444083,-0.6007847418860565,7.221522652159245,0.31383193738620596,6.39063476777382,lateral_tilt
1.1876483018262622,11.279332480942312,0.2503147950494101,11.95431202379235,0.05294140188291041,11.143641316402483,lateral_tilt
-0.9927631630780214,11.012756613519231,0.08755956705837738,7.658847914976005,-0.8036412002336161,8.75082330995085,lateral_tilt
-1.0125422893813891,9.25376347175577,0.1843523480317335,9.58252192261129,0.7673321096004088,10.011315267027705,lateral_tilt
-1.4658051087970962,12.132009306345505,-0.6778930248573852,7.078096566222568,0.2744747051825031,6.638709980256533,lateral_tilt
1.0768162209048817,11.967052106693714,-0.8595477418664346,9.526650783128419,0.1708456896776502,10.062069388561122,lateral_tilt
1.4179736418854396,13.19168019430138,-0.0680127202791821,9.816434200602371,0.6528772889046287,9.520711053452782,lateral_tilt
0.6139576422533549,10.049440452066706,0.7758280071701941,5.323403946838164,-0.387449093462585,4.389201389221128,lateral_tilt
1.9327137807207677,13.863671684856858,0.04902139101190284,12.861375139421101,-1.225799783411146,12.036166386454692,lateral_tilt
-1.7409992509743544,10.295516274746591,0.04082029353318134,9.315254613009438,1.85605807723758,7.3879502636612076,lateral_tilt
-0.1901212125043584,16.76423172613929,-0.06289446968546386,14.428479372743189,-0.09430017472899413,15.375054592795468,lateral_tilt
-0.24578012829821236,15.765271228285554,-1.0222950294290776,13.36858758997942,-0.6500329538130386,14.017568563601964,lateral_tilt
-0.9491676021150461,11.152277187883742,0.3650112157479439,8.663385336301076,1.3209414126943313,9.629766607128554,lateral_tilt
-1.1095739255330541,8.980615162960023,1.2137461908789673,7.951514010917592,-0.7569737477440649,8.228308193788703,lateral_tilt
-0.6478390424942133,7.659810852538068,0.9406938912694911,6.747699347990716,1.0420365919937769,5.8053440356724195,lateral_tilt
-1.0185851286529677,16.876091343330387,-0.9576661192124686,13.98025426600626,-0.5066187021743686,10.575639636473246,lateral_tilt
0.13445715714915832,10.08505399625004,0.08891944720126246,8.17176571018124,0.1842419940563242,9.680920185048535,lateral_tilt
-1.134786395494753,18.053952142461185,-0.936231041358862,12.809961493631961,-0.3162116854379403,15.655656782076903,lateral_tilt
-0.12946130548241602,14.154829778234735,0.3089548802038822,12.25233966394112,0.37459778175267266,13.984011117739241,lateral_tilt
0.6845106546837026,7.612337605317067,0.22928685495376677,6.064951075112806,0.08088579439527199,7.981610653827517,lateral_tilt
-1.1803304249827713,17.774113914750057,-0.19772958668765478,17.50957999974197,1.177868675055026,14.622133264972346,lateral_tilt
-0.01582328551626741,18.80056925628376,-1.5732696975672031,15.76645480588099,-0.02346439105815934,15.617992747813474,lateral_tilt
1.1278311077897474,16.893693978125974,0.06885080469932225,12.146426773808098,-1.2331171440217403,14.289160491760668,lateral_tilt
0.3916745637783498,11.622208106068719,0.2699790923119084,6.538055552291294,1.5439052500382684,8.412075049831147,lateral_tilt
0.007615104208257565,11.665104291248964,-0.3666919379789575,10.649169656491566,0.5996133276882739,9.079634567335178,lateral_tilt
-0.8470725139699602,11.630573499080018,0.8148109167869827,9.764011595377486,-0.5173768250315657,9.807997833394356,lateral_tilt
0.13259746252634608,10.140472623922735,-0.6602841155663345,9.582761352646772,0.9616414375028866,9.629193645893764,lateral_tilt
-1.2692638278788513,13.159586671675298,-0.9590681632552933,6.148717627364283,0.5914085286280665,9.109101827427546,lateral_tilt
-0.06560727340837468,16.92554740332114,1.266787468973444,11.21258043970666,0.21892489252087716,11.492211477391098,lateral_tilt
1.1552962933913864,11.414562696148792,0.10433655321298581,7.187326246123865,-1.1361718692856118,6.709949326149264,lateral_tilt
-0.610264987250892,18.88938526290765,0.5186441019771068,14.745782673748222,0.7691464268024093,13.601886041206459,lateral_tilt
0.8528134186480893,7.656677261274557,0.9096129000417754,7.810741914372594,-0.1069043214032746,5.610625898446184,lateral_tilt
-1.1931260375495252,12.48422076700583,0.3280026270864276,8.304702364371062,0.2008944599334639,8.423928805489085,lateral_tilt
0.9438631569982704,16.9144518919419,-0.8007772276758507,13.199550003483923,0.564458123637741,13.624097796655827,lateral_tilt
-1.1823162903197164,8.4204924051188,0.17778296073423738,6.061554415608491,0.2710542612737307,7.599950647435138,lateral_tilt
-0.5262142414676784,11.742943945341773,0.057867897648334776,8.082782291912604,-0.17671293385601736,9.50807095238146,lateral_tilt
1.0258209024416824,15.486813707300763,0.9711501280426083,12.026315822310764,2.091301855082963,9.731428593410238,lateral_tilt
0.7207068550271903,10.2062872969977,0.22358885679095408,11.124826905520365,1.5069923047225962,8.79513807598593,lateral_tilt
-0.9430640809525113,7.203505598976948,1.6349617036069017,5.876265115281916,-0.3134202071205864,7.735483064840152,lateral_tilt
0.556475222212717,6.669406442823903,1.0324156272927063,5.323210445297771,-0.09670030976102653,5.0072349938357075,lateral_tilt
0.29040706566506347,7.177567677917887,-1.0738717704558733,7.194292797660531,-0.3835643858874062,6.1336867600093745,lateral_tilt
-1.4528344525053685,9.90623237229127,-1.096663784113599,7.100748843319658,0.3827512426624618,6.020059242855068,lateral_tilt
-0.8082977476780702,14.808200257814047,0.4953308217721036,9.684769679698803,-0.37271400464328336,11.559842710764169,lateral_tilt
0.8575888742903219,18.947648127602292,0.9857630936378027,16.56475625397331,-1.617803396366744,17.042083285545573,lateral_tilt
-0.8209285057027842,15.158831242586775,-1.5702165290982235,10.48584692645942,1.1772040889640027,10.002775936907542,lateral_tilt
0.24609034227813856,12.457256212095578,-0.4867679641305218,9.913298362829618,1.3966309104644798,12.615067069732376,lateral_tilt
-0.757696979668585,12.49779974791206,-0.42783663126121524,11.089014631905446,0.4153765244934318,9.082821991111343,lateral_tilt
0.6481755055430076,12.453592325178086,0.6189983602954805,10.644627482847188,0.6150167897842718,8.60945613680486,lateral_tilt
0.6892142123938161,7.09563481475497,-0.6870793405922877,6.603798412603349,1.2125422823923682,7.307552714178893,lateral_tilt
1.7815834378345397,6.216130008567001,0.2710446195774651,8.356320752431985,-1.354515692916569,7.6306009521912115,lateral_tilt
0.5780459662693093,8.845029229152695,-0.816383823945213,4.891560074684968,0.09524080432408794,4.887033609257325,lateral_tilt
-0.9623261507163854,19.133142181611863,-0.6291945789823155,16.94699187346822,0.21235489517232936,14.759615282004113,lateral_tilt
0.5703533102449779,18.871057543394773,0.27598139420500967,15.76403819090295,1.144098754416412,15.260920973323648,lateral_tilt
1.1579349482290149,8.794324896663907,-0.06645065689033235,6.810021649218974,0.2663694585884024,6.69636550652159,lateral_tilt
-0.23927674377514882,10.26839440897483,-0.5402750897037304,9.841692426847711,-0.0486027796919532,10.62611986596274,lateral_tilt
0.7306335901896435,10.006949599081892,-0.420434050652415,7.002627942233838,0.2272693724494444,6.256613160032243,lateral_tilt
1.5215069517795978,8.241930549789133,0.9340248600913347,8.63894952777061,1.4833387268139184,6.665559240720195,lateral_tilt
0.21437776684453935,7.867564312325946,-0.13683183998194393,5.253062483134491,-0.6564839510613151,6.024845282693137,lateral_tilt
0.6702591866935191,16.353938193337306,-0.06944812762168102,13.986756824800782,-1.2385719794244745,13.363944498859476,lateral_tilt
-0.014441613904312561,9.668503515420332,0.9480152209665672,8.697358269525642,-0.9018471312003215,6.781114032368611,lateral_tilt
-0.7691504347186862,19.649899723668362,-1.008773663433169,18.113372920806253,0.2560387550733812,14.072919021443417,lateral_tilt
0.8198756895649638,20.619089813967065,0.6083442718611468,16.74903279330071,0.15915006144454674,18.63131876900988,lateral_tilt
0.43180572828833813,18.137067909246486,-0.6930339459558084,17.956446805304957,0.5778609132323946,14.727872732200549,lateral_tilt
1.3055996559917722,14.409570128535732,-1.02654014669067,13.42606089659981,-1.1065638099658945,13.807436727189605,lateral_tilt
0.8252599206601826,10.590101984948989,0.041839534055081146,7.855917176299513,1.3254125233979877,8.567654845543334,lateral_tilt
0.8377311497438127,20.279111794399068,0.6272629267510543,14.084824509600995,-0.19328777532771513,15.190226481819384,lateral_tilt
-0.8251977675300228,19.494405867928137,1.329110926537918,15.687677894432937,-0.536611539478526,13.90747871249897,lateral_tilt
0.04656925086301192,18.424890846036224,0.6290247792203227,13.380938545542499,-0.5990423672566735,13.4244018361623,lateral_tilt
-0.41823789798764843,22.824716842432057,0.20570763422044838,18.002454288177557,0.15143505363365328,15.955565262973739,lateral_tilt
1.1093812570661015,17.667014851223072,1.1621020715691566,16.846413494283368,-0.6235138230595015,15.225299285277035,lateral_tilt
-0.2242447811926457,19.919095797271577,0.24996484001835878,16.775232850316822,-0.5383282146503164,17.369706072229384,lateral_tilt
0.4879441844266281,17.37648478046698,0.8998789888271095,14.184439434093424,0.03223486976609912,13.372652083603672,lateral_tilt
-0.3962278650312047,12.662303218690337,0.20964416098495553,8.412360449504936,-0.09388430300586595,10.342629672917043,lateral_tilt
0.13399097082477526,7.573338668853512,-0.26224523927936544,6.465118042447563,-0.8551196299690024,6.5594802446745035,lateral_tilt
-0.16682918918504674,12.932287730460377,0.3306568497264917,11.291610733703827,0.09138206076679897,10.581055280296244,lateral_tilt
0.12998878031555736,11.839476257905636,0.09635656502521897,9.264459749376124,-0.23448857700796336,9.690215620830198,lateral_tilt
1.0844210106107166,13.335812892904915,-0.031437655498982996,10.324261443149783,0.9739277609170183,8.72097861806862,lateral_tilt
-0.005483556527782804,17.48588375376874,0.5001176146427985,17.330635639429065,1.905316001018224,15.430851918598941,lateral_tilt
-0.6969313529926807,13.433812838106489,0.646401219995397,11.314263621811536,1.1616968291540783,9.245978592329601,lateral_tilt
-0.1436154260215854,9.744790402069135,0.806416815588009,7.845715658524484,0.4245619475879995,7.914991935967624,lateral_tilt
0.24696856338662496,19.231327636256175,0.807075119106428,14.366539480907468,0.745294525279248,15.513560094431904,lateral_tilt
0.03154968626858666,20.563599962403025,-0.19867990465001373,16.468929794445888,0.4632083507580624,15.635727795455773,lateral_tilt
-0.0655564287596722,12.687256213826505,0.40786496453622806,9.994884836652421,-0.08634715090451911,9.852190025572805,lateral_tilt
0.6256700557378764,9.475143385331437,-0.8450376567389304,7.3396538480864,-0.14622998789941963,8.464628830411522,lateral_tilt
-1.1369496833705963,12.530392147849433,1.1768016842100157,8.471470302885423,-0.3472668104181972,10.238624853527034,lateral_tilt
0.7069266856810066,13.47083938771694,-0.19241621820175892,10.11021569790814,1.3465809495157441,9.56730304681033,lateral_tilt
-0.07609466342818666,9.565310618363398,0.3383472365754606,9.19046231296603,1.390336767455051,8.49433753358698,lateral_tilt
-1.922571828032722,19.940347449100013,-0.3687438212307119,13.808515781449202,-1.1647963918625528,14.76371374160969,lateral_tilt
-0.7146213357083546,22.749460331408333,-0.8579355981626233,17.240270104411177,0.44344582692420814,18.617486965623296,lateral_tilt
0.07357259376256257,7.322331699474552,0.3025917158900667,8.074939319461976,-0.7912316227730758,5.409119807475234,lateral_tilt
-0.2828645788049259,4.7928715523141205,0.5119825204444245,7.311299609492199,0.2292227346830459,3.435107715898279,lateral_tilt
-1.3493122601547942,11.759442663396744,-0.31182923594677087,11.469892041508814,0.9021256276695807,8.793135638216516,lateral_tilt
0.0461961936842942,10.679750523121175,0.20987190376640286,5.681211716655623,0.12719955268528874,5.300426561853627,lateral_tilt
0.42367019207133483,11.79309380919446,-0.4190438376643454,10.272062527889549,-0.15121607471390397,11.188524938461036,lateral_tilt
1.2912708914551017,9.973425381855549,-0.8456673059917725,8.68277410697347,1.0499466507816206,7.906761332105312,lateral_tilt
0.4522281822447751,13.358640185104786,0.338784577774635,10.464855321458643,1.4400673421510177,8.891546914485183,lateral_tilt
-1.2927016298819165,7.493101415880365,0.8843060630988948,9.52640287174778,-0.23120036368817753,7.154018295950865,lateral_tilt
-0.36608537960009935,11.034601746165643,0.9535669731546972,12.509430804654244,0.4098270256071107,9.911173862017545,lateral_tilt
-0.26306184087383827,13.570848506312347,-0.6901674841754644,13.757311938981587,0.28026966797088965,13.232063327798963,lateral_tilt
1.1690062167679964,12.30562973419514,-0.07683930027003716,12.069387310764187,0.29099322615542594,10.264155644877368,lateral_tilt
0.30659410917225977,15.350410693875034,1.0031085439844367,12.451700523563796,0.070243063482873,10.659053260665148,lateral_tilt
1.586401028067161,13.189585775631224,1.4978235962915107,10.56923168359155,0.8334028259602134,9.299131995829983,lateral_tilt
-0.36050173109665595,17.104402661765622,1.5682072119356862,15.381350763486527,-0.6130429720818116,16.124966556295337,lateral_tilt
0.845261906919612,10.69157936292797,0.3580214497574983,8.917445235873592,0.9575884739070846,6.2332214411061955,lateral_tilt
-0.1012526637959468,9.75286179714272,-0.5391181716818941,9.536893903353457,0.8257880856679529,8.944995541373096,lateral_tilt
-0.036218873290860924,10.888163319544855,0.9538534307049034,9.397219685136086,0.11243129709378546,9.984907006419892,lateral_tilt
-1.230806121136492,14.153033350208592,0.15490543884267827,9.251447469117563,0.8937152920104032,9.660015784946422,lateral_tilt
0.07833646074916001,8.475855354346528,0.8187575795404491,6.921547156231232,-0.291914028145468,6.324681424137622,lateral_tilt
-0.9488459300810359,21.079429801992358,0.5229590347436798,16.30064173615114,0.4915085450279284,14.654132104344818,lateral_tilt
-0.015107001433733204,9.148445909166034,0.3512924422799324,6.911214960474001,0.045110410880327155,4.667806229674401,lateral_tilt
0.8213648227415589,10.826026463031027,-1.2047466462352519,9.0703848447776,-0.15841795974495948,10.824868497139366,lateral_tilt
-0.023562591760690657,20.681570879270033,1.5064759820129634,16.080257591965363,-0.6955846384028579,12.285180023592996,lateral_tilt
-1.0224950084969169,19.90419118732343,1.0446673348803803,17.12767896736262,0.24080426158084625,14.957832218979354,lateral_tilt
0.1743222612310395,11.229277919864074,0.7889400896453631,6.682917413685838,-0.527538264406614,7.902949657099335,lateral_tilt
0.20823390754821727,15.761545580307091,-0.8264682686959356,15.038136936993853,-1.5299774736121476,13.75238900328539,lateral_tilt
-0.10633455310374376,19.059621260600377,0.25446616761794827,16.898910139688542,0.6989548162011512,16.312674083610236,lateral_tilt
1.005593576927742,12.56522523169355,0.9251667400637477,10.463159832564578,0.9690526186741292,7.069526991002458,lateral_tilt
0.12736064359972482,13.474752551635053,0.3238865014226188,10.17213416148668,1.0839445572471527,10.600535901913211,lateral_tilt
0.290655684900652,21.70084859289992,-0.5196580981737718,21.166905119377024,-0.3928802972282215,16.966173932247774,lateral_tilt
-0.28343730892567853,15.27237735829686,-1.4420115739144816,13.972973939100266,0.7169570247265473,13.226017161389601,lateral_tilt
-0.14087458484979343,9.323202732254675,1.061161500641635,9.135425964541348,-0.6764144497167068,7.68756683986109,lateral_tilt
-0.3577999097792697,19.213376945144997,-0.5470879712375626,12.139303619774529,-0.4917707972770544,14.495235467448744,lateral_tilt
0.5611751724082682,11.342959964994721,-1.261272374186351,11.61307303801205,-1.1731522487569994,8.36669786468547,lateral_tilt
0.20644611508347752,13.907222693653882,-0.19628070049135973,7.6314704995081435,-0.006527151193003915,11.064825167434202,lateral_tilt
1.7141752059138984,6.405270855155997,0.22884693352139962,5.316212980155313,-0.47190601003319704,7.4220537687752675,lateral_tilt
-1.0311659065044834,12.981015860417651,-0.2802178914320703,9.72580266392198,0.6252306557090674,10.960289923960012,lateral_tilt
0.13884869976667585,11.735819926022431,-1.1691643316644256,10.253309130269184,0.6072968186808806,8.97043107363068,lateral_tilt
-0.4163001310512705,12.176195348503715,0.03055576841580141,9.272475077030572,-0.1731479628143323,10.713994003705666,lateral_tilt
0.14052882788291837,6.5273758820496806,0.5953023222039251,4.765127125974554,0.07739220989616247,4.842149870839034,lateral_tilt
0.20364944996828538,14.71246796356883,1.1021348982853982,11.798432566035489,-0.45365246643773144,12.349416412527997,lateral_tilt
-0.3977253611941877,12.975735896911253,0.7088547323608946,8.880345295238328,0.5190267115745556,7.328378146813746,lateral_tilt
0.07923888177025301,12.122457228304494,0.3336864707082024,7.754257399096754,-0.12926899653075613,10.300179217233822,lateral_tilt
0.15510526328046687,14.689291394205485,0.5141640977275566,9.324766976256775,-1.352824911732133,11.922923179693793,lateral_tilt
0.3246952507607819,13.332985598204862,0.7748639683769767,10.033386637365922,-0.353744426134996,11.63692575091351,lateral_tilt
0.3844293108961727,6.547689542445645,0.01761025086756976,5.217746250069501,0.5336971342223825,5.178872931324943,lateral_tilt
-1.458007671199797,17.924628779002756,0.021838687761777546,12.710575147451745,0.5881936676108096,14.117785617199873,lateral_tilt
0.08735273097249857,15.677540863414876,0.01493691313389861,12.907954328183969,0.9662650284451111,11.102554522260478,lateral_tilt
0.9140348286835898,10.494849323485036,-0.06797135538288182,9.278868430143495,-0.12964506326779654,8.41975754230455,lateral_tilt
0.42943195693145847,16.308339186366872,0.2013787269784602,17.218389722834246,-0.5247875402399954,12.89293186457566,lateral_tilt
0.4545608686067058,13.45761851666447,0.08107863095012258,11.103755918949181,-0.38114046926942025,13.695343374102421,lateral_tilt
-0.24965093304623365,12.895241696310917,0.400726292538217,10.075668920166116,0.662041316826188,7.944367112412891,lateral_tilt
-0.7815073494286435,8.541350903955308,1.142504793437146,8.823831315217518,0.3959819717312947,7.257084949775129,lateral_tilt
-0.6276183250410661,12.263541471699073,-0.6494590820471444,12.009991480325525,0.35065298800284767,9.957332490132108,lateral_tilt
-0.6509342786309809,6.873940732625698,-0.8245993042989923,5.589894060228278,0.2843833215757238,6.024017647400516,lateral_tilt
-0.6941892290663421,11.474105174545192,0.8714326997430446,8.641980173142171,-1.6978049454979691,9.698067445974285,lateral_tilt
-0.5127886415589431,11.191574719096966,-0.8036049738596245,11.391122545092182,0.6383498425495735,11.022541030113482,lateral_tilt
-0.8871569221780558,16.321839098492784,0.5398604759208228,10.83096680509925,0.24051152195416936,13.241391044960512,lateral_tilt
0.43650065993565623,13.951515255347685,-0.22594146712890237,11.681294395236984,1.0888650233731767,8.643274782580493,lateral_tilt
1.6906693758875517,18.715345308241915,-0.49875934550418566,16.45878006246549,-1.0312730601033284,12.111693463633818,lateral_tilt
0.8114729365705415,23.02211732117852,1.2617888985846433,14.134214400564986,-0.5892895509320076,15.452482607785637,lateral_tilt
0.7533180553907038,10.082152819404111,0.8749763651092132,8.473626359546813,0.3336722212216155,9.145683058553082,lateral_tilt
0.052925354937639425,7.189499323629652,0.697252775145284,6.986439745438878,0.11770570255542308,5.634495996842027,lateral_tilt
1.5294182518016,12.816852619858047,-1.4336189043548107,10.125008919096553,1.2956994682439225,9.729151268584577,lateral_tilt
-0.08888797807940295,15.438660237519866,-1.1409290885429992,10.698454263505994,-0.8801789565524262,10.61805212194829,lateral_tilt
1.1099129308526827,13.782589952757734,-0.06580407739721598,11.10198910986975,0.35335499001482934,14.294051886785525,lateral_tilt
0.22585277050324482,7.139712452917323,-0.5122836542627697,6.670303750985787,1.162512073801371,6.578139201406269,lateral_tilt
-1.3666739224352296,15.16070183008771,-1.420716337602578,12.246188771828507,0.03333036841795442,13.389801206870837,lateral_tilt
-0.8053866622062922,16.285952906057055,-0.10677625341797581,16.294451339570752,0.7870857712054264,15.726475118364421,lateral_tilt
1.3986825656976924,13.668491850529126,1.1040522146254872,13.811862102300717,-0.7898728795697975,10.970120039880792,lateral_tilt
-1.0381912870770702,22.7027077122826,-0.1031625006950847,20.054180841814926,-0.16391228679148168,18.869388576385145,lateral_tilt
-0.3533409508290965,13.4331790144539,-0.21770068708856966,11.330317223990855,0.35915590169600836,10.481695570638358,lateral_tilt
-0.9573104627487794,9.830131025965427,-1.1705575072087508,10.56227720700945,0.6039542151566946,8.657355244887563,lateral_tilt
0.3003839188642408,12.5957211409162,0.6246489321450327,11.512475918265986,0.31880346051841346,9.455177613621686,lateral_tilt
0.5804370243027036,17.084527865704054,0.6750152040189565,12.025349529049839,0.8599975706522511,13.465074781618108,lateral_tilt
0.37849889642365553,14.169833773765557,-0.737145705212596,10.170478344667432,0.3488495149627135,9.575855566781563,lateral_tilt
-0.7624702623989903,14.470052186614796,-0.42898652919081465,11.13256279613461,-0.8170186703727087,11.156119558410076,lateral_tilt
0.5310737236921806,14.919067592156505,-0.6996560603580881,10.20730218827633,1.0251283177071946,9.134756543420174,lateral_tilt
-0.5403819375272308,10.723498440123173,-0.07161961432959012,10.017041170145887,0.6977597177080762,7.731729887190811,lateral_tilt
0.444582682312058,8.980518379940781,1.168784002314371,6.8552869299691,-0.9465569941968867,6.48905901551113,lateral_tilt
0.204804628879941,16.639043183027717,-0.9048494180642049,16.33057999749953,0.8368587192574263,13.762215830137793,lateral_tilt
-0.7090954389064916,11.63171243651472,1.2503720394818434,9.370386247033913,1.2077656600130435,5.939717031848694,lateral_tilt
-0.2836654138500806,15.927421532712282,1.4758761049063371,12.56699955709038,0.4905810974678957,13.937346431330333,lateral_tilt
-0.22603611698205983,13.394029110362116,0.29281825313666815,12.23674680659558,-0.9548843265088872,12.863240439916126,lateral_tilt
0.346301791629519,12.531177423590282,-0.12243627583138589,10.37073943710106,-0.6510525665414475,8.920662078434617,lateral_tilt
-0.2798569303420255,17.53086287872289,0.11750940955792209,17.063411501501555,0.6653592901529216,12.555190419614243,lateral_tilt
-0.16476248718863898,9.616952586454028,-1.3057455393902857,8.286507038682027,-0.8131354947763669,7.239484503584496,lateral_tilt
-0.9506732138142882,16.186329556832444,0.12285254004433853,13.880270165204951,-0.8270680121521577,13.665904856186538,lateral_tilt
1.0925887067598208,6.751826776671488,1.3071651500530141,6.442831448497866,0.11147013033946854,4.490237326389522,lateral_tilt
-0.6936168774886298,16.312575488132982,-1.0989066179005111,13.176878404705702,-0.13488932487970134,14.08770494201401,lateral_tilt
-0.5917195067716462,16.895431871150834,0.37432379988107695,14.24950238006249,-1.1432351961274556,15.299472096471964,lateral_tilt
-0.4485080790621078,9.379449639328087,-0.17458257271122937,8.125154420587894,0.793322181713891,7.751966494476928,lateral_tilt
1.1721493830461116,6.650248382796629,0.20265541371891832,7.339781512247112,-1.263883411095117,5.541298693641337,lateral_tilt
0.5122410538900514,10.416814911540213,0.08058499837137995,10.969768364021713,-0.8255227363281676,8.148868339308263,lateral_tilt
2.1809902935582697,17.738086714463,-0.43695960140550927,12.44292134468404,-0.4612667795763923,12.981650097405723,lateral_tilt
1.9485801751209437,7.076012979230761,-0.4196149489277048,6.759566967279693,1.4597464649062686,7.323005765673754,lateral_tilt
-0.44250275223268415,13.589258931653745,0.17422489025395352,9.498842966422998,-0.8675573929902071,8.246555209109442,lateral_tilt
-0.20987384797947414,10.18419735000073,-0.17671395532728665,8.6601623976255,0.16672875060267514,11.432972213848911,lateral_tilt
1.7382179994635782,18.679703564801045,0.20782575964462238,15.394728431784062,1.4036306721323935,13.326570480732695,lateral_tilt
0.5971371471674243,10.821426920375515,0.9399374926823246,9.86293701821542,0.5757812997235136,10.785944407203974,lateral_tilt
-0.45615793015007733,16.915381140442047,0.2260171696590817,16.604283599904203,-0.3074305652778375,11.35804531047387,lateral_tilt
-1.4557413261177248,13.83448675546503,0.2762370562568738,12.351285133896585,-0.6400434589978663,10.74503834278624,lateral_tilt
-0.03578801115442195,13.607827312254935,0.7390207795672269,10.502602501331793,-0.06286529340687085,10.086851594759406,lateral_tilt
0.11134936004179491,15.659006556216589,0.5512031002943916,13.10113666295963,0.9857752765764062,11.795607499021774,lateral_tilt
0.5343850909317499,17.51776140044796,0.3148997618296856,18.494601914084576,-0.07791624067517461,12.6903030549059,lateral_tilt
-0.911676648233656,8.520615915064901,0.2828234746931008,6.328894888239229,-1.4319412656684554,6.581390930094955,lateral_tilt
0.9937090817704182,12.134524829816476,1.0129386281835437,8.206396354356098,0.9597937340104723,10.2907333788358,lateral_tilt
1.237028755736955,12.640833574998373,0.39118269052687615,11.95834481021592,0.688918653666089,10.997869830611092,lateral_tilt
0.02880248843859089,20.05476157487797,-0.2726350737052165,18.040943262067696,0.3707687035686373,14.954579690393714,lateral_tilt
-0.7462100217092896,10.424475418191689,-0.29011233746513715,10.13211539782998,0.3879567719470314,10.019526869943128,lateral_tilt
1.3328247026993514,18.16647077787207,1.230878017444592,12.26945361341639,0.5965237184015791,11.421158391667541,lateral_tilt
-0.5504312558048016,15.203649034808265,0.5435376730304209,14.060309435133112,0.19036081189761916,14.03402835976521,lateral_tilt
-0.49960027033156057,10.433091817475677,1.238697660138821,8.808710313983138,1.7644835903750602,4.972915254115854,lateral_tilt
0.046139046432401035,9.936505542345671,0.38748436310502526,7.438143725959477,-0.4527577835151873,7.206450156092741,lateral_tilt
-0.9173700787959054,6.396222432684902,0.666240895273789,2.4814505810001304,2.1770014164495666,5.370555234608355,lateral_tilt
1.107901107169195,12.589859517168785,0.16888737669462256,7.499999540677007,-0.1226356436246383,8.58112573379292,lateral_tilt
-0.9977416254892546,9.799914799631113,0.6814313426472888,9.460153699282785,-1.095437192376109,9.165138208250584,lateral_tilt
-0.6803869620410876,13.562721548991025,-0.6778502577951414,8.102093615982406,0.6059637851670857,8.767122090379774,lateral_tilt
0.519528989711314,8.001365909166998,-0.20783484438249614,6.3725889781402225,0.2579413336227803,5.28078535191688,lateral_tilt
-0.3788109767964988,12.387536975841982,-0.6313888306977216,11.04650667029229,0.6360723111823418,9.421707268166,lateral_tilt
0.7011715631279131,13.410569746927974,0.029372779087224316,11.742910664537888,0.42507317539800255,11.375198250881768,lateral_tilt
0.02738402273061684,19.972152185697617,-0.37808664562422145,16.316323383891483,-1.1476754252761527,15.76174508028953,lateral_tilt
-0.5947800851387618,8.90866804283083,-0.7318869498360596,8.602596825473771,0.11680448657599436,5.657992439488184,lateral_tilt
0.2956257784937788,9.977414219674719,0.04553870262275003,6.658385353529532,1.7557601833110228,6.90729855763287,lateral_tilt
0.6848836750585763,8.86748772743538,-1.1958082972586095,4.697026757196242,-1.053451361963769,3.2014638842345047,lateral_tilt
0.1726726986204425,9.867734169507557,0.8313607509168796,8.875671062891314,2.499943439520077,8.478474069781536,lateral_tilt
0.5726510893841151,13.453405593332178,-0.11290103737328522,12.163526297926964,-0.2728874422721765,10.54002503580932,lateral_tilt
-0.3637608804136788,11.904173426839789,0.9119104723278673,7.243486342808466,-0.29508706622443176,9.264598910266404,lateral_tilt
-0.6594970733290093,10.408458677157505,1.0845855832685851,8.09400353753331,0.1664474155843253,7.455284942950784,lateral_tilt
-0.17467142846194023,13.012643942147092,-2.1929631251099706,10.603960371350322,-1.4229120499959524,8.596283370774094,lateral_tilt
0.6249482735236338,7.242998480622972,-0.5634506694763954,6.332761587443007,0.05775429856563785,6.629526312459886,lateral_tilt
0.28006180829915034,9.257037100474179,-0.006393666802237869,6.927528779521349,0.36296287198269356,2.9682543232716436,lateral_tilt
0.36974520467549604,18.13657145699839,-0.19318446533230935,14.70633878553489,0.40140477684577375,15.51758900602686,lateral_tilt
-0.1444802876654968,8.814688280201233,-0.5158894560911894,7.952396687758855,-0.5668985995417559,5.841442601797749,lateral_tilt
0.1451092852834703,10.079653140051855,-0.7093826294098663,10.727539416714368,1.1598732527645783,9.612359984767362,lateral_tilt
-0.16458545244860043,9.865371866697512,-1.4709484229094274,7.517792454073142,-0.19742701548044905,9.43308795317384,lateral_tilt
0.27007850784480075,12.598923046765538,-0.7411518048847445,8.413627242876524,1.1794764235573145,9.711867478072284,lateral_tilt
-0.8585812752293823,15.000675644565776,0.227859075312437,15.237042977588215,0.49785122086592476,13.664538902631492,lateral_tilt
-1.1129319521572738,9.661407373548442,1.6569340570057773,7.322969250228177,1.2766034778971458,8.043569656372894,lateral_tilt
0.7786529730263632,16.540205459766227,0.7396805109061022,16.154613978422795,-0.36072660425376823,13.863416538049048,lateral_tilt
-0.2980641160989732,10.480075425695446,0.3307504642240941,7.210685674683206,0.5361445931387989,8.299267587684103,lateral_tilt
-0.33400183356062035,8.777178902372448,-0.1299157827310486,7.645461477519584,0.5039644783350811,5.089843685546716,lateral_tilt
0.010682097784370362,9.418252391167155,-0.5784429506752983,7.181289755598112,-0.6236439828066993,8.460453120900285,lateral_tilt
-0.006439305913175339,8.605687590246571,-0.7681888123481991,7.267005124524906,-0.5605505702014841,4.8914245368595,lateral_tilt
0.3659196268465985,17.8621115083376,-0.016547133340002695,14.06382828936101,0.35658886966007475,14.290217255245496,lateral_tilt
-1.1213412452505411,13.530377916142458,0.28866802268597835,9.668101770263434,-0.43633868097820305,10.043705430854398,lateral_tilt
0.3634466048524295,9.782887940065269,0.3996228458771341,7.626023015592398,0.35257010908940106,6.787741850348227,lateral_tilt
-0.22017437228042536,8.824173231370079,0.20171524959559362,6.2036226251757,-0.16430180558630678,6.948030863225239,lateral_tilt
1.0295543472060131,15.829157574505922,-0.2946849404021801,13.112834734437548,-0.34470047612126187,13.012071989604669,lateral_tilt
0.08009947582409796,11.151781736138853,0.049514492444818786,8.825860200368284,0.44789431742343855,6.93511123225671,lateral_tilt
0.3908077044331224,16.03046383164495,-0.7243913857913817,12.116601619374723,-0.2166298989544914,13.960359183301254,lateral_tilt
-1.0301836717922233,7.560468244324662,-0.206158527541765,8.944223771052718,-0.7131605349039748,8.813799624672576,lateral_tilt
-0.5874339079026755,10.552808332581726,-1.1460262882297785,8.922949508394462,0.9993841350924216,8.975664409080062,lateral_tilt
0.538265895589368,10.582480551469303,0.8660252573796413,6.3397062876964645,-0.5234606720370636,7.945679820718862,lateral_tilt
