diff_C7_pitch,diff_C7_roll,diff_T3_pitch,diff_T3_roll,diff_T7_pitch,diff_T7_roll,label
3.948032038768478,1.3564001089649116,-1.1736859648373803,-1.164324383925642,1.918586822882272,-1.1585442320311556,normal
0.6049056789150853,-1.4057188231024318,-4.312294581282582,0.7856183314881847,-4.783200611644495,-2.5320778008360594,normal
-2.270060188803028,-0.5644407512163392,3.664121922303885,-3.5618704655336417,-3.5307592533382293,0.1688205117198096,normal
-1.3609568113129566,0.93924504586418,-2.877483943555757,-0.729234374483192,0.2773064742746652,-1.5015967247970123,normal
-1.5042665305734924,-2.6442773223897498,-0.0337430618448347,-3.0521091249275556,4.630695461272344,2.0563622802579724,normal
0.5221589875118885,0.4921530896728088,-3.3204651222460764,0.4284207029749262,-4.899175309699439,1.8461664499885264,normal
-0.2891207059706013,-1.7996105209867717,-3.6963049759185687,2.642805565547289,-0.752759238973222,-1.1515969273994688,normal
0.8590457239211535,-0.9627057010407912,0.8102099234869875,1.5291907221021697,-4.407600388406835,-1.6923050007648968,normal
2.577498806239878,-0.7730309396280365,-2.0980438080565964,2.438862817805898,2.3282002977904965,0.8281585785089098,normal
-1.1979355946132249,-2.990516560201677,-2.7658374350150705,3.390600071427057,-0.4641474416595428,2.031314555985495,normal
-0.1800253039508346,-1.6127993865128107,0.9040900626190852,3.845091416164923,2.50883224473006,0.9034890137710349,normal
-0.0895650977748788,2.0547562609380594,-6.549362760224361,-0.7475183761646697,3.911609139535015,0.2176176705954283,normal
0.2294019413387557,0.8927814287793661,-0.5491797195937799,-1.2956755456841185,-4.968922286502232,3.6947351118537903,normal
-2.021234007232969,0.8218777741492111,2.2885052942551853,1.2831685827833903,-1.2543926089613413,-1.324400509417597,normal
0.2426938733701009,-0.8191553664944206,-1.755132734693381,-3.658787370330296,2.421612476332223,-0.980270382830394,normal
0.7403006926614402,-0.5864678334378686,0.0127836416061522,-1.0516133069133975,0.6526381804497233,-3.5384268551260356,normal
-0.8567862913169237,1.010127142036346,-0.4032142791650228,0.4364445320795974,-2.0056931730540475,4.715464753026326,normal
0.64387597680691,-0.0662846886230422,-4.796928038247604,6.158105281213215,-0.1861147894154177,0.1505755248525661,normal
-0.4809024119528063,-2.92169509404883,-0.0867794242631082,1.8798325817169357,0.7538683558340311,2.8570570362875514,normal
1.9775798676076173,-3.504627656980702,3.506985777340248,5.476139064524946,-2.2734686369868475,1.4671427345006758,normal
-2.476340812826721,-1.258689135290498,0.249128412719103,0.1714074370150683,-1.4157443240069298,-3.876658577665331,normal
-2.655759284315262,3.8748360125438497,-2.2985605855845086,-0.805153790514189,1.183981076587954,-1.9581332308405928,normal
2.033793043424174,3.2678568857060704,0.5686498365103235,0.4615846463307605,-3.077160791084888,-4.018708086403069,normal
0.6497069856210587,-3.301141532710691,-3.092376777195205,0.7424616830829651,1.954557179443275,1.3048539140422442,normal
0.6262321258646917,0.5806342429025089,-1.700061803946227,-1.7858785450659196,0.8661205237424396,0.7326811832467031,normal
4.664436277861891,1.6413840215845743,-2.9782587430066214,1.9677115093561304,1.1845823022794688,-2.4367041755683037,normal
2.89648894751851,1.0319523173412457,2.4084403231108045,4.741982456634869,-2.0517057958792764,2.055150399986225,normal
-0.6134702900071762,-2.039525712413596,-2.223786074063808,0.8528799370416087,-1.884340410893724,-0.1927542735352602,normal
0.6917269983250476,3.633835192893292,0.0325047296947675,6.800422916474047,2.0679581225900594,-0.6616420830948901,normal
1.5641683694125157,1.2061810381079632,-2.6772312451527807,1.7850012352302298,-2.1428938910407065,-0.5586569633146271,normal
1.183094061433862,-3.787118061714662,-2.1169842951710125,2.140996985808681,-0.1820722816421819,-1.1162873801675528,normal
0.5352343603255099,0.963293449322092,0.432952314627955,0.3843127648638197,-3.1143469467799703,-2.2096435905028327,normal
0.1455217961149997,1.401961315920586,0.8944684008707082,2.6345051300872573,-2.857425744576558,2.7076281079381923,normal
-3.444173419892728,1.284464877280522,1.2875881680216494,9.6318287266368,-2.344562599787807,1.2876192157651194,normal
1.4272262767329176,1.628478128264495,2.385004408733006,1.897423051233168,2.8389141004514973,-0.7881731116008639,normal
-1.9320630363439295,0.2046853484658063,-1.2134088695727587,-4.66816298147937,-0.5920465168500222,5.786646416683771,normal
1.7156504759362838,2.722376492418416,-1.1798296644735835,-2.694361944823265,-4.03178967797413,0.1607000477386569,normal
-1.7882592731499205,0.5411464739549372,-1.8259165792928416,-1.629000869014542,1.6989943723366896,0.1139295997595344,normal
5.359860223313314,0.4661357869235691,-5.062856466644018,2.1310833369905597,1.584797555795028,-1.65446616192097,normal
-1.9813018460817515,2.1643879854253036,1.262468197451143,-0.836253089602371,-0.2868411036672475,-3.0007410176394407,normal
-1.1873632779023904,1.0124542774023888,4.413635600702742,2.29465486763694,-1.6333230814342796,-3.152209885837613,normal
5.305390492531583,-1.2105851821656284,-3.7984249148850338,-1.769173664046952,2.5811631513778672,3.1672778729665567,normal
1.109548570365571,-0.1488133901545002,-2.3173261789452075,-2.5609691033357245,1.936585133573342,-8.103168350172682,normal
-0.6314203784829008,-3.5753534449015816,4.081028259829088,0.3268514432152283,-3.1194579549121237,-1.1001112167424594,normal
3.603183222665289,0.0255826525489676,2.907909380387399,1.1552586856581768,-3.5896553779485982,-2.4537716276198775,normal
0.4976492389336751,-0.9632839921544,0.1745052124750471,1.655326686302616,-1.5005421928969866,0.28379336312812,normal
3.96504204036338,-4.880219498806254,5.332583436640666,1.4707930162114404,-3.094538747067123,-0.3794627375889581,normal
0.7024796693375818,-1.2325023366470829,-0.5203056258931883,2.1240052425525624,-1.5567487995514848,-1.4734118923605295,normal
0.8925387149126184,0.7682488021915234,2.248999688583127,1.5740721048090305,-1.7322739881516356,2.0321552970974004,normal
-2.0724875273051815,1.5259256635836622,1.8682340128081545,0.2933184582719549,-1.4004526004924245,-0.0522539849103703,normal
3.194162239471062,-0.505481631084735,1.3677434529250942,2.7469421299679757,-1.4789284720895748,-0.5442030080680509,normal
2.0635408724700746,0.0525096040818976,3.2636970178858227,-0.7756668914836401,2.033774090001596,1.7048824282374098,normal
0.8104158812211053,1.487892563592284,0.2424899124817954,5.230968189213651,-0.3253576359192114,-2.045551708083681,normal
-2.515043453749255,1.9791567349073396,2.8952771837501694,1.5708637731606998,-3.03547153196933,1.5602995426303878,normal
-0.0306169321172865,-1.6929042787802793,0.1895113954843158,-0.3676434537553466,-2.2431359287145787,2.437799333544378,normal
-2.063742991981279,-1.4093113820099372,1.0323286356890613,0.6092180287297808,-0.8034646041324836,-2.0555509889160786,normal
0.6124164277718069,0.5801248433940908,-1.177595764045807,-3.5186594359413883,-1.2673579384278244,-3.6202108537433104,normal
-1.79611055313109,3.68839054237388,0.7772689139950115,-0.3998463249085677,-0.5336178792796181,2.1441490580050484,normal
-0.047540519756722,-0.7216465973003447,-0.0462828399809747,-2.0680773588808075,-2.506323411594522,0.8067964008452237,normal
1.2983662856029308,1.0042793052473535,-0.271900371142144,-1.003051179714591,3.831847282506444,1.7253599792777812,normal
0.5602312045260419,-1.932524459638666,0.2441902463720793,1.2449957281136237,0.0314810019544871,0.0612754356473567,normal
3.627859019487605,-1.918368907220124,5.382956143778891,0.4583550143458793,2.398177065213017,2.1808015918016954,normal
5.474507333044181,-1.4984816136100554,-2.09930460545194,-1.3143875542019026,-2.020745713387879,-5.309739310774518,normal
-1.897831653884245,4.690427098039716,0.8543899394428986,-1.4422591391560078,0.375984466190519,2.376059595465126,normal
-2.2460366783708947,4.578646914635884,-3.3005830175516055,-1.172939130261762,1.2297979287662644,2.9486003018032174,normal
-4.282836322727195,3.0945407799336544,-0.2863496131315447,-1.4984375573844322,3.384680935413533,-3.9860691469859177,normal
0.0131092492954579,1.5571248308687469,-1.1251636786981092,-0.3559487125532337,0.1174514844118551,-2.669051073456486,normal
0.3007390792797471,-2.8116052295946723,1.779037195222224,3.1941920547462725,1.2860970851468725,-3.835285426839055,normal
0.8307850299489792,0.2891865857321467,3.877879938806307,0.1687962035252724,-1.871216341391384,2.948242960159566,normal
5.151869812204968,2.4289273773858886,-0.6224103711976837,3.421578893830872,4.388352106108011,1.6134398739628688,normal
-2.412308651450261,-4.396848716057786,2.6460612171239695,-5.098080444400251,1.7151286499960985,-2.9581462816644377,normal
-0.6735170861113942,0.1852369510494379,3.75589263024007,-3.450253645537229,1.7938556394899052,4.07153886392823,normal
-4.258456098387887,-0.0817368702352327,0.960163622348268,-0.222800098781971,-0.1388692472415469,-5.1686052500996915,normal
-3.261173751262133,-2.349699465818388,0.9164956152421206,-2.648033804722379,1.6741813720750962,-1.2846672933417338,normal
-0.1566977431829297,1.260116288794611,-2.464315115838859,-1.9821820806558603,2.3878558012530955,-1.325644045931102,normal
-0.2675758998863946,-2.994694731472121,-1.3841232633679552,0.0881588799293215,-2.588105806048435,4.911812832290973,normal
-1.7493137699814634,-0.5524239988330565,-0.2808201242270741,1.8937692751182629,0.5349497768355549,1.535416750108563,normal
-1.326252869026319,-5.754802911838962,-0.68762924287911,3.417185668611311,-1.4395456016117,-3.78797765549638,normal
4.112419283753209,0.7781253863588402,1.441392407639416,2.798937278586442,-0.6225900988909459,7.697202021138095,normal
-0.3197939787019163,0.5086590896680577,-4.016115800643931,-3.5556342739941855,-2.3888511015010643,-1.8908768632107584,normal
-1.6164322106063167,2.2040993923736263,4.2178540876814115,3.6998603472250657,-2.703870009035988,-0.0199316032915434,normal
0.1934207691190457,1.3472751092116466,3.8078101931741433,-0.4758466952090204,-2.153210503320659,-2.593115385816141,normal
-2.1890456334618937,4.773541601175326,2.3154438688291035,1.4074230917264272,-3.456999327410841,-3.496418934547853,normal
-1.626606422804568,-2.15997692419954,-1.4809848105971728,-2.0773752910275944,-1.2178134594117405,0.1213040698620674,normal
0.676142064449597,-2.268909155103995,-0.5973701171660244,1.88847806456439,-0.1255952736228424,-1.4419283264208318,normal
1.252292969060952,1.8784678084294728,0.2483307635730647,1.3584004809498376,-2.443888111996378,-4.173513202803429,normal
-1.6565593973646169,-4.512205251661298,-1.908147891356292,0.1202123666534549,1.4264966714828984,-4.068856094707907,normal
0.6493062543037047,-4.1538001556724,1.5964811469434348,-3.027540499406141,-2.2607915627610216,-0.1651994966182914,normal
-1.629590269505398,-0.9613888605745634,-2.151033413209881,-1.442229673807872,0.118496678291035,2.5157320230361013,normal
2.0892302801628544,3.603921551644751,1.324510444788207,-1.992238138676192,-2.8242671366440453,-6.179111250318224,normal
1.44268031795135,-1.509962966789551,0.927864683428272,-0.3891930884801987,-0.5076134651074817,0.2164744686822498,normal
2.919455154149518,-1.0296924153061684,0.8440066551880054,-1.0813954695490522,0.6360521082530328,-1.2190155601812338,normal
0.9861303559457422,5.188501996613596,0.7244371422410322,-0.8150588304196028,-1.0524612020506574,2.1778117585792307,normal
3.003034805409862,-2.5202157772935103,-5.095311337944635,-0.8787837101032716,-1.0201884325538786,-4.676979802564639,normal
0.0460459479738792,-0.5477513220221606,0.8173184344104066,-5.527838272519713,4.191093280688206,2.0735139529587228,normal
0.5890363952714148,2.8593851080173227,-3.696465614449604,-1.0382197847520032,1.927162984717417,0.8462410187360353,normal
1.5819546652657122,0.6205514657508402,0.4546656376462379,-2.1246109236619795,5.676732144510989,-1.1484022488506105,normal
2.075839541360614,-1.1941436169127917,0.1789155930484811,0.8341552632173711,-2.140209564772168,1.1974495643659802,normal
2.5938498606447484,-2.4469092894557685,-0.6746873382334282,0.94325123261213,-1.275040997136868,-1.1107331501902784,normal
1.8924715416133795,3.389094647012377,2.1740148002641506,4.691989531395165,-2.3054133104440635,1.0335872580592522,normal
-1.9344729977589328,3.7401107787229577,-4.446800622260697,-0.1389616772761376,-3.1116367582785425,1.6359141408851443,normal
0.6999215657995507,0.3230529549380687,6.114379949042066,1.8144165597467308,-2.8137226182459414,0.2734869865122323,normal
1.2025230793417832,1.1786708928399894,-1.9761861386132795,3.363550115387444,0.5597100606978285,4.705061241187584,normal
3.982966566598493,-0.3144673002491204,-2.474012050646452,2.735478796177371,-1.2780391910779632,0.1393122807217365,normal
-4.231161574287048,-1.06720267486855,-0.3950197464474735,-4.137141679664424,3.8238757986515344,-2.5302609381504193,normal
2.0579264599047864,-3.23769693015904,-3.2249022493526347,4.172553813223482,0.1832949179710097,-0.8394617482253206,normal
-0.648978378409012,-0.6818089243691755,-0.6143576602148602,-0.1357371662945305,-3.7578573827952657,-6.742216607353929,normal
-0.5773363255216949,2.8164125738693935,4.622390237363363,-2.766314771854175,1.7405159120335458,-0.6722217263870762,normal
6.433399508124651,-0.0603127177750081,0.0348232297823655,-0.3609010298098569,0.1480460850362206,0.4952119019196383,normal
-1.4341550172005908,-1.3585619278344123,-0.0818831755399959,0.266075569229742,-1.3671473531009803,-1.782114456692911,normal
-0.6374430435521381,2.7287671298061547,-6.6274245209825295,-5.183475581020374,3.7599824714567207,3.1152129812440728,normal
-0.8567189852008719,-1.9445417189771883,-3.518779236794553,4.380676108559057,-0.9286021649894788,-2.776439613664572,normal
2.339195982868653,-2.8226294280430726,1.8041801601080871,1.223436403069795,3.1788877374853968,-1.3113006656994342,normal
-3.0553195222298637,-0.937052018873993,-0.6008134953953371,1.1106582787150998,1.7824960754309702,1.7773999205087292,normal
-0.9024154145476998,1.539839017360659,-2.7026583189997435,-0.7738660982849757,2.89832450841062,1.4827531449209594,normal
0.8153325556052949,-0.4622553411074726,2.310067548017253,2.6225230645922233,-3.127783940963258,-1.3068075512975987,normal
-1.760859226356898,1.5150248783640992,-3.8915729338097593,4.386985454960912,-3.521153240908899,-3.2010733812407075,normal
-5.204823519709305,-0.2417827796759809,0.5275436680065461,0.9978402858801768,4.241140920725096,-1.3622977170223738,normal
-0.0940867560621209,0.375754403654694,0.2855691216550991,-0.1423640593026686,2.758254705041305,-0.9090305305346396,normal
0.7695044222301479,1.8581602350567872,-3.3704635552642825,-0.4599583408816978,-4.275420981641563,0.4271635953198546,normal
0.0460848326634829,-1.9457618135057817,-1.3493992007734037,-2.44593194403758,0.8689542634041776,0.4896131377442039,normal
1.0206318892861796,1.1814937060326076,2.5728890933141093,2.4567274598637847,-4.256459010594601,0.6400743357846892,normal
4.163686111156442,-3.198942416839254,-4.602185578329113,0.0652276255270844,2.5359251625453263,-1.562046444239197,normal
1.2941475511728076,-1.8884573308833064,0.4669169111926958,-3.516652742120556,-1.814359532883664,-1.5287945074798706,normal
-2.3080831152772605,2.634104491519599,-2.439683132443332,6.580955162093477,-3.379211514040834,-2.3734972220798576,normal
1.233294752202223,1.750774698522478,-2.1458944504530333,0.3050245366134036,0.4620903092371847,-1.4390945655944347,normal
6.400211345671987,-1.7579410628147183,2.8731833157141895,4.427001589088775,-0.2401497493116247,-0.0874712262424042,normal
-1.5674176444694186,-1.406166939735669,1.7693798386386883,2.431386124066824,4.531121394992322,1.581019347638802,normal
1.554524905542991,-0.6187965888787619,-1.8178429395621711,1.551680243876695,-3.925561799726141,-0.1860835727501157,normal
0.4442525023331345,1.5264643632095578,0.950494627514908,2.7019518138865544,-3.338360896775253,1.3994761198275996,normal
2.08480538637226,-4.152402333789977,-0.1754142786466175,0.5192192179077779,1.1479501980710918,1.0740455478314646,normal
0.6789470929884338,2.632882133332259,-2.702641351020656,1.703751743431561,-3.1918714395507743,-0.0988878846416376,normal
0.0707959403261482,-1.2901118205434348,2.345709514939994,-1.155688221762607,0.074390348739358,0.2403019423524585,normal
-1.086240568580789,-1.1968715541586927,0.5553344290842819,-2.2365182555487597,-0.7729303086715984,3.139390313933802,normal
-0.4671791104033976,0.4913869412789365,3.617444710884332,-3.7139009325924297,-1.0993276456854373,2.579611348671587,normal
0.6676256646731471,2.663700937663378,0.2057099731885604,3.5233686004639497,2.2240769890585925,-1.2932211252509305,normal
5.747245309048125,3.633461192794252,-1.1137563035019296,-1.307150067883171,-0.9070964010991476,3.948930364326781,normal
-1.050467042739644,-2.2966298662104956,-3.3611262775856927,-1.9194939127603212,-0.7044615221512684,-2.5103519168801696,normal
-0.0867122184669527,-2.4958851018469774,3.876251232035192,-0.5349721105637724,0.5855368313413005,2.4608059961914592,normal
-0.1236592741310823,0.9560243654601264,-2.8068050539057463,1.231128160020372,1.687048730416509,0.4161305205326399,normal
0.7229216097695452,-1.327492387504544,-1.5943499606282898,-1.3886927979006367,6.138250349777236,-1.557851316061911,normal
-1.5934678182662942,-1.4268657343736906,3.551260619974637,1.1785388909660102,2.9725413277688792,-2.0808889327605717,normal
-1.3805576107024289,-3.78936028749308,0.5073075521282493,4.489694182738805,1.5823295443887777,3.868763003325154,normal
-1.5319717262109651,0.8361419749675629,0.7146634768122628,5.025511346915874,-0.96925389983996,1.6463606816820762,normal
-0.4423680687351234,-1.8273250998547976,-3.448298070036318,4.486394658794469,-1.9957431113461344,-0.0828174321844927,normal
-1.2940282475904286,2.97098318362021,-0.0410572401818801,-1.3271719323008015,0.5594698790972462,6.317331064684054,normal
-1.2235986062955553,4.616768314340084,1.7047287240657785,-0.8982302269676489,2.61040219267268,1.4598204633149097,normal
1.4766370767307733,1.2681850777682446,2.0512054529934107,2.923238976114182,2.7717589514572696,2.6666867239728846,normal
3.455397477593818,0.3667842160833071,-0.4177952007921359,-2.04233917746809,1.6217747189741067,3.0162724162708923,normal
0.921683272182253,3.196129656518247,0.0718620573370437,0.116091370390372,-0.9833470308184016,0.4777476700497584,normal
-3.399640352449798,5.4081368082636505,1.6137104528526884,0.547875819159847,1.865633915068052,-0.7694455873825014,normal
0.6234592092768881,0.6975538144258481,-0.2382388309673802,0.4665228078908953,3.943633199408686,1.519741274291348,normal
-1.1160840363763207,-2.5662882485276506,2.6840793746494302,-1.750302037347933,0.4852249822457689,0.33242418536719,normal
2.987616572312106,0.943029687661302,-1.3973046181789708,-0.1643756526824695,-3.807967261959437,3.913810073085851,normal
-1.3879988167329955,-5.497014891550204,-3.62003475104061,-1.255135560881528,4.7028926736014744,1.100036125133331,normal
-2.553082042826783,-1.410196576841821,0.6095017844279971,2.181143320700362,1.7708911182483833,-3.200760996677236,normal
1.6255029448966525,-2.6752119158153813,4.616592490119165,-1.7297701747031111,-0.2479396594484572,-3.8138129273118473,normal
-0.1139650408887445,0.880138491285742,-0.6030901446408247,3.609411510183149,0.6083486233067296,-3.1288485604761105,normal
-0.205377945981422,1.1418830478844595,0.8568133659442603,1.119271400043287,2.7932395789703195,1.4244182005805093,normal
1.6068068996688598,1.7725093939712808,0.4913029242536753,3.6002930386236818,3.3228813253310783,-0.2243392357180668,normal
-1.6909807551481744,-3.5769377552951203,-0.1003948766108585,-1.702629143687202,4.502351082277039,0.3202610372769732,normal
2.101608872471811,-4.723851827363827,-1.1154585830369492,-6.059698316572391,-1.631559948255978,-1.1307657981226915,normal
-3.959757058714308,1.063643904462412,1.9645003966270804,-0.1192783903549496,1.9010366403607435,-2.417440357823033,normal
-0.009006347726421,2.1934057264391784,3.758495754417877,0.0672145974863269,-2.8959117229813556,-0.5524104345741598,normal
0.5209570198688812,-1.7049606199944964,-0.6179434563014923,-0.7027507322148873,-5.104337171060727,-2.504050024737289,normal
4.494216317123806,1.4314569533903965,-1.427947474456992,2.311584207281922,1.6021071531675246,3.4983885914650052,normal
0.1490759248004353,0.9837134635543744,1.745558284033975,1.5879295042049235,-1.6173419442639347,2.2379830500693307,normal
2.6238817882983376,0.4939990117309991,3.2934851640858143,-1.7229695452239198,-1.33808802890142,5.188152181563163,normal
4.339909507913124,-1.209714585135804,-1.6285450090361209,1.060414866004791,0.4947769586566194,-0.8008682704858004,normal
1.307088720088749,5.355675896529659,-0.0608864806524571,1.0908091741850805,-1.4342500098464477,4.318857925251779,normal
0.0950086954205007,-2.556981412996014,1.5337949318260415,-4.1714601846939745,0.3000783167956533,-0.6434413435583629,normal
0.9980578065131982,3.9349669082250815,-1.2079661557484347,-3.66093720052455,1.6179898492568523,-3.064414157505853,normal
0.56112954639993,-1.1472106571723502,4.209819228644672,-0.096271173751768,2.617745756530386,2.696702083578239,normal
-0.431568249852049,-3.940980392460624,1.630807196033549,3.4502283853686286,2.209149843716681,3.691350874314739,normal
-1.5639067537738236,0.6516844145597678,1.235075465706847,-1.6790584198451288,0.9895088335935226,-1.3757628846135503,normal
-0.0638851774786131,-0.9265358302152648,1.359000386486081,-7.121356551575189,2.9318225481484115,1.929246776620862,normal
2.871914250930258,-2.7991747365653596,-0.9061023535078304,2.902066968446298,-4.349284446945249,-3.2367036893022636,normal
-1.1692530032797284,1.1926020680578038,-0.1173014471979601,-3.2074805604714243,0.8662597043267894,0.1920547276506384,normal
2.49066704861785,-1.0702879024147811,-3.8914547466493774,2.1255543552837324,-1.2343914579032813,3.751899476585777,normal
-0.871630336019648,5.191869958902102,-0.8040876280434566,1.075104117977674,-0.873144260796072,0.9548386305788834,normal
2.5757086350796055,-0.4908746227124456,-0.6476053645517578,-0.0930555912746039,0.5969728975662838,-0.1790031485351598,normal
1.8190738590924496,-0.2017914502714557,1.831600193038948,-4.995501711330269,0.1298647145182485,0.1965879757902264,normal
2.290819186756204,-7.240638445484223,2.4950252746491306,-0.3489740703879344,0.8662211897449817,5.220936761951819,normal
2.770457041843791,-2.6335389079341405,1.531934762656424,4.785078384666965,-2.5997648178138273,-1.5594224017395129,normal
-0.4767060019083664,1.2392047199315113,2.175169326721885,0.9124025061655628,0.5435821829493072,0.3760472628589407,normal
6.008538963095687,2.62663599001903,0.5027476167874187,2.9675757639009506,-0.1440469925839634,2.7638148323949596,normal
1.5968255550729615,-2.86586348254672,4.08357883075274,-1.8856896250483948,-2.857512281826209,0.7565886630975831,normal
-0.1603458664824815,1.054801885588212,0.8033930386256827,1.1338357537849495,0.8219060257587019,4.0342781726466175,normal
-0.6103915882266219,-3.069019537842481,2.9736762223116013,1.7529318557772458,2.410217920720894,1.493500174624645,normal
-0.7439087583999799,0.3139411336788565,-0.3751389675813179,0.0389476189536688,3.43926703327905,-0.432679560709674,normal
-2.7406877172380044,-2.1174033707958193,3.9862626580624303,-5.383475284009287,-3.6001272064857357,-2.478480873640768,normal
-1.5974043692237558,2.5245427233565856,4.105037900340923,5.631089513360772,-3.3077244835187463,-1.7203758629443096,normal
2.4544137174789857,5.727356431476853,-6.248514287183932,-4.11349686739223,-0.8120784587715562,-3.47393116690899,normal
2.5564260800241008,1.4097728001308991,3.4606820462762955,2.13353889695077,6.0993810158481825,1.4868858541632148,normal
1.897321474466913,-0.156482819748806,0.2605027598796902,-0.7016876921669352,0.7029785599234395,-1.8849114721666904,normal
-4.232392035488464,-2.758973293039428,-2.471477767877294,3.4800057158614983,-0.2458490669868747,0.4497353778836961,normal
2.2957915150057833,2.35192796997054,-2.474070341425844,-0.5615828749925615,-3.926251509057943,-2.456218483845774,normal
1.3751302475613798,-3.335063737295511,0.2634387653648997,0.7994548353563425,-2.420861137159088,-1.5034191098780345,normal
-3.982484333829173,1.38122488604287,-0.049094497316703,3.4103510749346104,1.1011868449009974,0.5597853351616535,normal
0.3130612566197682,1.3582450725909707,0.3057437575807096,0.1014792280097059,-1.0735138528131325,0.1221501758142608,normal
-1.754979219516889,4.373941857967348,-3.5065131794992337,-1.7322629944897685,-1.657252293877371,-3.109658088478213,normal
-1.7960181639229935,3.119355181684335,-0.7373741957300695,0.6974854055595049,2.2373109423611033,-1.6837265606096712,normal
-2.088367633149393,0.7745517755675688,-2.968996047573782,1.0344977436287457,5.362872819433471,1.5844422023302462,normal
-0.4632191471942707,-0.3675050040712215,0.1095286799477739,5.526307503978378,-0.3245517493335654,2.4096977919872744,normal
-1.3937294625195842,6.449273344135795,-0.220705120878137,4.097792013610169,-3.424507448947695,-2.009186419924327,normal
4.194252035191102,4.070991557821345,1.4224576979631884,-0.5089509002559044,-1.3839706042699864,-0.9478193524687176,normal
-1.4542022848716094,-3.0598506669056413,-1.6231938626650178,-1.9249330776466036,-2.536891826732167,0.0852086706480651,normal
0.5844647794768693,2.0838224040223117,0.8272005805361426,0.9351414246189304,-3.889739115509068,-4.984339106428639,normal
3.0691724811832306,1.047547523415113,4.181430967094259,-0.139422694144265,-3.0241025467280136,-1.762529639396022,normal
1.395817281304306,-2.3016839826984157,1.346889981115923,-3.5342862422624504,0.1900134785310287,0.423402060090195,normal
-0.2780651533717508,3.0902329380260936,-1.8388248564744163,1.5228453022679425,-2.2597691036619745,2.7282753014856724,normal
-2.7307819116814476,0.3542922840997619,3.0327442499479584,0.9832945984859296,-0.7910211242370048,5.798323849954236,normal
0.4801227912250789,-0.3811745909513587,0.3338522619557048,2.3917557919864603,-0.7727911605062534,1.7702716917214762,normal
-1.9649736512698737,1.2699783172813592,-4.590513432758241,-5.382226482381207,-3.3280823838944453,-2.758416515434684,normal
0.9714465113274102,2.0962269361291046,-0.0151772788497333,-0.2472241329778566,6.232498793581977,0.2045733963689125,normal
2.2976912074694216,0.8042445154900341,0.6684807851797574,2.480105873841307,-0.7256863604716284,-1.670226134107622,normal
-0.4373993917385216,-2.246169954477593,1.3412746089260088,-0.0227974916105088,-1.889362898732112,0.0704528934228206,normal
2.714738914578945,2.0444157480007177,-0.0625673968628598,1.3945257658796557,1.186745582199882,3.4755188725432835,normal
0.0258815496084515,-0.7630617608866691,-2.6627841576884315,-0.467428257463615,-3.279590580875399,-1.523780505398208,normal
0.1416248122427679,1.2162541095655048,-0.176246945147728,-4.938666415884678,1.324231885891827,0.1611860370253006,normal
-2.3483384845468858,1.4998218249905113,-3.024236857102769,3.046904629243292,-0.3602188893040386,3.8268770808592434,normal
-0.53360717732552,-0.8427149277950992,0.3716686430052793,-0.7561742162203209,3.72681534212488,-1.5335066588523494,normal
-0.970442046353072,0.0076150503835361,0.4014349526246614,2.9766156869658533,0.4260405559387192,1.0923454243658746,normal
2.3738853386033094,2.3357997780981843,-6.384802837254887,-0.5619135047317089,-3.712244921124759,-3.417196746038553,normal
-2.925282565148399,1.8978879007566172,1.35365682051197,-6.477605730362274,-4.50495109395005,-1.4412760018167985,normal
-1.365611120631207,0.458399799447889,-3.6972789219353217,1.448228749002721,0.9795100135063662,-0.0382746229324888,normal
0.2989509210353831,-0.396323932567425,2.991428754161229,-2.33316989768299,-2.432672352203889,-0.0682613487748296,normal
-1.1082056279787758,4.2792712003558595,-0.4323651498085575,-4.033903494691852,-2.212006785067252,-3.429752857328391,normal
3.677925818734021,2.599761718490191,-1.6726818466497917,4.5650242838673405,-0.5233091928796653,-1.5140388493421604,normal
1.6948146783481728,-1.514287307508346,5.393270533163759,0.7482314510162298,-1.2197785203642566,1.8552384300232672,normal
3.254353223496995,-1.8835446758654584,0.0800103726644165,-1.6942884243802654,3.903777991817132,1.149930357347791,normal
5.0334681188165575,0.461700764662271,-0.9133038782802716,-2.4290350962766287,0.3413383277068436,-3.367815723824241,normal
3.0010347698610635,1.341631881318215,-2.617277456704849,1.797383276662667,-1.6422356974284893,2.964260386657492,normal
2.4901192145145408,3.753334129888717,-3.5545266668546094,-0.6270825411376184,-1.891987721423652,-0.8066995971053393,normal
3.3204853546226447,5.41250586225271,1.139719430204019,2.319600320203093,1.39057502350165,-1.6087955759503574,normal
0.1425328122427114,1.2695893907240594,3.8211710660313294,2.6812683432745055,0.6714806971581434,1.3457401976240824,normal
-0.9123818238572132,-4.915891473440005,-2.612022985052584,-2.7580209143042076,-2.098024168347516,5.140517824850805,normal
-0.55313405896443,2.0393430313482415,0.7685167445227516,-1.457693596422346,-0.6920332497223016,2.1511837208993634,normal
-0.4178042844660287,4.018363940049982,-0.6217278154588677,1.8371944651245435,0.7064498762207492,1.2274373790956283,normal
1.6572031716685318,-3.2420798698896163,0.4525538967592674,-1.6283922344795725,2.9336846437133124,0.999219879381604,normal
-1.321541704374392,0.0531789418401541,3.09570767858409,4.255537361588095,1.465910046887733,0.7720825314974095,normal
0.6018829487214207,-4.401906897889544,1.4137741140788604,0.9528959622069444,6.504207785450987,1.8833540527613313,normal
3.2243818852068644,-3.0607455907234145,-0.3461399599594345,-2.1263011355232493,1.6829533781748962,-0.522558143215063,normal
-1.4513086245118068,0.9866788245574528,4.174761260878515,1.1115066705503518,1.471446011051524,-2.989707655087961,normal
2.9915787166141277,0.0367204868229927,-0.3350429166822942,1.6207010846096477,-1.5244572607984554,-1.9622457827056,normal
-0.3023703715194539,-1.093645750808526,-2.2187304445052503,-0.9320828802294174,1.048831109767569,1.8059533945694284,normal
4.317409628083513,2.331477079682725,0.5617118143797148,-4.40202202995194,-0.999090464036506,-3.545914332332579,normal
-3.814140786425237,6.3954982141706305,-1.3796453647311169,0.4613782579925924,3.156460258567955,-1.4106189966434717,normal
3.855274881419689,3.020915576482856,5.153758941590994,1.4813173730029576,5.015232220397808,2.560156314528656,normal
1.9459026904165944,-0.0084361435273801,-2.045497208555768,-1.133070123318188,-1.3779642908213336,-0.4254615563123211,normal
1.7409686186417883,3.693825202638154,0.2210172157296183,-0.4841486481992952,2.388263021426277,-2.8542227853337625,normal
-1.7920558015070125,-0.3043687709582088,-0.2067017146067481,1.577029211386944,-4.66634154268265,3.7836243581053273,normal
-2.5604670608230125,1.4552442586715395,3.0525842388133824,-2.3985980918086987,4.635231415835471,-0.5662102471245797,normal
-0.9305169401776324,3.858108820680472,4.711465764836522,-2.799043583222528,2.7218715492604644,-1.2221235544656852,normal
0.3522156172780099,-0.3690064657466717,0.8079192854619537,-3.9867576681669887,-4.421098413907129,-1.1650912546706056,normal
1.284000266424291,-7.180655533204123,-2.92479208927572,4.43062899167436,-1.3317520991547784,-0.0687872626265906,normal
4.153148036369675,1.1719356401875594,-1.5055301509044514,0.7544797495486649,-1.1427406414656796,-2.4959635979707286,normal
1.9152006959617256,-0.5091843754424147,-0.2503851911998819,-2.06720088509965,3.067333059710769,-2.194956466891403,normal
-0.5661972297538169,-2.007947376700862,2.2839615655831236,-0.677809002606422,0.9184137670404452,3.731721422398804,normal
-0.0534182358710903,2.210113490902624,-6.060600650682354,-0.7033188927955335,-1.8680291978695585,1.8421097427310835,normal
0.1674767930621798,-1.322631693365737,-3.906364642216357,-3.1357235579231233,1.289848044260249,1.985661699054568,normal
0.7338948304165732,-0.0891037057437089,1.166074956083816,2.9118483861429283,-3.3914545115585124,-4.037829539763774,normal
-1.8364789419951224,2.871593373571788,0.5014229930773572,0.1541996246199291,-2.025631092535952,-2.5395545474459924,normal
1.0720412508264323,-0.9175695977083058,0.4411038881930629,0.2153597076159369,1.73276401815786,-2.0689755516217994,normal
-2.680347529964018,2.259837102715488,1.0913995103941696,-2.524326761774844,-7.303376208736518,-5.907331088854596,normal
1.5478856525129945,-1.8200073530728356,0.0519842691885197,3.437191047870462,5.143738674279247,-0.4572411027621004,normal
-1.6149104478113383,-2.383321520646781,-1.206858805455081,4.061696146173902,-1.9979800166256336,0.3066757899869888,normal
0.8076981827900727,-3.9079770217416425,-0.7295281722888602,-0.194592992532005,-0.6308837553157189,2.2077744428678976,normal
-0.4511997839765641,-1.8794776252379608,0.7468822709142156,2.8711142729918873,7.982768919612152,-1.0658939905138582,normal
0.2831760263444111,-1.670360213847485,2.298072336438009,2.7001201642866213,-3.595694945793417,4.683244440543864,normal
-1.1183047391468777,2.131934187805549,0.1696387763185082,-2.115891637477184,3.2025409043377815,1.2118320432361869,normal
-1.6088745807936546,-1.0091211581049917,-0.8369383302663522,1.0589976639836527,2.574902043952903,-2.3878064483733823,normal
5.156312298107863,3.530551388538573,0.0605486416818951,1.1309294906243357,-2.6688322856356823,-0.199103478114288,normal
-2.655983820367199,2.4643249891996573,-0.4678606625113719,6.473909105046534,1.0707677430191214,2.9684651289118773,normal
1.4490829330339392,-0.8829157320267209,0.48596075394334,-0.7385035253475736,0.8144907914554161,0.8462096086542279,normal
0.4211524406740357,2.8496964028226133,-2.516356413199103,-0.2951713174776968,3.2939938390198993,3.2927876683496633,normal
-5.3046372475214865,-0.0571701557472053,3.242486366402773,-1.2619373030705436,-1.5195549677360811,-2.498255580737277,normal
2.101550066261382,-0.9170610295367196,-0.5973302479242363,-2.3060254612462563,1.3668339205034483,-0.9793953726095548,normal
4.038439223673604,3.803290129806128,3.042896302063741,-1.079050781795121,-0.8058011730283497,2.4957772453699008,normal
1.0093252258415235,0.8108982043040075,-2.2592546518253203,2.9691984711539092,-0.0604890159772904,-2.947599477899506,normal
-1.161543243245983,-0.6472624342601934,0.7082196788653554,-1.1872591415563112,0.5028991396820982,1.466734503688187,normal
2.1782432436431103,4.847322497645711,0.3159489488660295,-1.6943624263121286,-3.3649492006168713,-2.5008283115139367,normal
1.2847696241472877,1.2229678253691587,0.876575248183898,2.774249604890558,0.4489544548489949,1.586803671404425,normal
1.0245466423212817,4.7497048372380375,1.6814342530068278,-2.4363232616766037,-0.6031441365463561,-0.3315843659564338,normal
2.767701673217432,2.118554192876054,-5.431673865035091,-0.2263332057604019,-0.3009529098839956,-1.3383204648848068,normal
0.8299508264225373,-1.0887159264246085,1.7736295428475988,-0.648866693959793,0.4762491994476664,1.2827644954402069,normal
1.8470262022187576,2.71495529043758,-2.338596755111488,2.020144495702863,1.5384187100326336,-1.33990861278512,normal
0.9182182835033514,-0.8732919902954938,-0.5586649559296304,-0.7579494570856876,4.595459191987806,-0.0485490147193314,normal
1.999854754855125,-2.669507303947982,-2.6342060478658857,4.276533431454813,-4.04077652109147,2.375768979933939,normal
-0.2611230463436787,2.904695756520476,0.1751304077829534,0.5959224568369628,-0.4220543079750266,-2.3183828354764353,normal
2.437994074456074,2.502615231417853,0.4739540414968585,1.6946882988272691,1.2527354248496123,-6.758080732498093,normal
-1.6351892078185597,3.434146362907394,1.2780064988124518,2.382186368007346,-4.576582242141142,-0.3436212865692296,normal
4.030695644971614,1.8553187276797307,4.099911323428483,-4.004914529742921,3.2872861339601185,0.188584097253982,normal
-0.6151562203248712,-0.4397145310808415,5.427356793744535,1.3787134401011691,-2.1081164882904786,0.3080120169612143,normal
0.1090061159311343,0.4865186380931068,-1.55662340433613,-3.3000562780517644,4.237627601076882,-1.8561764642451208,normal
-1.5294227272632137,-1.73105244968464,-1.0732555612931498,-0.2077639315717369,-0.09259199262103,-3.5157936591795846,normal
-3.7618009350775057,-3.6438787486623263,0.2060993823362582,-1.880391013976458,1.9001399092240063,-0.7730226926246586,normal
0.7979362760479511,0.2875651978685429,-4.687931174114361,1.6783501911261631,3.3511261150578613,-0.4003319889166008,normal
0.5329915705942229,-1.9900646420087225,-0.7976348391665454,0.0532791216798555,-1.8799233293470476,2.6900178464964957,normal
4.752976714382519,-3.784285981532068,-1.771016917276157,-3.960339857513724,-0.1516520345365519,-4.507849190639862,normal
0.6678166275287085,2.237595785190289,-3.9529767550803334,0.3669825299638734,1.2718125580748345,-1.2076526292085987,normal
4.030551570638561,-2.2279805635382184,-0.6713266197645807,-1.7978832981060502,2.2420982896638297,-5.379538503323262,normal
-0.5278255970692359,0.1921297073969205,-0.3281424177307618,-1.6250064520586494,-2.4679488178779594,-0.5621399545201964,normal
0.4216366799168192,3.527330949365675,-2.7259976936071153,0.0471240573621191,1.1048516239235229,-0.2464703307106543,normal
1.7705360581413934,0.7178104130045605,2.3828415847831126,0.903758813015254,0.5830403281587544,-1.5310934366010946,normal
-2.8593155183016545,-0.5202921431813492,-0.083074976611152,-4.704622613744098,0.2713992644413078,-0.3213437785973269,normal
-1.3718122693524035,-2.569187852314895,0.3996409799935009,-2.1654371205362515,0.2321122528527867,3.164269602161751,normal
2.423643001316842,4.438277231523779,-1.6155682746095072,2.297885434025004,1.0679859046792122,-2.9840920793912,normal
2.5014557951074456,-0.6251162864973819,3.481163250160822,0.6508045969280518,-1.6765505226916122,0.7217340731996426,normal
-0.3357718536763695,-4.371329933095452,1.9837218013805324,-4.156229970089186,2.0270206828994555,3.2608506071953816,normal
2.5813655108541433,-1.027035719886462,-2.7274160755379957,-0.5373025757218384,2.8167628420689583,-2.7642616712148396,normal
-0.7700857104643531,3.4892095269748906,3.275771865299022,-0.5230546843613194,1.9491513306733497,-1.4054200664457552,normal
-4.2085954805523755,4.038957058870579,2.412129082743644,-1.4811606478822357,-2.0146751662404716,-3.085872179699805,normal
-0.0660143923973174,1.0601526111602242,-2.024008799804115,-0.0361306771956977,0.7004028970490159,-1.1845983676772902,normal
1.3657106200092488,-0.2740245098145771,-1.0909647263164215,-0.92502757470532,0.0160556745273445,-0.2209073980133384,normal
-0.646990156667756,-0.7387007950729009,1.402298619853097,-0.8345487243900249,3.996617926261792,1.7423860112768392,normal
2.932811593966603,1.1192923145256932,-0.268255360010572,-2.816918672274513,0.9241054804952348,-3.927190380171248,normal
-2.984812515997638,5.578250365481581,4.3312874987127294,1.2521111873611424,0.3573577369092668,1.5951277536018929,normal
-4.502644335381848,-1.55211899562779,-1.9694593797705973,-1.180226444242818,-1.3566844993350544,-0.4203595464619739,normal
-4.948249525939469,0.5981171602778739,-2.6818575643495164,-2.2984614789660585,1.8697756402938344,5.185206674374934,normal
-6.325718806865824,4.895868635551484,2.7523990874964275,1.2417480580913045,-0.7150105547002771,-3.073873986131042,normal
-1.1632761419501334,-3.757425820987883,6.610858367542587,1.169232929413583,-0.2648708857603391,0.6343491537364336,normal
2.714465812348368,-0.9791214185544772,0.7701263487602554,-0.8579806887435262,0.2449578836772385,0.6728173531127684,normal
1.5539297246401271,-0.0731570342124458,0.942750984755466,-0.1284843089712156,-0.924025840109085,2.815125626930421,normal
-4.432581170517204,-1.6344158466220495,-2.264330752156547,3.4360952329270433,3.1548037517849794,-1.4891532351087302,normal
-5.33918553494674,0.5580972853228992,2.6401420226651293,0.7138851871441423,7.844371334149987,-0.1372350015407159,normal
1.3028060709483462,0.223951703138122,1.3890111650086212,-0.3781832091337792,1.613038964875143,-0.4933460507683152,normal
-0.4872707008817025,-7.350971586660701,1.4838918057021546,0.4868404867969371,2.8344252421676615,1.6397519413244024,normal
-0.0467718911147435,2.3688161553071447,2.8102817999650336,1.0176307178113375,-0.9712961327222146,-1.9321941695590228,normal
-2.4291418363532147,2.155983680956897,-1.5667930614749128,1.2827135502432323,-3.4490454119723255,2.3828126134402168,normal
1.8127394671199928,1.0798063616848517,-1.603703988057381,1.885728324533936,1.290445717787396,2.001023813069206,normal
2.972283428686607,2.6753755957910688,0.8786205188539573,-2.2046866280692954,1.7707596180026597,-0.0663031481226501,normal
-0.4076674098594097,-0.3612966767887945,-1.687945687435954,-0.7699038240976007,-1.8622566120161224,-1.9810498024999033,normal
-4.734036667384464,-2.042721577670477,0.0030136884055605,2.343925344066396,0.5332342684323464,1.6481141710810123,normal
-4.018899660922435,-2.349757752772162,-1.9228558744682456,-0.4845653469320088,-1.9068119464155355,2.073687104829371,normal
-0.6612871032765268,-3.098145987133681,1.588545075523066,0.6934423448954802,-5.009655911016884,0.1498315756658208,normal
3.4016464895966276,0.4596238618842371,-7.548780389552063,3.0973658823485932,-3.27205099779778,4.501277953777134,normal
0.5241485381865645,-2.4338654992611715,2.0178064915932756,1.263675397916567,-1.2290904640801184,1.1908944233905476,normal
2.6505247687471996,-1.272409064268747,0.9810399179469176,-4.422689762222795,6.899150097277694,-0.063935780479986,normal
-1.7367828277226454,0.380887180084305,-1.3102209948364814,2.8025766683111786,-1.02320609528276,-2.0560498309555015,normal
0.0005176622954933,0.3879767096474478,-0.8197367912822946,-2.1678255392772505,-0.0232508028465658,2.0627456616690862,normal
-1.6452912226881415,-2.0481446493037443,-3.3646773086830373,2.185972951781818,-0.7593150719416617,-1.190552183861647,normal
0.6564033225048133,-0.3434294709984916,2.1272449054199303,-0.2580543823312405,0.4839747784188614,0.976162124822224,normal
0.6634058734990711,-0.3356979054657604,-6.0970428956910725,2.315538505603981,-1.4568966440289552,3.5568703402498505,normal
2.4134937114779267,0.4932892685139901,0.2216439774035941,-0.7901821400676244,3.0903268045155445,-1.5441297385858754,normal
1.539427874427854,-1.125473162128529,-0.3486156892024988,1.5030168723227877,3.0097110929220405,0.0013198971414932,normal
-3.6096370403338542,-3.0517810647853967,-1.3763421237289588,-0.3694507970436788,-5.740452382843095,-1.2703504941182773,normal
-1.1331210225575334,0.7511858990270709,0.8168619115058001,-2.847082794451923,3.631168836176863,1.555517860108505,normal
2.5977794685506717,-2.6796430826003887,1.6762015431030313,2.0447241450625713,-0.1894107163386497,-3.8843969150401607,normal
0.9410238152437916,2.8135869610369237,-2.174157703186736,4.106682383139908,-2.255128885893776,-2.97352973216832,normal
-2.251551836619672,1.5079685777058578,-0.8215461893724616,-0.4069822651807355,1.5959798140209576,-1.3602850052854816,normal
0.1022979384893028,-1.2830339161789628,1.8520608635503144,-2.4858734365212807,-2.5054686394536816,-0.5714997883500464,normal
-6.405834146988276,1.9615107197450596,6.03153855403229,-0.6572270730206692,-0.4775694065004225,-0.0481509493359866,normal
0.0561647320301159,2.78580423667218,-2.952032038272112,1.7954643142698363,1.367797787938025,1.78845328860311,normal
1.0961893470243185,1.4795353343534448,1.6821530899170491,-1.4340044322422525,0.0490416442349747,-0.8851017773525595,normal
0.2546407381549667,-3.6688131643811,-3.097767689134752,0.1272192546400451,3.872550378737969,0.4119021030912918,normal
0.4333541609260205,3.7246585965052055,-0.5580056365870127,-2.071242561950615,0.6098829947712506,-4.002259946191289,normal
-0.2581369003726184,4.153675414320045,-0.4396360110801778,0.5767522642967087,-4.107972027885418,0.0522162207399044,normal
-3.1504119129314505,-0.7942877418905852,-0.9379909508098424,1.3942276518128114,-1.5409035200986936,3.2041094875094216,normal
-2.77864489234258,2.850372596303166,1.2455543712419628,-2.5377354795696716,0.6162619460800122,3.951351716420934,normal
-2.0271437780258457,1.1658959361158354,-0.585049647767453,-0.1898775591063069,-3.1439446472865407,2.4683362914727547,normal
-0.7996188081371098,5.223846804236933,-2.0878572540750575,0.4618514472393111,0.3793949806218509,-4.019152567795147,normal
5.059015548074099,-0.8936135570260679,-0.4750975875037361,3.4321211866913255,0.0169996113999944,-0.4509792044060196,normal
-5.529654778323767,-0.6666308230860369,-3.5598928811253625,1.4713831744267991,3.8335842532408138,-1.0731110507466546,normal
-3.995310879709369,-3.407935011482026,5.060774058217131,-1.6549554444915229,1.155431665204857,0.4742654190259892,normal
1.0647180154825897,1.219680712177685,-1.603717272610774,-0.4772594793182467,0.0478694435393801,4.510870274466858,normal
1.7993948553704548,1.1810156947009434,-2.3910909420450217,0.8890333719641499,-3.2331823946779092,3.710290071339912,normal
-0.7826450763078858,1.511288315888417,-3.126019334924294,-1.130225832082701,-0.0017714864416147,2.205832655808523,normal
-1.1751053693987537,-0.1653315365645561,-1.0917993401014887,-0.6175642518649916,0.6646955741301213,5.249304472916289,normal
-0.8958503800530558,-0.4530604330452575,1.860479928749842,3.3032600806825303,-1.6188545140878985,-1.623432595803565,normal
3.549007511284093,2.5187842245923053,-4.66634987840154,1.9765639979069216,-1.5010589143467628,-1.71157456440001,normal
-4.925259544279589,1.8269102976663112,-3.027929823201953,-2.3848485484916124,2.231493345748273,0.0356826695910852,normal
-1.0175907823169512,1.461032451181211,0.2647361327880856,-3.910604029277629,1.715796142391752,4.941101461288714,normal
4.0430314374215595,-3.3257840643474745,-2.2469601208078203,2.3041252798111485,0.2608898438080323,-0.4728009769425837,normal
-0.3188728009438355,-0.0302223696151364,-3.6279392251288978,0.9090797065624197,3.777887325618369,-3.1309836110327978,normal
2.217218475243251,0.4973703669912363,-6.510534641567835,1.0107368874042435,-1.051904484202633,1.0918463793337732,normal
3.0894554795553852,2.981268781194937,1.7005402636261235,0.799129564797443,-2.6776341991226222,-4.446468960016292,normal
-1.2604495775191786,-1.2180714102838808,0.8691912088458409,0.0853810437200615,-0.2038066827541147,-1.6892701979040294,normal
-2.718114847157006,-2.87198508789664,1.6984332073912585,1.156478232134878,-2.7145628222129634,1.6657812522730298,normal
-4.314516821976492,-2.452913827849204,2.985273507618431,1.1551522331297412,-1.6939116308391378,-1.1610106557734692,normal
1.9584762732064889,3.5559246542462692,-1.493775486729104,2.4471451269544886,-0.6288472151112392,4.3472491594939475,normal
0.2132953564125601,1.3062852631643938,-2.076111016391413,3.5039964823660736,-2.020664304102316,1.0459955522217093,normal
1.6261252313403485,-2.4951515682860324,2.6298690443072963,0.6255005156292361,-3.7577007543995458,-0.959928179880879,normal
4.989168724459911,-0.4579915468009696,1.5168076478404569,2.2191385646845903,7.774796390013402,1.3362641212013755,normal
-0.8016690638929792,1.2443577227284857,0.5751768979785052,1.053966526536139,4.488028389780806,1.6648106301361534,normal
2.097351251174031,-2.750385582429238,-1.3957543848650764,1.9473412587802852,-1.5431329663673086,1.098753076550566,normal
1.1444321653797145,1.6718541389812815,-0.0139900470726163,-0.9677492561860024,4.186231083368844,-2.729252190348286,normal
1.7388443939144438,-0.178998129645167,-0.7349173691604556,-0.8925730020165235,2.12275527685786,-3.794684366702024,normal
2.2259579087994656,0.1244342179524002,1.2516643034530242,-1.6508028486836177,1.4380125402664157,0.0176578965704411,normal
1.747071050506337,-1.315087106668951,1.2300471199819982,2.742881779384239,1.0524323609734745,-5.383357299678111,normal
-1.1970936400210104,-0.980031599797824,1.7336972797849843,1.5425148739417438,-2.1569394101078014,2.6498409601165545,normal
1.708923308001194,0.6531263280846401,3.0298599634660013,0.3584711683556277,-3.414889278001336,-0.9231928481155078,normal
-4.4405880822457995,-3.381675714608836,-2.573428770455179,2.7817209374748133,1.0216320287016771,-3.805897965544728,normal
-1.5731584842319717,-4.268394893982367,-1.3395036576307446,3.0895290500173465,3.834319274791248,-2.7913110998716477,normal
-0.3897454448416688,1.2544568404188623,0.4000455646319692,3.621248074732315,-1.3707182412265024,2.7934970397561516,normal
-0.8994216144727145,0.6507012664572154,-1.03366290280819,-2.3928772872376074,-3.315119215205096,-2.4093973155265274,normal
0.8594697038747136,-1.8962383367501736,0.0819924885289662,-2.310582860670761,-0.1216308789261278,-0.5760017855144183,normal
2.225496027811967,-2.323777150481025,-4.615469655595234,-1.6250598360172457,2.5881233368093817,-3.741323137725198,normal
-0.2085949244759021,-2.5098934302037454,-2.3046495328132823,0.173360842590626,-3.624113049246325,0.5181683234973599,normal
-1.8043438833431331,-0.6791377758151331,-1.3667002114681637,3.3511526294758696,0.4420521803484949,4.1836302257463425,normal
-3.248953092318994,-2.8706582218815457,2.02849138622898,3.844829796031382,2.0743310446979364,2.0469441093871517,normal
-2.8063620156110347,0.6787382770641199,2.5441536671087563,0.8514730410012419,-2.293757052535659,1.378690688098808,normal
0.9767398023203604,2.923974981069434,2.6182942665536206,-0.108692374534656,-3.3161803207777076,-0.5734768601700694,normal
-3.8277687563893066,-0.1554775424982775,1.43014360428536,-0.8351930774498513,1.2856368900445876,2.810883399676257,normal
1.4115148147340006,-0.4358856447570896,-0.0588803771855953,-0.9238173220833956,-2.549160846730289,0.5632698051023535,normal
-0.3286814891791695,-4.016442751846698,-1.0919105930955435,3.4536351967262164,2.0651179286037658,4.373959760513552,normal
-3.2306567377640465,0.658718038327649,-1.2574369263783578,-0.586019500790805,1.724269513112986,0.7355603225337343,normal
-1.9594141639659912,-2.079555520576112,-2.2904797887031063,-1.7893999727768797,-1.7263526307906485,-0.1679457251233881,normal
1.7051301642815495,0.5985112513384426,-1.4501331034251077,1.1800056772981862,3.718115388339818,1.249212775757335,normal
0.1898881697902185,-3.0941560558182446,1.205622381701643,2.2182270931668553,1.8567060458993057,2.172890160973183,normal
-1.908215260446454,-0.5232845489484039,1.7083224820276737,5.909681236548402,0.094844588619005,2.6824451194150294,normal
-1.964965081587456,1.8039062628153588,0.7595464890121894,3.6331516583025865,-3.4526115078844373,-0.5771659346119224,normal
-3.346514499308122,4.298444765518242,-1.5146520518972335,-1.9166414694583696,1.7322965575790277,4.981288382920296,normal
-1.3738928397714505,-0.1135280448305955,-0.9678266244737864,-4.799182890494141,2.148969717449505,0.0634710513560254,normal
-0.0345943652355931,3.609080008672035,-1.23280705599943,2.033012966869943,-1.7243194351604352,-3.141267235698141,normal
-0.6974073258295213,0.8501282364222261,1.9759297401292784,2.4204616513321526,-0.699400421239586,1.4265324930488277,normal
-0.8282709579583069,-2.0635263249473876,-2.712876316394495,3.1116989518419667,-1.5305918362693758,7.372736063271813,normal
-3.377685915520053,1.3681619934449172,1.2046651542962286,-0.6373894838842447,-3.306144891858925,1.372209588293411,normal
-0.3136356500072506,-5.5482509318688376,0.214732515733326,-2.128516085650784,0.8196988103983935,-0.5744990764379845,normal
0.4380285472712801,-0.7838242154309948,0.9187041636857608,1.2067197180230318,7.463147506508525,2.30450375494313,normal
1.0502362261296032,-2.82722108831479,5.141358912073855,-2.315952824953846,1.5171264830391775,1.184080192028636,normal
1.3887816158556208,-0.7377247855947657,-1.043417034012711,2.2961361098560347,-2.296716278715236,2.4395417983617724,normal
-3.114293441115961,-3.1462622766883364,-1.7739496368729315,-0.7712069711395493,0.1373352774996218,-0.5425426260609261,normal
6.066791215863806,-1.4119350104273556,-3.444043751885593,5.221106932174813,1.0823995634017405,2.553458238573496,normal
-3.964958280594896,0.9740354434272596,4.677412938429455,1.3365727153060882,-4.699810962847613,-2.170731829690916,normal
-6.589369347542195,2.3106753488445744,0.8195529321077131,0.2142179035083976,0.0084387664929024,-2.5347398807313444,normal
-2.3135615651489685,-1.0202520979005516,-2.23836580590756,1.6278406045591427,0.6384593891857927,-2.489538486975573,normal
2.1461277916416632,-3.62147853658386,0.0955949874000708,-0.1255115426043619,-0.5865514248935345,-0.7491916200169677,normal
6.551982727574938,2.49214693366452,3.6604430968810937,4.396551210487834,-2.779917564435409,0.701591011225341,normal
0.9302636815171572,3.0589222060465686,-0.1328016325438633,-1.564193218740531,0.9728979891698218,2.741173084527209,normal
-3.2981179864969183,-0.1588114365383877,-2.000096410994116,-1.143254137716975,-0.5074515934891427,3.093595336710348,normal
-0.1070584532789371,-5.617223334961513,2.121077205513211,0.5282092306986815,0.145056837020988,-1.5167507369132411,normal
3.000197391067153,1.5492786149153406,-4.691381765104685,-2.974166647725903,-1.2297561187655128,-1.5884059720640733,normal
-1.5608634742830605,-5.513915142747673,-1.5118616613455318,3.1871876031968056,-0.4613133941396238,2.24266549221783,normal
1.6288049783487644,-0.0163032880736451,-0.5037288348687949,1.670851221795202,-2.8442141760620414,1.4969859739047755,normal
-1.8354344969462395,3.639555805366917,1.1432010115381028,1.972641718438797,0.204988891033901,1.7612663495618075,normal
0.2095665698234023,-2.1527197754339262,1.0244069898987431,1.744758181347569,3.52614786300876,3.5084249253129767,normal
-1.1076100528212058,1.1579619881689611,0.7414388628519041,0.7782716836072129,-1.1987324184981083,0.4932306640780166,normal
4.249893436440951,2.3532764519187084,0.4765889781625609,0.9948176248670224,2.6788578805872145,-2.5813097588188487,normal
4.523265874332775,-1.6302222214826516,-2.119084821547712,-1.9619047703192585,-0.5451147384809346,-2.7240825933559707,normal
-0.9262702464750724,2.255692934466618,0.0390458348740076,3.798209809104422,-3.513917547946605,-2.269390450367301,normal
1.2769802213189867,2.1363130676665394,-1.6445863846303426,2.225618752091272,2.5764514640601432,-2.7298347509882825,normal
0.4295983494838282,-2.237674605691512,-2.938986514062129,-2.370870010560502,1.38312804996196,1.493070545633462,normal
1.1580157302478076,-3.0813082869212725,2.1204355316666703,1.5640773341150027,-3.4178445161506144,1.3807498441988086,normal
-1.7419295460739372,-1.3471046404818456,0.6511056583338899,-4.9065642291814475,1.455066417711817,-2.5213867101905203,normal
0.8741251182492342,-0.6586205402056228,0.2383604986032705,-0.7551137487246605,-3.912006928405138,1.6978569385954887,normal
-0.8236194658677282,0.7903898929569457,0.8376450727102938,-3.8389303080177646,1.8296767607207385,1.1731689745213156,normal
1.891971699967455,-0.6102011841855033,-2.541707821441243,-0.3362419610043318,1.5311719850340058,-0.0982682190690779,normal
0.8346499164213367,-3.280547983578516,2.7044168191820717,3.322333298838524,3.5784169545779587,1.5551749757651216,normal
0.9670213017230066,2.559273865267454,5.0306761142519125,2.6127211852118837,2.727451062964917,0.6232714891043222,normal
0.362219582742228,3.908533397080271,-0.8785355892843315,3.8309193116952898,0.0597576082123886,-2.0460716648550035,normal
1.2496603093509282,-5.25006626912906,0.919123232478554,2.213078707472478,-3.498265437004853,1.5637700420775893,normal
-1.480889889130134,-1.2643667606548417,4.8853935843757155,3.7041585061564968,0.3088692398889558,-2.647268967641501,normal
4.9064679763269865,3.353689788827203,2.5286575885208906,-1.2132645884196709,0.0092391796196183,-1.85621058134596,normal
3.0771862828868373,-2.199535883755136,1.407202150435887,-1.3274272445299111,4.2125356967712735,4.967652779248603,normal
-0.8378444529286294,2.134939941380559,3.885401051786935,1.158221325295266,0.8558445862240537,1.0371637509047764,normal
0.1087866716086652,-0.7415186476744959,-6.323900194235757,-2.8775352090487676,1.3953487862962657,0.6033048372919525,normal
0.9658082945289,3.932549313037142,4.388689245788726,-0.3770942789167383,-0.5111780524653038,-1.164513922795407,normal
-0.1848689140209815,-1.8957051722189755,0.4875624600703168,1.5567780597506715,-1.1291486903990569,-2.826538337343816,normal
1.573823960554527,-1.5789443229133284,2.238388576906499,2.05086003153114,-2.010789399149981,0.632913095094953,normal
-0.0840314117592825,-0.4911664585702429,-1.291074109718929,-1.8664458663505972,1.1368522803528367,-0.5146485772008509,normal
-0.4419354077894552,-0.7121887334241771,-1.2278843678552618,-0.6037436146769477,-3.8715457471593666,-0.640449381238451,normal
-0.1544104996503223,-1.6244130671206678,2.1862926853313063,-2.605111030607757,1.1986037952151598,-3.008002138472861,normal
-1.218007302987318,-3.2402916606247363,-1.9249901654936432,0.4535665502849284,-0.8798032945412727,-1.1403020686854706,normal
1.4875736645889115,-2.316745772118277,-1.0324945553585851,-2.1210715854770363,-1.393557632770803,-0.078597925936941,normal
1.4328195331030005,0.7527683479793547,-0.8990741811311554,6.732584159951242,-4.464666229835278,0.4595862908062609,normal
0.8745000614197684,-4.44061583366613,-0.2386606177226826,-2.082640142501897,-2.5101364921050244,-0.2014993732419022,normal
2.2884756889004043,-1.5888946035110083,-0.2919147894881165,-0.8031069152947792,-1.3738506864888371,4.347128379633328,normal
4.581392608698004,0.9218328682937992,1.2051668183384654,-4.819181448364025,2.035379405295666,0.9844932455406288,normal
-0.6972084853768913,-3.5129746170089375,-0.1222429586852638,4.260263790638728,2.112894927960804,-0.1310111264436736,normal
3.1172292888367985,-0.9162675509201296,2.3786231926452164,-2.311164970323886,-0.1550100234150793,-4.259678967066797,normal
3.9072219212704944,-0.7495954906872014,-0.6084599484375451,4.064897288405158,-0.6849827045732605,4.760341473932518,normal
5.546950583620335,-3.7916063735519776,0.7390612218677377,-2.9194488781698373,-0.3976130260001282,3.6923360652956863,normal
0.5419389094065727,-2.0931560776242506,-1.47216706684674,-1.3478067578724464,-2.74325631908211,-1.5196881516895446,normal
-1.370671987312693,0.5513535675346671,-2.7621569826563004,-1.28299091128349,2.0833347794507677,3.044897880763896,normal
-1.794797226869005,0.4852690773833942,2.9493130209017755,1.209691627970099,-0.576311562950627,-1.328035736518996,normal
-2.7557303745910584,-0.76952117784721,1.021518269254419,-2.2167023057086435,1.70339877610737,-2.096464496118078,normal
1.3370433408647755,1.145966758878711,-1.5932693675719876,-1.4615443266429988,3.0724512562226547,-5.217567546505172,normal
-0.0776473321772548,-1.669448891172215,-2.3412659369739894,-0.4683225460159367,-2.274208542454584,0.7304818208159329,normal
-5.5955780833124305,1.1442164651338798,-1.517162944642938,-1.2493254403790766,-5.301750381587666,-6.868762106813087,normal
-1.3156196412935528,0.9574724618523212,-0.9625545292821592,-5.326416199518001,3.4708444455211196,0.3531428502186581,normal
1.9205180415793432,9.815594266090816,1.270671599186474,4.311741624402771,0.5384912636407199,-5.210282348746471,normal
-0.718618798500889,-1.0605908334951089,-0.1137806132531054,0.8237718389325226,0.7183222610075233,-1.4245823205968964,normal
-3.792934241679198,-2.8251733476008942,-1.040486012213135,3.142873042156432,1.876447918804414,-1.1250321449895342,normal
-1.3383377175405584,1.8948046248090489,-1.827390689288683,4.621522083241029,0.896134045524051,1.7137693469755102,normal
-0.4389098637480387,3.239679454657536,0.2451688488473613,1.862513282193203,1.6716370118947663,-1.797080969021826,normal
-0.4867432402917042,0.6306009910666934,0.2293812111209321,0.5367829579263148,-0.1604704427712444,-0.2905726078048948,normal
3.945295143905461,-1.1388488150596767,2.1728864812422413,2.3882513955943825,2.463624214038046,-2.2231020705708113,normal
2.1901169813244854,-0.5738716384008677,-1.5099515649230737,-0.9811777651521824,3.681676689377455,-4.098710406313585,normal
2.491426276448618,-0.4762577649945283,1.6011994880020597,-2.8692284745391685,-1.1662384480704948,0.8101425705539016,normal
0.2130236240847526,-4.07618310928785,-0.4672403954049621,1.943518381911278,-7.477839927251808,3.01498629136704,normal
1.1666774549152024,4.368407994788895,-2.3722913020620933,-0.5913882180473651,3.8025155678984497,2.330478910650962,normal
2.8390503679573604,-1.521474308099251,-2.0612854038191837,-2.641394106900632,-2.7657337810290854,-1.322444270160038,normal
3.0577076677383124,-1.4258784160342013,0.8812624208921989,0.6751433959785552,-0.6471360009245791,-4.551508251371293,normal
-4.780637438549443,4.96818999807702,-3.4207875970820263,0.264384478178701,-0.1715851152136715,2.2784068054368043,normal
3.1592666941366714,0.4995260842967837,1.3586984466752323,3.1808837502669194,-2.1157899436643395,0.660050203334175,normal
1.8312302569495056,-2.400115738198659,-4.137218590570741,0.2334309356916281,0.7218091570625582,-0.3067723339893103,normal
-2.82550931168481,1.505295800981209,3.790985138133933,-0.5305224247528805,6.029191688946053,0.1800921532093623,normal
-2.379796150055589,-3.104401438704061,0.6443813503568767,-0.3881476220618718,0.1937012962971563,0.8354410431122437,normal
-4.769518894693477,4.719219143350475,-1.0340138335541105,-3.338703922749727,-2.1509625269487547,1.3913828113343951,normal
10.215090723544092,-0.3778116295446965,8.206727634717684,3.814491618855477,-0.8682599723459137,0.0659095281520728,forward_head
5.782091078539375,3.3959471275482915,4.041001684134988,-6.580388995276424,-0.4927954627824782,-3.498365188692107,forward_head
7.872102853977503,-0.3579034052134975,8.500654374347073,3.384751835639369,4.379351999777301,-0.7285665177900063,forward_head
4.325645750761448,1.9230468032125856,5.976059724812645,0.5861025292646034,2.028698062042477,-0.9745167329772064,forward_head
2.7791816164675263,-1.6557350856366988,6.6337717813861685,1.6171812520067443,1.3543789691653791,0.4474605539739933,forward_head
8.143626997855588,0.2834718007598834,3.0931685867884693,0.8924324024210856,3.4261594274914273,1.8255404239730564,forward_head
7.533671826090162,-4.324853196443695,7.286524476591545,-0.3406368467026799,3.5605410107269826,3.197685162389744,forward_head
10.063724833100576,-0.9736025060688664,2.0708157569238352,-1.4593838028110708,5.993117309113069,-0.421371739689262,forward_head
13.33734143959202,1.310972579007442,4.111133051282834,-0.4892017793906595,0.8580697654330183,-2.7053738151902222,forward_head
9.793633153125436,-0.5233302811209277,5.266532852750129,1.3039830283480964,2.1678489890437227,-3.486175772951918,forward_head
13.387332679118105,2.531806887792149,6.063160293118874,4.756286645324014,3.046004076958595,-2.873326241366748,forward_head
9.505821991057005,5.345154806394562,3.6674175111900262,1.882600214630896,7.079642247722772,2.237888735086957,forward_head
9.58506113588287,1.1508996746201174,8.50132914618468,-2.2929661542675066,2.3786784548138766,-4.617674258967882,forward_head
8.535385619518133,3.847426974484158,5.35852877775026,0.8589698412629005,3.774997457913887,-4.577754660096562,forward_head
4.455051936532113,1.8490249300602952,5.263853213894993,3.6986623291443776,4.899280738710421,-1.859707401474415,forward_head
11.604311660147127,2.2496432132378303,5.176206882841398,2.6388891475517804,4.4588607575297186,-1.4672314199683725,forward_head
13.123702235809802,1.7035432931827572,3.675993825481476,1.9309757779391896,5.676526399947965,-2.9328538593966194,forward_head
10.126508532156349,0.0921527581405822,2.5955403902190906,-2.523692338547013,-1.67454084883041,-0.4521493678520656,forward_head
9.97244682338046,-1.0894787503959074,5.0143271700537015,4.638517782720738,3.6286840223512806,2.9217678160414087,forward_head
7.791096290383657,-0.0950734493674658,6.728019163529991,2.3491328793116786,1.469582707112948,-0.0484930016580854,forward_head
4.226609781231768,-0.2287328614054504,5.681701310823353,0.4060733875512968,6.295755812131674,0.0769146144463776,forward_head
4.671996741387686,1.907505326118438,5.6033140806765465,-2.052906143900752,6.73734556863309,2.678874426435108,forward_head
10.183679747588071,-4.518068550878739,7.616926938041234,-1.007051639459904,2.330897272753016,0.0522642493968275,forward_head
10.080657376585387,-0.9804346604401092,3.7309352629449344,-1.7416055682880205,4.175110468420506,0.0233365786066763,forward_head
11.104959238630318,-0.1370551415545152,-1.7674705483041038,-3.5781895386523637,2.0769819988813847,-2.296359552109931,forward_head
5.906433404443568,1.58296118466245,8.821602070620578,1.639760487926757,3.273521179582425,-1.2162584705393498,forward_head
7.85227422445252,-3.5795720168792977,2.614093329417539,0.8951337248003296,1.2634990770921384,-0.6748092663986132,forward_head
8.758440824962776,2.3206154792124214,3.1356348482580474,2.4400697846086885,1.9600826801316031,-2.9928297998664624,forward_head
6.4944574526831875,-0.4535053672140916,1.8330370234608075,1.7890702211098912,1.1189119066174122,2.738281146194947,forward_head
11.446055280070087,-0.0269730608188933,2.7408254286740767,3.8264372600976007,4.305356364834839,-1.6504978227936566,forward_head
6.008028383934221,5.374050504290218,7.732384675271923,2.280805398950405,5.234244223472777,-0.7242164815737433,forward_head
14.704129591347106,-3.9000250847694096,1.662399381169101,-4.20787552014646,1.4558958076657584,2.0817800721533284,forward_head
8.069202367655192,1.8636121604604308,5.962938842074785,3.697164533283483,4.093282967597402,0.8557246395021352,forward_head
6.6192090481530075,2.875479529656525,3.56835138682294,1.6280632982962704,1.3075121538536716,2.5509964709876587,forward_head
11.95873416722482,4.608096554280644,9.668060278877842,4.95449727192765,0.0548978315590482,2.1390549931143665,forward_head
4.858441980805566,2.603698309393358,3.661741348295119,2.3937378733437136,1.6888796593433704,-2.325351849005364,forward_head
12.426340359991784,-1.6696833522518728,6.209377559153753,3.6240472632416663,4.738007250209998,-1.8171274153134116,forward_head
10.948372509763333,-4.264519682778443,4.455226135585273,5.2785477178493085,2.90245120155614,-2.377131046711097,forward_head
5.798861072493834,-2.337306670005731,8.018609932987996,2.8447888437766378,3.4736995530527017,0.7617761869527082,forward_head
9.031248304768123,3.4468213247096973,1.3285018528045116,2.429800387091688,10.17100763916692,-0.1320043434911609,forward_head
10.103267879248117,-3.8447536284957184,6.07249098114835,1.245396164976314,1.1671095072250086,1.8081187514284844,forward_head
10.596650421607755,1.1702235494956903,6.419049600524277,-1.2805519091226274,5.645295812717876,-1.9026708416532303,forward_head
11.966836550443327,0.9150068681331852,4.9047239092198645,3.431892113168612,6.590838514264947,-1.9615359374844152,forward_head
10.663542059229446,-0.1450197475455429,3.304192307050653,2.116223844314426,7.853043591159373,0.8786148063139305,forward_head
8.46083090613092,2.6028384063639542,7.703518822308928,3.8886070027637394,0.8175972738657489,-1.9906852514093123,forward_head
11.92549677299151,2.1851444277897683,5.698994655940091,0.5750786979102054,3.3357412431194824,-1.8542576756406457,forward_head
3.6190411384770496,4.558549571072498,1.5962669438953516,-0.0291674548279422,5.191139113757339,-0.5253002349161258,forward_head
7.430665234788735,-5.419521641337699,9.046328362870092,1.3450587027542704,2.2799028151948093,3.4924134652204692,forward_head
5.982445880356961,-1.563767199856828,9.690982568020509,3.3432863559118244,0.3117190173769053,-2.5833762764898993,forward_head
9.846382190714786,-1.7643817091006933,6.041562438511548,3.153427412182834,0.655186058659003,3.0520534960565127,forward_head
10.330015497054855,0.7992158184705632,9.902970312168437,1.6236847820807672,3.904152653117541,-2.654685313552003,forward_head
14.215117623842785,1.8411150952536313,4.596343083265036,-1.9557589509432871,0.4631012670353698,0.165237877485652,forward_head
11.804644640576177,-1.4601707243400015,5.990328647559768,1.144939953052952,8.800101805043148,-3.572401312633688,forward_head
11.759693358290644,-0.6731791294732654,5.4939903977028655,2.5868783158122053,4.187919366238454,-2.4304090817952244,forward_head
11.284429053463963,2.2351780522350033,9.47459744545171,-2.855319371212788,-0.864324466726833,3.7989866128644834,forward_head
5.585439611461403,5.290902057317409,6.756961067237985,-0.1067031920300833,2.6275767255817577,2.065197284537829,forward_head
6.43407698083527,4.871171386930805,3.0882364356232124,4.476455181544626,6.075001431797875,-0.4109616240162735,forward_head
10.697328225148196,-0.0522696933651994,4.201509070434684,0.6928912405442919,2.6575112763938544,1.370791730938094,forward_head
7.515471479828237,-4.52183523603703,5.696442574297874,-1.9493030617920168,2.5859214742059193,1.4454202869717467,forward_head
6.116668991985637,-2.588618757780723,1.0152687553302746,5.38314784381642,-1.2183608677767754,-1.472552394076226,forward_head
7.685300810261991,1.127662965539622,6.501203466265822,-2.4882344089981117,3.4443752656700783,0.1063913481850158,forward_head
12.62731887069803,-1.7600714772159487,1.2933532646932857,-1.9113444872754783,7.517991609094713,-0.3995258559425154,forward_head
10.264913883639665,3.7763714858589905,10.912640169516507,3.0674656582993305,1.1793194939834677,0.8314350765805372,forward_head
11.764751060893271,0.9953576574241186,3.459456888645088,0.8476509966335442,1.5901312798543918,2.45409031124486,forward_head
5.057508794522507,0.6108359891854244,5.315067841014055,-2.964969855997495,0.9929388901228942,5.23135544197452,forward_head
10.263973104589686,-0.2109935579599031,11.17862436355699,1.924400892996617,6.722782770820724,1.528573631800499,forward_head
9.488704328883228,-5.530615213049214,6.589938473750115,0.815444759154918,2.7528869969017347,2.005173725156578,forward_head
8.443812758054337,-0.2076899726625769,3.8126649530236194,-1.5801532621246417,8.117155489298895,5.278883255511835,forward_head
7.624711792658653,1.3195062683832837,7.601836205323873,-0.8304214078179739,2.632436441422875,-2.9315633678806567,forward_head
7.481613916969471,1.8455143897199304,6.564609146574573,3.15985246890214,2.806947386942386,-4.1400293851210055,forward_head
9.631422114991558,3.553307394339406,6.6104958182266795,3.8655643905068704,6.461330118984765,1.4663632786253171,forward_head
10.305626590044447,3.0225928056997304,11.181086801117203,-2.69076104134584,2.75521188389274,1.734361052511033,forward_head
5.779230956341156,-0.7353064125207904,5.863802994420602,4.4715673201089885,3.7317887053546337,0.6524567490301499,forward_head
10.738506186375746,-1.2124162021314022,5.221227932142641,-0.5340391640741069,0.1474787256181544,-0.6692497910214028,forward_head
7.805886043489987,-0.601519092118274,5.1808632962045245,5.632430061254158,-0.1378384299334873,-7.02362172500567,forward_head
11.72192413554168,-2.129135868293904,5.547047624351496,5.243221736932779,2.0592481876875097,4.539307194527163,forward_head
9.391734320616312,-2.541813597189827,5.938216947334809,0.8298199169298927,5.5588266104633615,-0.7295584224091431,forward_head
7.863630703141389,0.5978037553363452,5.271501106227213,-2.1515126659915023,2.45336680641241,0.430646226243708,forward_head
7.207459627180159,-4.464117354600812,7.944538874215501,3.9658734931571096,-0.2114606642499232,3.1839758582923148,forward_head
8.244548532543446,0.6395395967779518,4.596723595081774,-0.7880459845206071,-3.507842719568247,-2.2264955498222845,forward_head
12.825487997158378,-3.1939979239885794,3.188589714054751,-0.0336419483760951,4.662317905754352,-0.5175432940244271,forward_head
10.240497968408292,5.637885100150572,6.778748938404654,0.3797787316730685,1.6617082185808525,2.338752556110656,forward_head
8.542123822366763,-0.7682836148782566,8.451602281130361,0.6279947547027134,2.108317164550322,0.4130567724999564,forward_head
7.74553951797117,0.6474900703615409,6.307436259044171,-0.8340007660979172,-0.4311638697102524,1.550601173591425,forward_head
12.05205324703262,-3.5690912745706544,9.780100710044731,1.6885767063165589,0.8080655469703881,1.386925161392228,forward_head
7.011107330147794,-4.742047098385162,8.698796674400397,-5.733177050825194,4.060984844652531,1.5568620187270366,forward_head
6.58583799119198,-2.134699911022431,4.045544916519865,5.669765845408881,7.072915912252363,-0.1948443224617047,forward_head
4.420794381984935,5.444255858844331,9.243579207949066,-2.597631756316606,0.3717252209016388,0.0414219392742901,forward_head
14.239608754522898,-1.2310058723435502,7.197367469405583,0.0990997973879246,6.986105979372992,0.1774266479049086,forward_head
9.827128261538943,-1.8934401924618955,7.698542602843508,1.282830350032888,6.627503595328339,3.741241125048844,forward_head
10.71766448964729,0.7104360532338427,2.721049376216122,-3.41964856341364,6.666352148196507,-1.0286363783980377,forward_head
9.8667749440123,0.7192984723763243,0.8998056387356179,0.8076955041404529,9.27889137896106,1.9013573376869335,forward_head
8.717179868710648,-1.0919099425398158,6.081966857350409,3.486480551284327,-0.2480409086145605,-5.174804262446384,forward_head
11.395964549605106,3.4857950317889044,6.072686720514256,2.760043886903286,3.1291524421276993,0.8608491419452065,forward_head
8.256294497815375,1.2851298590146851,6.30196431483171,1.2173896357542715,6.279959346434866,-2.87515272178008,forward_head
6.920112706263872,-1.865587329748063,3.4615609292096967,3.828347654971008,1.4042931836787649,5.6119285075424035,forward_head
13.800918755360652,-2.4337690630102395,5.6781343747772315,-1.795317458541437,-0.0572375488889096,-1.43923719299266,forward_head
12.098960016103904,2.310302223971295,8.17094833423504,-3.1986105578493103,2.0094258047456,6.059096880261972,forward_head
12.148083099466998,3.317833341182899,3.0665529049324136,-0.0686906498835194,5.866102176001819,1.140362407565572,forward_head
6.940161282570001,0.8017070473937066,10.624530239464814,-1.4772484541688828,1.2022263713770347,2.2553250038286476,forward_head
7.050367634445903,-0.2380344197631787,2.1260594711211693,0.7784315046001311,5.704962023124855,0.3850685276805801,forward_head
8.552266787459608,2.636593863648325,7.232139389544529,-0.2103877448219929,3.989549452739809,-2.164509521669567,forward_head
11.986907154692345,1.6786997508805042,2.06785137129734,0.6173372551509241,5.236617968934681,-4.645563123437026,forward_head
13.744417541864944,2.710074453932149,3.414192386271045,-1.0818875747125976,0.6302682068275343,-3.557003788024115,forward_head
10.491102843954382,2.6604642757875867,4.910075031972571,1.167045990738505,1.414285380776492,1.3538652088414032,forward_head
8.152194301824903,1.9445140248144628,5.190668299750608,0.0435775640511472,3.925152788172389,-0.9423300627949456,forward_head
6.525105518619965,-1.9851161254049827,3.4724978409278884,1.0318494396441509,2.91248097498441,0.9466528696384704,forward_head
10.957184337371432,2.1769939306841586,6.520132117091889,-1.5641342070053552,1.9221860760622524,1.411934519578987,forward_head
9.373408705677972,-4.416194145927712,5.517946167269855,6.031327598493107,3.9103507401366535,0.7012240599337002,forward_head
8.099901828107543,1.5809455261664294,6.433371399278496,-2.64467038977222,1.1798072553616972,3.2818379135410365,forward_head
10.82845063143748,1.646718294804224,5.144633657648635,2.680788450071126,4.476055153128659,2.873643703995893,forward_head
6.1424517198156785,0.9821852450387863,5.338278487418705,0.1243925280043515,5.050395466888711,0.4829924775042354,forward_head
11.979268742767662,-0.183824639924322,2.7011346790420783,3.573036960742626,2.79070510037697,0.7467367920261889,forward_head
10.507736712372084,1.4619382774449492,11.712974791697228,0.1207139160569271,0.8736618031323902,3.4884768449975367,forward_head
10.333398111763625,3.4434207634455625,8.54548677938564,-0.2877168279852715,5.098671261296012,2.4804925001824443,forward_head
7.570634895109846,0.2431982480584824,7.832820180852673,4.131541863715448,3.831518775810494,2.962929914285966,forward_head
6.709197702316451,1.5690316704729903,5.149062352736659,3.880506697167861,0.9076982405093004,-1.0114175344176273,forward_head
10.060167153796128,-2.4895395410687673,1.9102261903286817,-4.831489065387091,3.0986176206018485,1.0025231257045155,forward_head
11.531593524110178,6.569790626540275,13.607732423986832,0.2341574936717125,2.604615389069199,-0.1536226731187919,forward_head
11.488953785005076,-3.665938663386717,1.4049273564099585,1.956843957934661,7.257931524795095,-1.2550870138859536,forward_head
10.242183976268992,-4.990359657422192,2.5007561790867294,-1.5704906824130864,5.674428637459625,2.445035488255363,forward_head
3.9537803390284054,0.4948571696968069,7.482939220546694,0.1015944196352336,3.362659364898454,-0.8446209654562231,forward_head
8.073543093998042,2.103199762534536,3.713298307523921,0.9201495149170508,-0.3701177798504176,1.1041963534412502,forward_head
6.512128795366552,1.2461916597134743,0.0573373838928628,-3.1853303301052645,2.5462420946608324,3.8721442695339183,forward_head
7.535180816705612,-0.3205615407503737,8.63210658606871,-4.422307856040208,3.822766946775324,-1.4306258231647409,forward_head
9.258595323270264,0.7443025520407167,6.19339615491169,0.4722699901284948,8.10519010035936,1.1052057769174637,forward_head
6.967464069349676,0.8440331298341434,6.064403807779386,3.758769829836898,5.058199789194264,-2.138415068195625,forward_head
10.661756863332776,-0.4439270959630179,8.004562134204843,-1.3992577937007176,1.617697906581745,-1.6550087312775923,forward_head
4.572328617279772,-2.271109578164406,0.9221378041541248,0.2848257680227674,4.178855951045515,-4.888970022696333,forward_head
8.62419884932032,-2.1305843835916,2.893555763323559,-0.8763798292712193,2.18325946703409,1.4609246588664355,forward_head
9.790895803840362,4.058195093290159,5.952656856927706,-0.5310345455412009,0.7868782846894438,1.7654145009819584,forward_head
9.64299742588982,-0.0140276303712599,5.519700461736821,1.0302333826854388,2.398337063674467,-0.1108380147134785,forward_head
6.516603251045123,-3.200677761259275,2.028643615421972,0.898656267010323,0.460302932525054,-2.7432067305511985,forward_head
6.76803121127029,-4.121260533595135,5.5867843718814045,2.5269966139792746,4.284036160577741,1.9374389605542248,forward_head
6.515343312912867,1.0441759418708385,3.3587544064770025,-3.982766131336442,4.050478857237479,-2.861246017387414,forward_head
8.042957025967578,-2.1600763955563984,4.50580076596349,1.173236881451835,2.6906776343129097,-0.6997476553278428,forward_head
8.887767424693658,3.7292947867903994,3.8247119988644176,1.7189007427167966,3.4562525764980334,-2.640433341386952,forward_head
11.954727732399904,-0.5207426166574474,4.993689432337925,-3.0574373131541828,4.202270231872238,2.89021912761564,forward_head
6.574689349050891,1.7494190901022402,8.594134393779996,-0.2757692634622591,2.0061055862706967,-2.1201143962756133,forward_head
7.464192139759264,-2.629357823158763,7.9472238963919475,2.570574225461557,1.2255275194161623,4.3219521393359335,forward_head
11.727154176509243,-2.78287953631178,5.125148202302227,1.7341371191078772,1.8426512199368543,-1.0116560176670075,forward_head
12.24015765445349,0.4217519494186942,4.586235157536835,1.978373104396001,0.2321079579938709,-3.1894730054812133,forward_head
7.190024170643477,-1.173346264299186,4.370126570220306,-0.0390239464200559,2.51152412205744,0.2823875362986132,forward_head
8.070355294303337,4.934043171230712,6.2988116769573885,2.9902955372778224,1.178845945799143,0.6497180820978185,forward_head
5.524445187116344,-2.8923123188297533,2.7565792025723335,3.4797483360339316,3.394403598234424,-1.5484285186475903,forward_head
11.375039571674114,0.309298371530158,1.6682486002751729,0.9388405739464948,3.6075118051359993,1.054250022254339,forward_head
4.390516041298135,2.140727273792975,5.339805589628209,0.0946900613003539,0.7742053799503203,-5.190319552749866,forward_head
9.35762192469738,2.256428297022013,7.232143960593592,-4.270005342808269,5.124029971290533,-1.699851266754835,forward_head
8.017368107346497,2.5763727557444636,8.98363631881108,1.4490991209649136,5.5040795630214,1.3733520570043358,forward_head
7.609703133098049,-1.5563950144796912,9.67267381456583,-0.305070386230146,2.6748492661159498,4.3369469767746285,forward_head
12.313580272737696,-1.041925339869055,6.964760502911623,1.0463351060273642,-0.5170375237438458,-3.238167979810469,forward_head
11.523679471489922,0.5703880891626122,1.7524600988539971,1.8707990688862477,0.8876464035162592,0.0814116780570471,forward_head
11.373986428411222,1.3605868613382297,10.138758286985658,-3.52891839775707,2.8514620468187646,-0.566066265017249,forward_head
8.34335119920958,1.9562090601671351,7.900761990703676,0.9306359660275938,2.1590326364721593,-2.648422804081543,forward_head
10.678827929322631,2.7021166357786948,7.718759918535149,1.470780013558624,6.820078398469581,0.450214986537909,forward_head
12.123762251765395,-1.1314218718906022,4.62640168195761,3.575555439126969,-0.3319434936991241,1.2478827968153103,forward_head
7.507564283197315,3.083684330043517,4.469448137438825,1.5704656195264404,-2.975760918673595,1.6440747573746992,forward_head
8.300016745313801,-1.285704525086562,6.788235804061168,1.92626802088629,-0.1975768405494657,5.760241833451141,forward_head
7.548379243615123,0.2012451949456256,5.267639483466029,0.9660404243601156,1.4715368815284302,3.0920844388248856,forward_head
7.17092065272868,2.722099189922243,5.623270828800557,1.4077890693613084,7.726101712889457,-1.220566268611898,forward_head
9.777774977857987,4.0266111523063675,10.5381877761516,-2.2556743511396387,-1.7241232302403828,-0.6929882903649691,forward_head
9.86890403450888,1.2789434904852242,6.3891723714080735,4.118264248479516,3.2167442485359916,1.5656024732648153,forward_head
10.420258012821616,4.901536408720718,8.90640713178113,-2.308735083098995,0.375861252725147,8.180141836280212,forward_head
9.607205032875688,-0.5705007454169315,6.882872890948023,-1.4365374250464549,-2.2052467579724695,5.108614487062383,forward_head
4.777042405081846,2.677748636268275,0.5612805719571563,0.5711439529578972,1.8218406482437008,-4.862707615640802,forward_head
3.805470450359507,1.7016197285894874,9.608445389511337,0.42199127765229,2.1992554886583955,-1.858734012412335,forward_head
9.045042180111116,2.2814181846183264,2.082854091797934,-1.074711380909526,4.181575864608514,-6.460979079006938,forward_head
7.779315393871139,-2.7139076346407167,5.556577131692173,0.9967000238685172,4.583317065178096,-2.162482814542538,forward_head
8.80233164533861,2.5404199928982223,4.297915526220052,0.2797718899273168,1.552189725910633,-0.9942314321730366,forward_head
14.424841470201358,2.758974161996517,0.8703931710633537,-0.2955938193565509,-0.5592065922098075,-1.3966076532352585,forward_head
7.047109054672214,2.805321146545298,9.496345280240853,-3.0405676394816137,2.3504996480812186,2.4555587797174425,forward_head
6.122115658617827,3.191757965964146,3.4765479472931147,-0.0537831573803097,-4.097696648713567,1.5923662893709274,forward_head
8.944249290704867,2.714695698701538,6.011897206004461,1.2491192195933705,1.2777861435614857,-3.7397169685261824,forward_head
11.331087177386667,7.836636111181382,7.251751530301459,1.48326762501331,1.962249277591576,0.0391430175327699,forward_head
7.154857290846521,1.2871058506753452,6.65067906245576,1.0159044283136267,3.453127906505126,-2.2492382992721422,forward_head
12.655489846794092,0.2074700749684307,7.904967972679603,1.1981695955413147,4.121589411286318,2.174750598559275,forward_head
6.622723175781919,-0.7822006872119798,3.020758341399224,1.24311068345031,3.7963025119971863,0.7733207682309353,forward_head
6.026918837307177,-0.9618210890272094,6.930015695751182,0.1377385522964217,5.634964427957191,-3.5439619911229387,forward_head
7.8851407153471,-4.218642151862524,4.592208347111084,-0.2640477776707819,3.282851142632557,-0.6708673457528955,forward_head
10.584152561935149,-3.979101376629393,9.696686683431416,-0.0607974271952619,1.254500813472376,3.5779187445065608,forward_head
11.148962180858891,-0.168404911382028,8.348888840063672,4.051260718177658,3.199503710146833,-2.446551062944531,forward_head
8.716298385294646,-1.779888105236087,8.586879785111988,-0.9747368911572272,3.5538961840605277,1.7887272440981434,forward_head
8.66957661088907,-1.1470926070510867,1.74944534638266,2.715477971461989,3.1806974134607224,3.677682231032848,forward_head
8.843401056681913,4.191458464569955,4.764393735908856,1.07960523033712,3.607808646282233,-0.2008814444854097,forward_head
11.865075360355164,-3.026153524358442,9.396972961242234,-0.4316889598799365,1.0565712878852336,4.374105327781996,forward_head
8.393253130436795,-1.7995163275672106,4.363013206555768,0.156722585527801,-1.7250254279573571,-1.2191158634336816,forward_head
11.394479036182265,-1.9387984721139055,6.269191633502785,4.996812545878279,3.5190083785015647,-1.901885224006825,forward_head
7.161997413091884,0.8057198403587602,4.892347002797834,3.6797310548466418,7.140520630143239,2.975912900574824,forward_head
8.722968599302282,1.644893820580296,5.360198878694467,0.510574647485379,2.0293923661961535,2.5282592171743885,forward_head
10.547215745057883,1.5791321400119458,6.453274030661961,-6.076825342072659,7.095899330677352,-3.4972770627251695,forward_head
9.97093932307542,1.4088255104658616,4.213043312713145,3.3194506265847465,2.7629394217978196,0.1489906770077292,forward_head
9.215277170647443,0.2571723126344938,7.975415597398222,-0.6935267654820012,1.132691787324581,1.616341709180768,forward_head
7.375432786256409,1.9995675884170816,5.532071608859213,-4.0908994594259935,3.2104205754642403,-0.3716143832743564,forward_head
7.918065291029029,0.18404149371363,4.756559801892234,-1.279933068147307,4.9845461678595395,2.7659412647648427,forward_head
5.142991954392751,-1.615615799383135,4.289565121878157,1.72876411811696,2.5984222011862643,-0.1384461397467271,forward_head
8.976778596080461,-0.0571971538939102,10.033519246288558,-0.7730334064978364,3.767452681715594,0.995871586611674,forward_head
6.884100700282568,1.698689493867814,4.303103571195778,-1.2901085906896008,1.537730866455575,6.172689466751893,forward_head
7.958436735961344,1.458877029886962,6.489497121774367,-5.565980176338021,2.8421924672218792,3.5102394848702936,forward_head
3.0326753245108184,-3.1141200790139907,8.243250468859273,1.9279485155480216,1.7603045699746267,-7.219080849234393,forward_head
9.609143059256786,-1.624359299086686,3.0361509981976753,-1.0657881904575175,0.2744789830014253,0.5763382936848502,forward_head
10.2351597974388,-2.0151349022776266,3.3578703371805014,-0.8451193962253463,-4.136566657260977,-0.3408516959312305,forward_head
10.994609449739416,2.195841058029264,5.61372869082688,-0.704414927733688,-1.6483419291501438,4.941618591404887,forward_head
9.811146510881292,2.91193593945425,-0.4798905107825595,3.446281724496057,-1.5096569814059126,0.2860992658798236,forward_head
5.566492777575627,1.8492640208931648,10.172044601359634,0.5213902020608746,4.299755348821881,0.991453763977622,forward_head
5.0727963571852195,2.0612081409575422,3.9728559004873354,-2.4486491612694508,6.38893233927587,-3.607585766428134,forward_head
12.587718498055589,0.6044233523537055,9.133188690106362,2.7301689993293015,2.1317442776053928,-4.304744432394644,forward_head
7.5252692056109804,-3.0577955698571753,5.563027168850205,5.990557855381998,4.746722033792609,0.7107369134264226,forward_head
10.232466146286148,1.3266711630077772,8.188358504892244,-2.2290629303977565,2.856205617486342,0.8238355756569857,forward_head
9.584620064473995,4.36123955311737,3.4098446197499377,-1.7194237788463518,5.588608541042362,0.070734939637185,forward_head
11.494080192300611,0.0706034193536571,7.398787218715269,1.733900510835729,2.283014410654326,0.1504346411752407,forward_head
9.727242643975014,3.123524961977039,2.69689064976402,-0.8093282569285545,-1.9888294511293465,-0.0303414722538681,forward_head
5.603564961856314,0.5467982032461678,0.4455034000951317,-1.916469727463288,0.3006591968103791,-1.1960939514526172,forward_head
8.829691437080117,-2.979708548908034,10.732994830524865,2.93275390253768,3.9099265771318454,3.198452608251305,forward_head
7.052268151558248,1.2642214510468477,4.355916876655962,2.0140155815782825,3.508089886465078,4.072827533511377,forward_head
10.271520933083606,0.2788294736489802,1.789858337689162,-3.317919641474119,1.924226700113394,3.3165203871597875,forward_head
6.362276579558262,-1.1813086177880314,3.038363037881844,-2.914043510475373,3.3156693405851705,-0.7589964543204426,forward_head
6.564695384459079,-3.194680336237094,2.23157554442259,2.3298887562746144,4.758569791968272,-1.275062448834736,forward_head
8.507695480007776,-3.56426858214913,5.610896993789018,1.458587578509111,1.8385473047109535,1.5367641344375818,forward_head
7.976728814760697,3.6197724831339233,2.6812597526174033,-0.3413814746954334,5.514811279491042,0.6862341639881278,forward_head
8.95031591157922,-1.8916978186775344,8.550707241044293,3.0907572301811994,2.7318380854726456,-1.6062980978664956,forward_head
7.511162662040352,-0.204487567354084,9.748589957521771,-2.384230703349646,5.251332693328979,2.0034058164382635,forward_head
10.886833245169525,-0.8139301800884875,6.682595705400538,1.758130161873762,3.4985599649669177,-3.8527085389179314,forward_head
3.841492118801364,1.2797443396825905,7.852954666049924,3.0627728814544333,2.206623769393663,5.170856611974531,forward_head
7.365254029186059,-3.155441908365318,5.38157324363891,-0.9019022674496506,3.0682834496285967,-2.050997291210883,forward_head
3.9094487428601585,-3.3822347532789356,4.877320388367398,2.289681861727398,3.1187336706291076,1.3105321631933298,forward_head
9.567586197162225,2.500550901191728,6.978605379379637,-1.5615306260869022,2.1898295619775743,1.068508924299221,forward_head
9.691501913777952,6.044848347831078,4.008427353470674,0.5810175333503406,5.988701627063697,-1.014077334963461,forward_head
7.31878600998416,-0.5651044970418029,1.1444457684118117,0.8383458697307273,3.558177089800652,-2.430303000871418,forward_head
11.48611843877227,5.905174132319701,-0.4291484021472307,-1.4412478512325009,4.615015467786378,1.0381998515521709,forward_head
9.392819797477353,1.2947916683551888,3.832878207621091,-0.5109049817250568,3.44047455625673,-1.218680719050768,forward_head
7.284302160612289,2.2632485912908455,5.86459117553846,2.549813131588085,-0.5816782243491319,1.5872089901909303,forward_head
9.810850525037171,-2.593793849604838,7.599159661077972,-1.9105001785581115,1.6681862544577413,-1.9516784562812004,forward_head
11.700140147848275,3.4798246630294933,6.718263092612487,1.371487799652451,5.356971285350189,-1.89820695602997,forward_head
8.68706392904209,-0.1623572210252029,5.211939418619506,2.690422917978082,5.117205259712285,1.652271296402475,forward_head
7.329137012882995,-5.445152543732349,2.853898415895868,2.0222633906365797,2.8473108216190597,0.8011490785343225,forward_head
9.655167022716814,-4.745869400127703,4.622876424808814,-2.2151364552952155,-1.873904294385918,3.7242527691354623,forward_head
12.13850902364974,-2.031962378169363,3.2485241186598453,-1.6108100929576783,5.364674109210364,1.175925540965846,forward_head
9.25621160539552,-4.7761700478111475,1.0471039638359168,-0.9038943658265636,1.7929310229827042,0.866710621236493,forward_head
7.617275457714669,0.118638196595477,8.433605691581112,1.75035758278471,4.739659597734463,-0.551496767274654,forward_head
5.607661075751062,2.500575521044073,6.879714929555385,-1.4033881745223515,3.5578826368692424,-4.541881756256163,forward_head
6.804341867941334,4.541776018614954,6.70186144941996,-0.7439312457730352,3.2497173860230326,-0.9374137009201832,forward_head
11.874180047196868,1.521820007524591,8.669128777969934,-2.8328208869445164,3.741442346325763,-2.5927915467831775,forward_head
5.121219377352677,5.423405353465952,8.47149205771752,3.4070964438374647,4.655129586896184,2.4077633308081,forward_head
7.549959168365788,1.8442018805985017,7.625198331043883,1.4684287015824746,0.1089604581403582,0.5686109358522313,forward_head
9.807963706145514,2.1605508808508676,8.73746396204239,1.7851563810619395,6.209542149633903,2.41450718140732,forward_head
7.847075669913453,3.4347288807397076,2.013762327851846,1.2145082169868324,4.89141168728285,-2.686307349415088,forward_head
6.887115103934603,-3.186889895408332,5.415186935180228,-0.9448019420817766,4.383472457686067,1.351749077546197,forward_head
11.202866802033425,-1.5939223875380304,6.4885524634700955,-0.6465965902527113,3.003314221836018,-1.1733305785684047,forward_head
11.14175620060639,3.4921203616442007,3.4870706206428093,-2.4854735027307235,7.193442719513723,-5.124193544314255,forward_head
6.6030538595330635,1.832497280344494,1.54102902553105,1.4485134940127744,-0.381271723601805,-0.2351692443196534,forward_head
10.726181715303785,0.6261692843943266,7.144407940375935,3.1445354520519904,3.6640424829313334,-2.6674834707643624,forward_head
7.527219668047183,-1.4820272982412823,5.055205310489004,1.3601348039086665,0.6610092530939351,-0.7435759549735805,forward_head
9.870854348115316,3.4858325119256097,4.280736567628138,5.687662598371354,0.7554248339359257,1.5410002943348529,forward_head
11.95032043435382,2.7096508790835565,2.030328623860495,-0.8774545088456238,5.860732671399848,0.1672329957577233,forward_head
9.42003835133132,-1.3961845033551492,6.7520789775105285,-1.0939688551899094,5.3630288365287075,2.1561472839815505,forward_head
9.541707797410716,2.7156074376012738,4.952834370660936,5.362987685692333,2.2416248313071643,-2.300484299539745,forward_head
4.4472848267637595,2.2607854160882743,6.425529724854352,0.3565232424961427,1.5058307918628573,0.048810698570735,forward_head
10.026375213319042,2.8983727855790056,8.982953144837264,-1.915391808426043,2.4223263063557994,2.4820608775140864,forward_head
8.801528938985744,1.7004104598644174,2.9859965607763357,2.1385095746255924,2.2488351281982406,-1.0441143944495412,forward_head
6.32452109276417,1.3482558430010902,3.2591683535198457,-0.926601075500282,7.297601532104553,2.279648275970169,forward_head
11.131171608582378,0.8353731624143957,9.1302942479564,-0.2479544310685865,-0.0729589945010404,-1.1910285199221995,forward_head
11.0222981734818,0.2461585060406546,3.626605776443056,5.051359769854539,1.5388617703739045,-2.6424052819249204,forward_head
7.584013521963192,-1.6613351262049203,6.023675209119432,2.4600069482768703,5.079041965451009,0.2851132269681765,forward_head
8.529346662284233,3.0972871366458232,8.05378848195466,-2.1996061194537173,5.98278236462757,-0.8491419306824923,forward_head
7.466030986593013,-4.628928511901119,6.864466783830888,0.8952230633079611,3.490602351666801,0.2797169959706242,forward_head
8.306139359211121,4.075479770202243,6.554450185627177,2.8436937312673125,6.228184597539697,-0.2399013008755805,forward_head
13.0876659863188,0.1658098061440476,2.769646016428167,1.7231363376908198,6.279233623181653,-0.5629117636244916,forward_head
10.715883887536332,-4.249818330390341,5.669596284792344,-0.7809356016917339,0.9027683149356592,3.9048625145047247,forward_head
9.139659849611242,-6.293766103493447,8.365068937533538,0.2354531062557552,2.225875715029848,0.2584741441852275,forward_head
7.865909031020793,2.729490443089153,3.281676352860572,3.6537981313387897,7.315566364089081,1.190631971765209,forward_head
7.332027288056237,1.863303270825276,8.240174768693496,-0.8482625361581759,1.1675777521906026,-3.5623433666918967,forward_head
9.965956634620152,-6.4856399745423525,3.801923367017612,-2.5508017248599395,5.094410553866473,1.608057964342583,forward_head
3.956653004693971,1.1215436260124163,7.5349521504943535,3.972560907406904,-4.080814812460352,-0.2641409517806291,forward_head
10.593311707557682,0.7136234401150913,2.018161319582509,-0.073455829638668,7.040750106804792,-3.741783437370036,forward_head
8.378460365583306,2.3585178456997893,5.6139097028547456,5.887321693457855,4.566534093157676,2.0586003328472353,forward_head
8.211758361784689,-1.2057000678488583,6.115209038291022,-0.2080450973630814,0.6474432483340524,4.0049019210913395,forward_head
7.586059080315024,0.4056325419212869,7.296043558679102,4.663379794058827,1.8217106971222057,-1.3041670503259557,forward_head
6.8595753983456245,-3.278337776042683,7.130765379025576,-2.1377691887011236,3.0889151850824836,1.5006512535148124,forward_head
11.056956952085006,3.564582665736782,7.231922579622152,1.128291620595256,0.5933724702025591,2.4535913140820123,forward_head
8.42174764267575,-0.948738050419108,9.17758672704276,2.163422337582075,1.5589510591628897,-2.2926651839249903,forward_head
7.009657992033761,-0.4072745986512942,1.890989344575588,1.107729319151747,0.6248412563346819,0.0932124402587669,forward_head
11.37826561074871,0.3045108090507003,5.0228194511170505,3.681425407321424,4.317244809164484,1.575393672287959,forward_head
9.315785498708,-2.813013161030564,3.0178349972861365,1.944946309098893,1.8271728644739775,1.965674180108808,forward_head
10.443408812766654,-0.4102962364620441,9.017336864729376,0.4031427625261424,2.6783513841198605,2.6881730930180137,forward_head
7.479123088301656,1.6924318981673152,6.524090296709984,0.4052672957079228,4.481325768294403,0.5031960551404968,forward_head
14.970929982176097,1.0794978955084706,7.30706723746378,1.7949869409786297,5.9606416129904325,2.8178930014916728,forward_head
9.06551188193509,-7.126064339695139,5.29770665584328,-0.7211902002758992,2.241089186835213,0.8265020982441045,forward_head
12.981674995707207,0.6752996146797058,2.527591451162595,1.683518539281166,3.0483601770293856,-2.3153027126562606,forward_head
9.727368410848714,0.8850202405703671,3.5227955207635864,2.253736954811786,5.394599077770669,-3.1125544885665883,forward_head
10.297177951100306,1.8369322269719777,5.504047578392353,-0.2127356426050348,4.239512552568927,4.310847770771491,forward_head
9.34661295927521,1.0445332327332686,3.329347596004169,-0.1407020606289311,0.2846842520464756,3.059833866754768,forward_head
8.41020867671969,1.537428639272054,4.163108322889192,3.702348941666819,1.9827868887390632,-3.4431441129466114,forward_head
7.336444254676349,2.4721003263655454,2.3250035065153103,1.4605051800147413,4.804758713595353,1.9798615195362437,forward_head
6.513928695500519,0.1680918622595366,2.5423595381640274,2.4917548176768554,3.623870473995193,2.8735327523883147,forward_head
9.037957356351082,0.8484530942450631,7.113969280435484,2.4565745657912954,0.5629835601928952,-5.500788995576058,forward_head
8.93941791532577,-7.141759532990002,2.7618237028929884,1.2289091917049313,6.00612811995768,0.9977096458629624,forward_head
4.7733209309838704,0.0359734646154916,12.388044359299755,-1.1266495684209594,0.5537511353334841,2.1273974409405403,forward_head
3.774242752867108,-0.1996955966709286,4.835988599284737,1.1606706791140913,2.5743543830102364,0.0133979112340188,forward_head
8.624707621865484,-4.073429388306058,6.715461978904847,2.3479512367539197,-0.1600154198684094,-4.825893643210501,forward_head
10.267550680338392,-0.969777351685188,2.0113787381123207,-3.489734921435284,2.85651158731491,-0.3568668692162602,forward_head
7.152428354941918,-0.2485868816463765,9.06826341072304,-4.285150176468668,4.6308258454416995,2.191220885790246,forward_head
10.648628102784029,0.1806189544007269,6.268364041769925,-1.6860891208497957,0.9901289631812972,3.601035024459585,forward_head
10.569015743904576,0.3403652671019759,5.10423630497584,0.4647525852333211,2.3012313417586663,-1.8141827612352823,forward_head
8.843379444695445,2.794986374030591,5.711262864232157,-2.126558304569503,3.6031006210168233,2.6087715401184215,forward_head
11.171931251476927,2.3493469617571723,6.969639720344338,0.7324481163235241,0.0341589322253641,-4.478292229156261,forward_head
7.828759716599211,-0.8341978515935473,8.877130826747514,0.6892373500127336,1.103086855161563,-1.7159423227951247,forward_head
10.71397436574604,2.1274391549102263,8.415926364173131,-0.8236674087675206,2.645878534974683,-5.145528299328576,forward_head
7.595394751620753,7.172524271794306,-1.0620426409352808,0.8721920097942277,4.198402383573555,1.6275652372355252,forward_head
11.953919291047866,3.1720327411790503,7.676866611471008,0.1461856165826293,8.859135132031561,0.6267250611609558,forward_head
7.810511389987747,-2.5763899108574577,3.7824647507512568,-3.711668943065967,0.9347200207136446,0.1103213732874416,forward_head
9.477291310359275,-0.5053289250499811,5.867338245966719,3.9002897504507823,2.9091734798941458,7.992150925451258,forward_head
5.8886437497881925,-1.7361993167685348,3.979984642656691,1.5805417268981348,3.5821702185672457,-3.050180177809837,forward_head
7.2965494123260655,4.2347859630286235,7.984455536326097,1.6884140267300256,5.41956506006301,-1.830966915185259,forward_head
10.581135541605752,4.823801664439932,3.5705701065178124,2.0899193767793447,1.814554562240088,0.8687396893301342,forward_head
6.944809970430182,0.4899465315250074,4.076375563769724,0.4753879783740425,-0.0482111663054842,-2.3605500170433724,forward_head
4.77873702982875,2.3094763006947354,7.177278120692188,-2.0444107726923826,0.1998814438253195,-0.679691913467166,forward_head
6.431491121184973,3.120614228360812,7.111296229113228,-2.3837310649619594,2.0668293851467148,-0.9413293387049226,forward_head
9.669609094665834,4.113190226092594,4.204368402846994,0.8949357806286292,0.9411625734353763,2.36778857141442,forward_head
5.820202497218193,-0.1390841644138389,8.156643226968816,3.7318632237955174,3.5284914186766474,3.677785224966787,forward_head
13.159332080358684,4.335468220827725,6.968479249515031,-0.7530852694755317,3.7631078163283824,1.418484842672439,forward_head
7.878642908680347,0.4418527115895184,2.2735964451344532,-4.978134627913203,3.5963873844343475,3.041367795575634,forward_head
12.836205254486288,2.158477069679524,4.350588460423809,3.5749759210967076,5.805935546757899,0.3078693172658165,forward_head
11.456707856924853,0.2859303658918809,6.968156033660442,-1.320429752424539,-0.5001768079575228,0.5070814262952498,forward_head
13.370342672802089,-2.5365265172755818,3.6505720900675818,1.5862566152282644,5.600154549756439,-0.6641815774446205,forward_head
9.600514609865558,3.223922564382267,7.47479930545213,-2.973246825527476,6.132832061920609,1.1171385015260935,forward_head
8.510753672132747,2.057725921559367,5.371192678688385,-2.0745296213546127,5.650224349771664,-0.4968707881153327,forward_head
8.691639839884724,0.2107218878583288,3.860780701346391,3.29811229391024,3.772618607581635,-2.048658104964957,forward_head
8.263860606029915,0.5973850881956406,9.321869626352273,-4.714744694333343,6.631888862815458,-2.2211218313683743,forward_head
5.319907317433021,1.089561468067365,8.946174068653761,-5.051052522337815,-0.4345870622466501,1.2740113102299695,forward_head
6.005083926956846,0.4319868032860068,6.2169352809564655,4.589494515339538,5.217699441115718,1.7121058965003064,forward_head
8.447393841157373,6.7802740881849815,5.981492296828263,2.20805753697202,3.1734245066451736,-4.948390661047564,forward_head
8.71299437810234,0.6775874228538744,3.856568615013189,8.282275502609604,4.4169293154604485,2.0785264486637383,forward_head
11.020090473505178,-0.3335352709596344,4.440600794943242,-0.3252254792535931,0.8798360049237286,-4.1891079315750375,forward_head
10.832072704554363,2.0194370527108454,8.121206627626481,0.1461759066553814,-0.1855802976919878,-1.5355833049275949,forward_head
12.995804519102585,0.2057917075975393,5.52195913724537,-0.7794088948557585,4.833869533764664,0.491522676129149,forward_head
3.738126235702463,1.795368162806343,5.888312497998504,-1.3377920018114704,8.105444776336828,0.1552306253077281,forward_head
8.535188797628074,-2.28627999605599,11.192716245133262,-0.6006480109660011,-0.998486905485778,-2.2799157096179488,forward_head
12.220189312130945,3.935845901893349,2.409660509923844,1.846087393041131,3.0362724981566354,2.127501566963703,forward_head
10.7893356029271,-0.9167883575082384,10.96273723759028,1.457920474397251,8.985904751456127,4.359712482027881,forward_head
10.247739540344371,-1.2320589758414122,5.07403558652951,3.1777012510070124,-1.2306770791083217,2.3701470372332727,forward_head
3.8137841224592215,0.3333025942163876,8.30465376198563,1.37791366906771,2.944912839989324,2.122659112505911,forward_head
9.854150579881566,-2.003825368562569,2.458547989660726,0.5486456387972078,2.321712554829256,2.073381286138293,forward_head
8.653719388481939,3.417279486220348,4.7370278862981205,-2.8526617832539216,1.9402748941941184,-0.5381102046700668,forward_head
10.859129438850433,4.818945765998777,5.578489663831941,1.2229591827968134,2.4878083403382067,0.248598606623732,forward_head
6.0526912717541865,-3.0884343346031056,7.023815113021503,0.7519776816120157,2.4508263691226,0.8021127327892739,forward_head
9.1032186389686,4.49517974589111,6.336096287121304,0.83981141804587,5.592897246645608,-2.1839737889850905,forward_head
9.211166965974869,6.6116832646320445,7.890737505228365,1.762552720684417,0.326863765612301,0.2574848137904225,forward_head
9.211296189538318,-0.9644337077384127,0.9480993054949592,4.760255195147795,1.216038325232061,-3.1798959523793284,forward_head
8.712225765191903,-2.0043777571397197,7.722884561969515,0.6701806731215526,2.1352016773820734,-1.617160095011381,forward_head
11.5719224785587,0.995294338090041,6.120812856289706,1.0041322628231366,4.25421261292197,1.300589638816938,forward_head
6.42506931305766,1.0027063572520594,2.8157783527056184,6.848454056957154,3.1151980540828785,-0.9016198537206036,forward_head
8.900264040620721,2.0983968640947204,5.164549473307688,-0.973630999846796,-0.5105989156539721,4.483409865381309,forward_head
5.0439300649409,-0.2903886037687124,2.0485032352508723,0.3259163667497295,5.042092528577453,-0.3440512137774851,forward_head
10.722911142685838,0.7643241176265287,4.815676869583099,0.7445679367698067,1.2909142942840308,0.6739948937969701,forward_head
10.09001443805645,1.9339638087730455,6.48158528912742,0.6255692479142011,5.109598774104343,-3.6555579168661945,forward_head
10.198768870004022,-0.8475981872216125,3.7691230644155143,1.8410347497283583,4.822352986426125,-1.1352516882089958,forward_head
11.58470263731052,1.1086995229114855,7.769905784067623,-0.0284605745449224,1.981349731770996,-0.0107144429060907,forward_head
10.866528411505392,-1.3305616074933104,11.189563569119096,-0.8230025245287822,3.8139445419676754,1.5952542550749391,forward_head
6.826782532528391,8.095433887650232,5.84338119851759,-2.325446823711708,2.9728321574125696,-0.160364539208005,forward_head
9.682526793735963,0.8400632057379012,5.270108043489335,2.934055623569617,-2.1866000938659207,2.2865009573630286,forward_head
7.741075952730705,-2.0201563870192345,3.584697923473323,-2.683963871491498,2.623464963425167,1.0747369484515863,forward_head
7.963432748570342,5.3035752481662195,6.874207965725649,-4.132546207243921,0.5120651002519057,-2.9539699570083275,forward_head
8.687782786624831,-0.3158012880858616,6.046648266893244,1.418776026351506,3.039244489894396,-0.20159824706358,forward_head
11.601077231612097,1.3345219848526586,4.577651402421345,4.827924079418249,-1.887621925795707,-1.9949402615268397,forward_head
7.411475299428157,-0.6782119720047362,6.890055242105727,-0.5716363172913332,2.896768282481793,-4.316432619511043,forward_head
11.5736013898176,3.1141805237568043,3.3839142463525533,-0.7754020341255432,2.1577621830371534,-0.5269372400576318,forward_head
9.373640224158274,2.8680902691435577,11.454283829331365,-0.7649154974696384,4.926875524046968,3.199599915970861,forward_head
6.4353297350763095,-1.896281853411493,5.76792478814899,1.4982940042978272,3.1558283740478075,-0.1382363247600321,forward_head
9.9009834875452,-0.4675216481751394,6.227411825343608,-2.49737849498469,4.260719633460681,-0.9847515666221078,forward_head
13.461937597962738,-1.521980203631147,4.93786736051287,-2.183320080557239,3.0336259115482327,7.639144755819445,forward_head
7.927880185984817,3.19483013803921,7.000532414360695,1.7653941386517809,4.039592090715152,4.819021269423158,forward_head
6.359923000083331,5.970565103764559,6.269580931284713,3.506441263063069,2.357637187195546,-3.194513696060743,forward_head
9.449785923866042,-1.3060815753158157,5.24501320841017,2.136077567764053,5.094576338073702,2.17718194850333,forward_head
11.430142414349303,-3.0969674875596036,4.000444941700376,1.5597237061099651,2.9667384115534117,2.3484331703485157,forward_head
6.5855434178401016,-2.907461079956045,4.333102970121399,-2.3345758920158852,1.6535658167584395,-1.7442059915128345,forward_head
7.968802470280158,5.856475576423703,1.4324876978331282,-1.447548553799964,1.1532562541760931,3.431351827573077,forward_head
9.681053491634025,-1.2465125666501964,8.477714636933692,-0.8697632605173378,4.043662724553238,3.030266959956065,forward_head
5.660343989578466,7.269772433826711,8.726896060306071,2.247299212701972,4.810341398286243,-2.699313162725534,forward_head
7.975496890516167,-2.35692443924641,1.8237761219218735,0.6974101141702113,4.958396776310078,-1.6396870579162095,forward_head
7.397296833654112,2.2989438531133892,8.067236545644786,1.5395665736383577,4.647635859783549,4.34696909915217,forward_head
5.957758224149583,3.076046249213925,3.9871094109850063,1.641720026825998,6.40844128384585,4.2343355413877655,forward_head
5.259602967088376,0.3771932858929591,8.806861167212839,2.397061040409023,0.7044695837255213,0.4989338373554146,forward_head
10.740807155200809,0.0183288856691068,4.978329071948836,1.8839238276694832,3.696999530963651,2.444747063228357,forward_head
8.356749998455527,-1.3291554358359832,5.1774147121755405,-1.9468520907744145,5.705280782482851,-1.5974267472583614,forward_head
8.318974958490783,1.2711894025452573,3.487262047423728,-0.1507726031785938,6.0843106958404825,-1.3417233640685329,forward_head
5.22489697003687,2.1507198600892385,5.015736550487595,-2.4959803123801128,2.4486544271086563,0.8582022831384264,forward_head
11.710495610108858,0.7770441165371527,5.995983792943717,1.0445058493718151,3.5257576005549884,-0.9943936180555492,forward_head
10.188971089821456,0.1626325739910267,4.153097906634761,3.4832775148178143,-1.3672392283638874,0.9404265142356952,forward_head
7.070647963508044,-1.2038189752613535,4.2186647233836245,2.4270055499699277,1.755095382955395,-0.5679662377806562,forward_head
6.365411261589136,-0.6033449911055149,1.2452444249541612,4.687149182285162,4.069535987882258,-0.5237232505449652,forward_head
8.31299423811828,0.8850739658667025,0.5027777328468757,1.438639644068132,-2.503108683627296,1.834427139474772,forward_head
9.418925264502477,3.0372763900670634,4.151021948157171,-1.7623695823451655,5.905648993764167,-3.780037212566044,forward_head
4.4823965126704595,1.0852537305662997,5.384346956834143,-1.81888332702932,2.3128867483255195,0.454708382217838,forward_head
8.524397888966961,0.0409348177549976,8.908072437830626,4.472350821110207,-0.7436166715143715,-0.922215297609228,forward_head
5.894383666126926,0.6303215457512953,2.7594491878285874,2.349188670294584,0.1860322149200772,1.379079074093993,forward_head
15.429988293737422,-0.592826431430578,7.021838972811042,-1.049430320634694,-2.62358113550191,-1.1660378722219336,forward_head
6.728075822980067,0.8579899463934371,7.605743317534756,-3.2813224132471888,7.211312086508629,3.677539381217501,forward_head
5.673237171672684,1.2042463167618824,3.7514636496917815,0.8733547776497012,-2.4449193304867194,0.5571464448308352,forward_head
5.472357922334796,2.632635703664996,6.0990687955974945,1.2787271469944748,5.007886856535055,-4.43190544397513,forward_head
6.030586900206183,1.027734015639783,6.835912246590958,0.5156828904610458,2.006691868621595,-1.828849949448297,forward_head
5.171161711890893,3.5963748606383152,4.986789951259372,-0.8089399710164573,5.87566848974574,-1.0163292177401075,forward_head
7.089533033405384,2.411488581037942,3.72642210667881,-4.439908249729049,5.1904348292326885,-0.6561309941732256,forward_head
7.574214830533835,-2.176019339186226,5.584756809205844,0.2723103491174319,0.0522294640928788,2.6149377517865418,forward_head
8.556010013103153,0.749753120575871,7.909767335189656,-3.934924040280323,4.639730344468957,-1.6280007488732264,forward_head
7.28487560741205,-0.0628672028450678,5.767643632480742,-1.0324581781767237,1.456969383380096,2.01983243012857,forward_head
8.857397082867646,0.6499061457785887,6.354563034887416,-1.0830784917874428,5.959968607992224,-1.2048611048379425,forward_head
6.873466867620131,0.2452793217693283,7.389164596860787,4.920423232649458,1.6474828355427515,-3.074432673453078,forward_head
9.799912977862908,1.077215957071045,4.395377681897941,-2.270281145647173,-0.5173585012829234,4.561480233243443,forward_head
11.440101798389868,0.1062159528494164,3.9283642373135743,-0.0086528527007622,6.498716067430857,-2.290773118434426,forward_head
8.908525064142673,-1.0702401615541175,8.225458677551117,0.4468880518093946,4.649124995205926,-4.618312660564986,forward_head
9.7338438249216,1.1118802491598363,4.68331688122739,1.4543354224062732,3.623544219212605,4.088612020880619,forward_head
8.06657893749229,4.8918499045766,5.075369105805673,0.4505141386982301,1.7495054572600113,-0.1582517738154932,forward_head
7.794216072659243,1.9265326235784708,10.399593136861688,0.5919570829355869,5.747458393604912,0.5069322594635643,forward_head
3.039233028035635,1.870855126651813,5.835416039989609,-0.4611421974427291,4.862877160712044,-1.478655485209262,forward_head
7.972437658742067,6.006650805274494,4.553100408492266,-2.689206649989329,5.554057460182597,1.3771560475375937,forward_head
8.678634266870107,4.798677350284474,0.0140438254499395,1.8330182947482816,1.3708121946089609,2.0578563555500096,forward_head
9.41350915074926,2.904451936960032,4.290957151111408,-5.829423290627033,-0.455043921731094,-2.3280500744562564,forward_head
8.432234980547683,2.6212966087863405,5.838908541036773,1.146924513109804,2.645606114931153,1.8940145305780216,forward_head
11.988828470216774,2.366345908342356,6.761454536193476,-3.257176521705973,-0.7974244520332867,-2.7989057152005987,forward_head
7.135144683810996,-0.7363469592277379,7.383548658756077,-1.0290843417363975,1.3461463937117697,-1.8408712957030096,forward_head
11.79658083538553,0.5249862532473707,5.051872436607719,-1.372929316508105,3.03260843594238,3.5301508358163067,forward_head
12.28877072735026,7.052251244835704,5.098951545061631,-0.3842143989175151,3.526240747303759,-2.339098724496491,forward_head
5.918921902089999,4.974806953511597,9.722972334129196,0.0059488305100859,5.3811549263404235,3.3598718828650114,forward_head
8.086897556275384,1.9724451953711692,10.589683837954482,3.820142222467419,-1.1779244312351622,-0.9298922621737076,forward_head
6.568088708099998,2.396692849700752,5.068427164272913,-3.127319727778061,4.016555085556686,0.1410661520346963,forward_head
9.188940931675097,2.737787803972715,5.426958985365037,0.4343480168253696,5.622160354688404,-2.313823714185133,forward_head
7.4387238622785565,2.5251841908415313,5.578728905654989,2.229046437803471,4.867452100261774,3.019276065394665,forward_head
9.682796085734113,-0.5327260050395821,5.493034723332747,-0.4363353768756272,0.504469353721487,-0.5601598917605664,forward_head
6.550186063044389,1.2834486298103978,3.8296423791805823,0.5392055911790609,-1.893346472834975,-3.0704426135687255,forward_head
13.750671060777412,1.7778196923318157,9.608853772801323,-1.3099118261694684,5.557641388130598,3.218774557466115,forward_head
7.389149332445039,4.650809949549715,8.465363685105746,-0.1348792659930874,-3.8478505153436817,-1.082943113368174,forward_head
7.115344715772596,-3.5569299347026027,8.312331363258103,-0.1916794292978635,3.956633878693729,1.3235963266056308,forward_head
9.283485979916724,0.5410328664855485,5.029493903067947,2.9257905044707035,4.147485004185727,-0.2346879188865973,forward_head
10.046899900318742,-0.1464493580328854,2.322620697269293,0.5942414328098072,3.551458844343402,2.5466729008479354,forward_head
10.648828673972844,1.032895844249356,8.096515173022041,-5.883873990139746,7.416279500819084,-0.9774729254893176,forward_head
8.579037693817869,0.4152369325632811,6.475915485988439,-3.9484973262680514,2.184968760457877,-0.5009626485919858,forward_head
6.650080427124834,0.5561865406359414,9.789769077831735,2.8811953923820135,4.191627602001393,1.1195276839353083,forward_head
6.972765159499376,2.9620610962275293,3.6487747341696033,1.2461295349535997,3.9170351082136055,0.6785076198793316,forward_head
7.043503506453527,-1.719779238570515,10.71178230307754,1.0790186854202295,4.767580899026962,-0.5493975191188096,forward_head
10.96601552998954,4.197973735410063,-1.5825757253568504,-3.857368826216663,1.6011342867763276,2.2012652989603567,forward_head
7.48107802055111,3.1466000566973618,9.119491046144663,0.7074685470312749,6.920456073818315,-0.1402810848996566,forward_head
8.672685487184683,-1.2144991372105116,3.3103939837622245,0.3890963612210959,5.820599458172093,2.825686467090039,forward_head
12.44616838863452,-1.5060324621098833,5.363054099152937,-3.1963673424969974,1.321219482548636,0.3184067035589178,forward_head
7.780916447612593,2.5914733493991298,7.234808082978146,3.834714363751432,-0.5906346623202943,-4.025656826210863,forward_head
15.243537816049637,7.860826477507616,3.897214349438388,0.550266167172746,3.1150159668408524,-2.9974212457562768,forward_head
9.449055681579807,-0.4465847394711284,6.399347437816971,-0.3545545506153389,6.362869051131037,-2.0779609259698906,forward_head
6.482681597637139,-2.9350944832243764,4.089509550348784,-0.7441813085725986,3.1195632994617073,3.437864470937259,forward_head
5.829657987561719,-3.566166813947584,5.670928914919147,-2.1178939217256616,2.579352163781146,1.129119167814407,forward_head
13.277572022976967,-1.0629194257933754,4.500250024726709,2.0319768539582244,4.309901280191837,0.0375807310909401,forward_head
8.936264678537,-0.7096473280923867,5.645925727044739,-4.71448109726251,2.4571029821578585,-0.5580148171075943,forward_head
11.43431557713092,5.546837453388097,3.566360389916425,-2.0903589299379925,3.746994450804405,0.5175412009809663,forward_head
11.141843553676146,-0.2643890116289762,6.486449963710548,-0.1543957255527364,3.995120541273156,1.426239309445087,forward_head
10.389853629114606,5.1053877445204865,4.415316342552027,-1.009595743732966,-1.7623611350265973,-1.6176686385007504,forward_head
7.8800966538750625,0.2235340036909678,-0.0207019405706301,0.3687373286533695,-0.0370153397216084,0.6396485602041422,forward_head
8.637803595130283,0.3238845351769581,8.05710367887691,-0.2028137122202158,3.107602177125969,-1.135206442718174,forward_head
10.44836689939194,1.0473344675722094,3.929640652077054,-1.9814450168220576,6.530067196358123,1.145893604839899,forward_head
9.051042918032294,1.7168660197306425,1.077374240651503,1.0057010190530478,-0.6641846433552376,-0.6596868533269571,forward_head
8.955262557479125,-2.2827532625371383,5.386864245089159,-2.8899258621499095,0.5589998783405066,3.777430895003502,forward_head
8.510536822578548,-0.0285784282037571,6.926052933401989,2.633003862628886,0.3943210298818798,-0.9966667990530254,forward_head
9.07357647919388,-2.712042359818767,3.046685158706338,-0.297115888736828,4.2916111148399185,0.5680199051003341,forward_head
10.56608668113486,-3.2584563248531095,6.012688348086575,0.0893950374199202,2.8002288683436256,5.021092349035642,forward_head
10.743967425847998,-2.4571119088118634,6.270024755543353,-0.3899352109645819,0.9097708244509336,1.4301695956491776,forward_head
9.07297625983892,-0.9112293265319924,2.4186492219492997,5.7455536863668675,4.744935075325244,1.4433107027169136,forward_head
8.654794163346295,5.6556139868907485,5.2325713253538,0.736552611673395,4.477840294809831,-4.068054167413139,forward_head
4.936139916094848,1.1487444903686477,6.243655132794542,0.2345147749006171,-3.266428926341792,-0.4120923443555034,forward_head
16.745748585178145,-0.8234120490347023,6.775310903125187,-0.0955841876390437,2.354562154921414,1.0380814376015075,forward_head
7.973703793175675,1.1418666184980768,8.442962407960847,-0.4025230581314242,7.547246330500812,-5.460529839859917,forward_head
15.757568911012708,4.404856004881502,8.258043930134146,-1.6045540796703808,2.4233458334007296,0.8474097896399377,forward_head
2.9117191705427787,1.2403761297192304,3.4631099929411295,-0.1630938511755055,4.710408021522387,-2.8245508489734106,forward_head
9.084297637252632,3.792277371903381,2.712944531618964,-3.686173651133113,3.671483952610745,-1.192236961829928,forward_head
8.72744145009134,4.205331009212697,5.901473582929399,0.2009509390780716,3.08593827256615,-0.2911220918396485,forward_head
6.242039046917267,-0.250069318235407,5.960772660195259,4.111030487637718,5.051383757219742,-4.461686733663659,forward_head
5.930800088859857,-2.1913948215417163,6.395861277690008,-4.809868956751663,1.5218049765757358,-3.4337744456328587,forward_head
10.802492382264088,-1.6858876640771834,12.818175231183323,-0.9134824257135036,1.6370343881841958,-2.0036275585723033,forward_head
9.607836637846225,-1.646470974971636,7.03083053500628,-3.995536848522769,1.8244916530367217,-3.153979296158953,forward_head
3.4410645801570077,-0.7785925687079582,4.747549219016945,3.5700755240203375,1.704827451312358,3.4085144929679045,forward_head
8.162992531388745,-0.6995534847926539,4.083237229862368,-1.244297259745612,-1.4848027829799078,-1.342837405695145,forward_head
7.366342760687981,1.3208062715639803,3.9111472529611087,-1.7766127179562243,2.0336459602556007,1.2009217897621527,forward_head
12.177663315017584,1.7519451784126292,1.4554984654616572,1.30322867689347,0.5498442453984653,-1.743520336035849,forward_head
2.990828497248674,-2.951191372907505,7.180733520101006,4.680664760243819,6.481139853707669,-3.396942809615714,forward_head
7.156550241255103,-0.0769455140038852,-0.1651302353732067,2.288732741923713,0.91453787816844,-0.2692990370893821,forward_head
5.502303929538812,3.3168251780676616,6.627406586941192,3.203785215749353,-0.800716980601524,-3.627880877794708,forward_head
9.093854603717054,-5.505694793719877,5.324449096205958,3.150359546678174,5.7295133476866145,-0.0799184557900972,forward_head
6.765634952290714,-6.448784699671205,5.059666241122554,-1.7534391997429362,2.0300875777313694,4.4783689385936905,forward_head
10.264338581181995,1.8151403060702025,8.6440476408984,-1.7337877312982006,2.7832471596294783,-0.2873106788024365,forward_head
10.994626753455346,-1.9476118788871817,7.114726050689731,0.9032488566567378,-1.6836032598865422,3.4307091548916,forward_head
10.610309419625272,-1.351822908488346,1.119057262147508,0.91663954339961,3.2049720345617985,1.980973344028456,forward_head
11.95247476326418,-1.190160344301585,3.0832452732433504,-5.285110165000264,4.008186407592929,0.557293476308093,forward_head
13.183604714057465,-3.1515098520229223,8.56758649262218,6.078747277569372,4.104366840943893,3.411412900888139,forward_head
5.697804111556707,-3.06108462062061,5.502774861718233,2.584008012093371,4.928504487259417,1.5322099296296745,forward_head
7.497183618327883,-2.9368903661241106,1.3330914830270055,0.5634631949306793,5.914791300638058,0.6414934889718809,forward_head
7.208566278939737,2.9453476773350395,6.827235785539873,2.006450669945852,5.023986089929714,-0.007841088380669,forward_head
7.885874242425014,6.063243573645779,3.468635574695036,-2.9387772239218566,8.134546725216492,0.3872198677235214,forward_head
12.420198376221505,3.859639796356483,7.627810245950595,-0.9806021120320364,3.3147534709873976,1.1448888853625632,forward_head
11.439283444173125,-4.584326434478654,7.214644546521047,-1.096464562862575,3.001888768636489,1.4174542925246298,forward_head
13.133274092946326,2.015774983375554,6.099644364623241,4.558141726320135,4.557718369722738,-2.196102132191796,forward_head
13.978426046042262,-0.6228704966813345,9.476008921434095,0.6023118718223072,3.982283776370541,-1.6927839155624518,forward_head
10.087352595919748,1.5659737051835352,6.8444204759212095,1.7969825436293032,2.0150332968921987,-2.1957669382276377,forward_head
11.158820606303802,-2.24350948374238,8.381620258154232,-2.425701765991937,3.428673293975977,1.4698760553296293,forward_head
6.214796604417281,-0.5699895468528444,3.1448495410643877,2.592886215828461,1.422672915655525,-0.2353757767779719,forward_head
3.197102403235744,-1.592725334037599,9.8501696162379,1.5163412673517789,7.035935733076018,0.3531989322384282,kyphosis
4.499026046006957,-1.6532739492427702,8.197507858481897,0.885833658345583,13.735448868803688,5.946405434979154,kyphosis
3.6316494334462344,1.4980704823483175,7.623627364825181,-0.2878035706376166,13.409813557638929,6.730459996501717,kyphosis
3.2055977649565106,-3.2663350754759977,9.678789838952596,-1.0677881765503687,11.29144628003116,-4.413889728691263,kyphosis
-0.0848073976482179,-1.726872158880658,8.256249240323225,0.57334290428837,9.937921631185905,-3.067066441953356,kyphosis
6.1563587115379255,2.5432655093458156,9.05058099576496,3.446200537179216,6.762566403708468,2.88521275539157,kyphosis
9.50503481164904,-0.5410960831200637,7.273928950194645,4.23218338909078,10.109769878452362,0.504942111889527,kyphosis
0.637463790173328,3.0500912672552243,10.442952341261403,2.5360050028017995,8.84737581958606,-0.407829117042695,kyphosis
4.853039606230083,3.064080284681456,7.186273984566932,1.8952478876186656,14.75068652250247,7.10502977623155,kyphosis
4.123320414487109,6.46991926381183,6.086797854490288,-0.2823333005637821,12.806117463052448,0.9501775942399536,kyphosis
1.9107774874499088,-0.7433859285352331,9.167968532069349,-3.371389920532142,13.743050479016096,1.9411283628060567,kyphosis
4.462426437682891,-1.4270470068217236,11.268324523898055,-1.8385699023126043,12.131890880191737,-2.6958815720058107,kyphosis
0.6585787492127002,1.3005414448720722,10.871598237560091,0.7348959514505884,14.341643394397458,3.5532373642128703,kyphosis
3.762220880748085,-3.3695038907725783,6.224022521556086,0.2991652244648908,10.167405952365597,1.1606369090183466,kyphosis
5.86340181019469,-1.677982575019076,6.593240746077271,2.245593077040405,11.233808741096524,0.6803830920544033,kyphosis
1.1416525222903484,-1.295161959045661,7.58260737882371,0.976527121915536,11.218684384201849,-0.9696407622700004,kyphosis
1.1664474542684429,3.157134232583041,4.761614065852,-1.7518920042545494,11.87480928812348,6.344569363470749,kyphosis
5.335519655936687,-2.663146022713038,9.602385434494474,-1.782472417223382,9.183145237794951,1.7014668960692816,kyphosis
3.482538527254078,-1.5924508860989677,9.055876177239384,-0.4602450706558323,8.422436812131732,1.879910648329569,kyphosis
3.713819070502842,1.025917783852217,5.095438320852878,-1.5452369645817856,11.36938976850032,4.325836410886028,kyphosis
6.929525358184613,-3.1376365127263792,4.95961252742989,-0.9685188069171824,14.74524408371946,1.2549022504294118,kyphosis
8.671508047907505,-2.3678987775292786,4.994501479912052,-1.027959935210466,11.08701885124958,3.2247623977270754,kyphosis
4.109571998651071,0.3851779281495984,5.789354120172924,2.1083112787902296,13.389506862781202,0.4585789754436998,kyphosis
5.476860838775814,-0.4294475288087218,7.159122653741294,1.0440021434953235,10.44971567186293,-3.1940310172986117,kyphosis
8.730479402082668,-1.6768194291093534,5.0674257259932425,1.5212136354911,8.790702148272343,2.311479446807806,kyphosis
3.603655768958858,-3.41155531833951,7.230941979099811,2.578810965219835,8.704952345902587,0.858566417143733,kyphosis
0.8720021584158051,-1.0293990987614623,10.948594729237149,0.0150058370054207,7.168704307925841,3.3398696148595546,kyphosis
3.595112957646682,0.8312428587391139,4.7900028581338985,-2.901233608512578,12.096031748741613,-0.4537235370602316,kyphosis
4.843705186815997,-2.5254023585353944,6.60743792888823,2.59178546596529,10.34173048280521,4.4785009194070104,kyphosis
6.410389710429946,5.382293456223777,2.677042776241449,-1.4719994900501343,10.236388243895796,0.3472562299853297,kyphosis
5.042003936207784,3.696437919848437,6.942373609786334,-2.290952968505146,13.917801970008243,3.207499846292172,kyphosis
2.315524735851309,0.126360767087528,0.218468590473905,-0.7913845035838117,13.39384290819942,-3.0770780040616796,kyphosis
3.2529497774269895,-2.242859124072035,5.619346869718479,5.068655010403377,10.10438905523123,6.229778167046716,kyphosis
1.0948354493592911,0.8229686833292762,6.001336273817868,-1.2493716031349145,14.95529187825892,0.3418151002577103,kyphosis
6.459630859015366,-2.7614736095011816,5.808621441951896,-3.7034502890052425,11.314716326441644,-1.733987534297801,kyphosis
4.030558871037924,3.925254634025927,6.336098718703647,0.3193077647434555,8.008336019289011,3.498248932303964,kyphosis
3.782288184642125,-0.3195161496913072,8.301890300896778,1.3846830454118582,15.69968637355252,-3.06504529280113,kyphosis
6.073309431457156,-0.4089332372875733,7.728006887845082,-5.819555143905828,9.420871188715893,0.0399190020024932,kyphosis
3.445546490709661,0.6313159205382907,5.421493611083605,1.3011041907319325,13.423423256020136,-1.389876766729801,kyphosis
3.458692006159566,2.822330033830538,10.33137866916282,1.6444707735444437,8.651896148294982,-1.0122669098204369,kyphosis
5.343530007050951,3.01651635258157,2.764360260012306,-0.4945698336031672,12.60575308752794,-0.9242474073143284,kyphosis
10.5947043806505,-5.013235931889765,6.034193811382061,-2.9630241770215062,11.75468345180253,3.974410334865889,kyphosis
1.4914027412512412,2.4330999666643978,10.541029479250732,1.1707301590970527,10.171619252280378,0.10540622539935,kyphosis
2.4990357678222357,2.9219247392033822,7.183341861945341,1.634943455514112,11.349134223913378,2.9179453060973737,kyphosis
3.0941311061347445,-2.2047859217828325,6.7700788344923835,0.6113174594608114,12.854555735975316,-0.5082194797773467,kyphosis
6.275539459161863,0.6418542082420485,3.977003221900985,0.8645940722568826,10.541179569607117,0.783640100141381,kyphosis
6.299678789886075,-1.0403586451223583,5.514472819045833,2.147039175701191,13.547308100224749,-2.100496777388683,kyphosis
7.622050270844289,4.166956392247441,6.396423588187517,1.4905892620026375,10.212295180227692,1.7638946330375191,kyphosis
1.0227087350656832,-2.335050464837395,4.677159148725604,-1.0644818086217254,12.696820173198548,-0.3669289419167804,kyphosis
3.4460007640374015,3.3192157362910724,9.39704076616918,2.8461445141663755,7.397545913687702,-4.368356185352035,kyphosis
1.973678425445934,0.5719389102024964,6.828883768333961,3.4303230105837152,13.142438842456963,0.0372558764469532,kyphosis
0.9010299686874292,2.2908502013510263,9.753325412223877,-0.9223669068117472,12.519600846837522,6.3117472858085435,kyphosis
6.393262056483828,0.4807775106965763,10.083515190881672,3.6651805096790726,10.734773411646447,-0.4696894546561739,kyphosis
2.7710951524526752,2.047582366471331,5.707882792065429,0.6778234382412802,7.46818560274861,3.980096878967729,kyphosis
7.295492668085062,-0.2214377928852529,5.891841337955243,0.6102359706254925,7.604562696306017,0.2136014313186992,kyphosis
5.727277393480482,0.3871927741898708,7.347571717382814,0.1158332772964115,9.887982904573777,-1.8147247597278748,kyphosis
3.640851175257205,0.6891838515334654,7.0793986414536265,3.581786834928162,10.587298587492384,-0.5807379477683257,kyphosis
1.0762984269924585,-2.0949783874730747,13.94990906055889,2.236191862503045,9.19757472882526,-2.8843866867743966,kyphosis
-1.1927996344346852,-3.362339805383501,12.364562312691222,-3.347953004894246,10.411815225068905,-4.454911214346783,kyphosis
6.2458989208674645,2.2080310100026725,5.7185280075537275,4.868366036074564,13.811941799964533,3.975638318779974,kyphosis
3.3841617970503797,-0.5670104873381441,4.947802693975783,-0.0696485025217987,5.246320705825033,-0.1473469914459764,kyphosis
6.797236494826674,3.246212190129546,6.570815865188042,0.5612649321564294,14.186071066718954,1.3941534165777234,kyphosis
6.26636039277491,-3.096027916986398,12.144527942744404,0.0837027576151242,11.18063012059479,-0.7879272477300443,kyphosis
5.098631726144976,-3.0555741237655174,6.939003581909608,2.287396915354911,14.169901217757722,2.606284741137511,kyphosis
-0.8546466484485151,-1.1616277437551563,3.0246454232992552,2.4231617456049643,10.990489665823002,-1.7570223174069994,kyphosis
4.292075435430459,-3.084514559821036,9.200164907393356,-1.6350266732288907,7.786022498109931,1.3252844761773594,kyphosis
3.0858072936737004,3.8424226838899007,8.303623497648822,1.1661271574083525,12.26067687009596,0.2943657508213668,kyphosis
2.9056566939891884,0.25422538136406,8.098715120021279,1.2286772408272384,11.454974706556994,-4.009376210231241,kyphosis
4.9114036933886425,4.189697876259912,3.7890324098187143,-0.1727025773042745,9.299566309130125,1.7286137772360055,kyphosis
1.1574177921312816,0.8441548521701152,10.25647599196558,1.6742230780616398,8.945462928946636,-0.876467667501766,kyphosis
1.964004531384191,-0.6664351780069415,10.382001337241814,-6.145332996730697,14.752107575700943,-1.071675617577151,kyphosis
0.29604807112158,-0.3155842611033997,7.337975852468465,-0.3029101061613931,7.65132556260561,-2.8633387185381034,kyphosis
5.263342869118372,0.1793412987904229,2.2508242978527973,2.654321742850684,12.319598374788969,-2.9583519424290254,kyphosis
5.960366040883747,-0.6531676262457682,5.0848869939990005,1.2399204336014416,8.754931934188853,-5.131983486828348,kyphosis
3.317888634149673,-1.0478073706248292,4.253976955093618,-2.110726408735633,13.425437706419649,-3.2663131450977883,kyphosis
1.0450450098294537,0.8104392118615336,5.254345378121519,-2.7736631650320325,13.489934197116114,-0.451908509654511,kyphosis
3.579248942070893,2.522781976828447,3.9806015186416186,-0.8074598151821019,12.497758329658987,-1.6243023036942406,kyphosis
5.3267078075251195,-0.2867270719702312,7.093937148339664,-5.551847763808743,9.34140960695128,0.8234200167595462,kyphosis
-0.574204538020207,-1.7762167588288031,9.592953514122629,1.136798132255754,12.539917515117097,-0.1100708804278358,kyphosis
5.733044004146761,-0.3314484496246874,4.784899382554057,6.646076209303738,5.930806820822879,2.257850493090123,kyphosis
3.4299856829757056,3.802489473851775,8.005670193003246,-1.866621362885732,7.482556344740028,0.7700353024487523,kyphosis
6.3949848537000475,1.453564043835855,4.434797889510939,3.354725106397234,12.658864046246087,2.9931639191471815,kyphosis
3.83387756172636,-2.5254012574522138,10.068184555203157,-3.025066568411073,10.104801384551704,1.5964482273025136,kyphosis
6.663440680649007,1.7285318908888174,10.171458089118673,3.961569330193108,10.354886210972095,-2.558050575154825,kyphosis
7.8781131660693235,-0.2650348858935221,5.09603033740945,-1.3592759983285831,13.20571623149804,0.8635680435143984,kyphosis
8.230866431158013,1.3483895318905508,0.2416298822316065,0.2126836097038803,11.360816179315092,-0.370393492043283,kyphosis
3.078451585535751,1.2076329056466344,9.799219446383454,0.2966569879770744,13.01761604151672,-0.3482779678453976,kyphosis
4.048999041444071,1.6501058096511654,8.447321621428086,3.538374450721187,8.993924900337907,4.3511030994416835,kyphosis
2.2858127060246742,2.239830252352124,4.62261654226382,-2.158133058438961,13.050745936272412,-0.7915354969002695,kyphosis
4.700113356743511,0.056270290564292,2.6225610639869297,-0.5232969253954721,4.313582179614648,0.7061044165871062,kyphosis
0.0514092532060033,1.9544544265709063,7.978023318093484,3.292084452592472,8.955270394653736,0.4594422060101469,kyphosis
4.993492558648086,-3.007165393019637,6.298744866470956,3.1802515480533464,9.131360865104469,0.2296525240214581,kyphosis
5.71322521177742,3.865249486285644,6.242786890502517,4.078962706424735,14.505023314797803,0.0167394338800753,kyphosis
3.945358131394691,0.016430928546986,10.687780910774638,3.622158563015755,12.768078434510691,1.0459724688604355,kyphosis
3.667492090174841,-0.674411160842842,12.357517636462276,3.2900166736278176,7.697769293734597,0.8968901273438571,kyphosis
2.4787652406719953,-3.982690994780974,7.634343241937083,1.0125966607885148,8.480330216944674,-0.2197651921698006,kyphosis
3.3251202579370895,0.7588453848729384,10.985444890510031,-0.2500906254511118,7.141372642035632,4.077880294404352,kyphosis
1.7999700457730905,-2.444403644978395,6.460532184179451,-1.1556755572349902,11.6729523006379,4.174460646968739,kyphosis
-0.6006659619889199,-1.0195597315390608,5.7392549604684415,4.752353716492477,14.32041513489333,-3.913468967574935,kyphosis
0.7762985319757814,1.5542923325077425,9.2815508063511,-3.85416464571854,11.146123701764123,0.350864220019521,kyphosis
1.9756879105817904,1.0083986499969193,5.032064825032509,2.806257214500254,11.469500845106303,2.2043585220378543,kyphosis
0.9345516054682914,0.4957146158273401,8.918698361385326,6.313519429999934,16.491615137447386,3.2238414576916012,kyphosis
0.4031997473578261,0.9816288316200616,1.053920850316679,0.3020947113931014,10.436843393771616,1.413485604812852,kyphosis
2.363666072504225,4.138586209788313,7.933834208529421,1.5001498225578629,5.876213709529187,-0.97754613933358,kyphosis
0.0796392164498733,-1.406044876507286,6.016544255638357,-0.5840289550825248,12.143032659231284,-1.4009091030403265,kyphosis
4.956083289231339,0.3963205550021308,6.007211671080368,4.891663004187543,7.719591997011205,-2.247598061329648,kyphosis
1.866261299846646,4.996200217845294,4.554230125443755,-1.9414800156091057,9.326407715916272,1.882263071498704,kyphosis
6.765578897149922,-0.3611930218811323,7.643133552778755,1.2444152476365034,11.501746735722197,-1.3735399673924331,kyphosis
2.637281925011024,4.340391932137363,3.82677223689224,1.1477143350527648,15.541889073937762,0.2217028780054982,kyphosis
6.082894416573587,-6.268859638452942,9.160620961746591,-1.9101570183526635,9.42437676248891,-1.2999738330548478,kyphosis
0.8662349690705957,2.2566499962482647,7.964374920454237,-1.2642336622338677,10.462612904802622,1.1021918930010193,kyphosis
4.922541094562918,2.4423417573287916,9.34014041984004,-1.8431325154031424,11.310714237127126,0.5761910348015722,kyphosis
2.367624610419798,1.170126068974383,6.2118341652093605,0.2722032674615559,9.625526600904916,2.287935975320146,kyphosis
4.040311969751182,-1.8134806441073903,5.71023671716915,-1.3378733951921808,11.358265762500013,-3.8885947432767742,kyphosis
5.182863633169467,1.6660782185307923,6.4054824064351505,-2.298832130415098,9.24272140490108,1.801723741056672,kyphosis
6.492648391134104,-1.5595921741028853,4.1753753569536,0.0328661968617478,13.818375223388712,3.4777267078654788,kyphosis
-1.5494448686296272,-2.4076066257115047,6.376575937068797,0.4809905342089468,7.5007962381682844,-0.5335594265911034,kyphosis
7.655636510086822,4.071900405091926,9.681354498931896,1.1118864834639206,10.273865209430529,4.08577417338019,kyphosis
-0.9082228695974351,0.2973322364114572,9.620999719533852,2.5495839036686445,12.152062163509664,4.861459675188122,kyphosis
5.420683442881961,-5.732026248488384,7.833424628152195,3.3929200681196336,13.715951778014595,-0.7478473786759141,kyphosis
1.98102164975426,4.959806488004424,4.387909215242321,-1.8096722378518235,10.441318736907652,4.703731143545038,kyphosis
4.36824500097271,1.7742076931058224,8.537361597578446,1.2297961192697184,9.29876488058988,2.5292639290331635,kyphosis
11.33851551597117,-0.4827255017536538,2.723491613908714,-3.3311556750149816,8.430190587473152,-3.419970663900668,kyphosis
1.4967133645050827,1.7955473761135288,4.61345474512485,-0.0487864371812003,8.69452773642093,-0.7654726527133402,kyphosis
6.235581936252338,1.4143999652322887,6.338635253238195,-5.562263772376456,9.084193688046437,-4.353919501550553,kyphosis
4.865293321994307,0.8952371896670248,12.160550337131028,-0.0886816089649345,12.230035701417249,2.549349293145237,kyphosis
4.743068053962716,1.5340406439292014,1.6900179546859109,1.1050855480233563,15.168142104373835,5.838966825193415,kyphosis
8.12643240808212,0.5838117559714688,6.919881264590717,-2.5204445696255005,9.426969626176394,-5.043977698396927,kyphosis
1.2578123015400346,1.3100911067663332,9.180382764210137,-0.0103735318044348,13.05516519508132,2.5602572421392646,kyphosis
7.004829173848858,-0.1639815831560285,7.144660118566891,-0.6529970415322829,11.02197110658018,2.2111261940910696,kyphosis
6.44107844299517,2.2185668878162605,4.252709363179515,-0.7347285403828209,8.169627148209983,0.2786394635424682,kyphosis
6.225144331188649,3.9980698751778982,6.499496864249076,4.330995525675818,9.48184646478479,4.347855864526625,kyphosis
3.294685557665222,-1.767257186805152,4.627617930578305,4.582170504746325,14.076757262461175,-5.3761396315609025,kyphosis
1.8400503773098045,2.2379131208253513,4.72418914517929,-2.8620422260823735,10.68366855063235,-0.4390841517933503,kyphosis
5.104156410465151,-4.767222786565203,4.906485686711272,0.8463229243011947,7.415674937974429,-3.059895280494017,kyphosis
-0.9113400952573114,-0.8590172402326315,6.99407770966798,4.984741365060939,7.297135688445711,5.480091589898272,kyphosis
1.830193843122116,-0.993697145061008,8.873206392198627,0.369253876729856,12.392844046008705,-3.2388538412455095,kyphosis
3.567885812964722,-1.376824017513997,8.105792170411213,0.6727074258745797,9.910588757573452,-2.3799938689478575,kyphosis
4.96492523142219,-3.926202844440195,9.320226527477702,-0.2450213404940224,8.058387640249867,-0.9452836467891084,kyphosis
2.409440718370176,-1.627210222597247,11.677686205770286,1.4928169493276298,9.587348816122018,6.603054306179785,kyphosis
4.23013784327998,-1.98398250982862,13.32481937312988,-1.4871654914298027,12.190600883469164,-2.301044797340974,kyphosis
4.0803578674114025,4.73386783353418,7.05584809829652,-0.3317136474381914,6.685572187968567,0.8785184765619435,kyphosis
2.4545988782909314,5.115989801498118,4.935418066904881,1.041876996654469,13.24627926137891,5.3333993692858925,kyphosis
3.971212279808387,-1.5149793276485384,9.736996255568313,-2.9058685867082388,13.576649520603898,-0.8163878328417549,kyphosis
5.022662345835142,-0.6379972620403978,3.6251859053468176,-1.8469995256095948,12.666569708642228,-2.868134793953374,kyphosis
5.377542650565749,-3.5682793198682887,6.247935109919253,0.289316700388378,9.1662948333043,0.9674755243116608,kyphosis
2.1776018749170944,-1.5371703722733605,7.450737201258611,4.913936081717038,10.527464255793817,-3.190656360004448,kyphosis
2.416818238224318,9.32263796892621,9.527099337550784,1.5245680343162746,10.758099742032776,-2.6112161247221644,kyphosis
2.2311192867647343,-2.3141374195014626,5.199469947483025,-3.286256717620589,9.653024238558222,0.3967715955383464,kyphosis
6.367018916279676,-0.665471529865558,8.0560874322536,1.1189097629183204,11.137507340083436,-0.4180098355293707,kyphosis
1.0898734189854364,-1.726422026477536,4.850966215303865,3.748316473699999,10.10502391396666,-4.774595601564104,kyphosis
2.283653117115578,-2.714999266291234,9.67198080348573,6.80125739838921,13.908440137908876,-2.221028089182114,kyphosis
8.377314854817858,-1.0771160073679718,7.643432766043373,-1.392954751806179,10.92120371667974,1.58088178550085,kyphosis
-1.080884410745962,-2.32766808875647,7.052731869626468,-2.286652598582157,7.696110533722372,0.3318063377161637,kyphosis
2.044115193745016,0.475838946716632,7.618701369100261,1.6015214833683684,13.13291326603298,2.697409932676628,kyphosis
7.616408228128419,-2.752773165978363,5.925912553681228,2.811924735756114,9.850351844212147,-0.5724517934310493,kyphosis
7.2499684306553345,3.207863031651836,2.5145203336264093,2.6452933103058687,13.40076292021667,-4.0962965581801765,kyphosis
3.080538683572362,3.427919081765366,3.6688791302635857,-1.271137277132944,12.75633328483464,-3.1624368652622223,kyphosis
1.504763430577412,5.015222794592403,7.236318918971171,0.6428894677156194,6.6142878679437525,7.1672630558000225,kyphosis
6.791703187668806,-0.3553716278180971,8.247207986920532,1.7436967615160714,11.580236594821343,0.9876923135565052,kyphosis
2.5538506778091716,2.566008293326312,6.853924702506279,0.2711444784808711,10.80626425026753,-2.1650804290692016,kyphosis
8.780013672631743,0.5610796004450854,10.372947622221762,2.905590416757313,13.910150381464844,1.302493909215058,kyphosis
7.900638823827327,3.77361025350662,3.711396732375386,-1.2793019731451931,6.120992717792784,-0.1922233894220089,kyphosis
0.8645975325109903,5.727735681831192,3.494076791440438,0.2551236455932061,9.612458246139727,0.4439098700485663,kyphosis
5.470191687919579,3.184054859768929,9.364720391386598,-0.344667012392153,13.405862923166424,-1.077113876977141,kyphosis
5.9225791386056885,1.496909411062035,6.987233419931937,-4.044202405925502,9.68152734590095,2.4629627057759405,kyphosis
5.786864124722363,2.442329230887072,8.768644277160952,3.783634119053008,10.415689855370688,4.519787652797894,kyphosis
7.36642915652574,0.5804627175920992,7.728447462039865,2.230202378582556,14.609175797915595,2.682042707945836,kyphosis
3.22733440815435,-1.63483227115014,6.912258833038514,0.537998106325223,12.01205852202067,3.726151853440874,kyphosis
9.121770644247126,0.5815970917271786,5.608053067891584,1.3986734315054623,6.936269324500419,3.343452744072285,kyphosis
4.776181885451878,1.3062616507247615,4.107646506926322,-0.9296943757233216,8.181840518614631,-2.910264984545896,kyphosis
5.252293322714644,3.559840860594725,11.013389905904516,-1.930928107954968,8.54418931930806,-3.428549995845751,kyphosis
-1.714443111237375,-0.5347373556871422,8.915971191430998,-3.4058357957043603,9.043521593629666,1.6519931090399187,kyphosis
5.994938136454763,0.2678137465173681,7.030424205707263,-2.482710829349456,9.612226930179126,-2.67887130223071,kyphosis
6.419486172508565,1.3116455887562957,9.625122603883566,-3.9150265466669167,11.99748039375424,0.8574765870230412,kyphosis
3.3240832580970756,2.2173915802466935,11.882767995681435,1.8938442647368203,10.93153919899064,4.340152954273821,kyphosis
2.2217419326263017,-1.8478889244267045,7.590559115660582,-0.1144174841929299,11.292810540374628,-0.4609684414823028,kyphosis
8.014049581412795,-1.841988087398457,10.014546051790107,3.34985532509616,5.798148686522554,-2.9301979681740353,kyphosis
5.829745173085953,5.649612504343505,9.00175486886394,0.0088065596921038,14.136296755952976,1.8968095923612136,kyphosis
4.857315943303356,-1.129721456328452,5.051561686849707,-4.86145699691333,14.108672820864909,-0.2724000364947685,kyphosis
4.345196021043867,2.6632243903381245,7.132648282331548,4.592789675467178,6.284678240122435,-0.6921911516095891,kyphosis
0.3487477514537804,-3.790083120776721,8.687842641017301,0.2406367862400845,13.97815170407958,7.276985747601332,kyphosis
1.8062899446109209,0.1814828190251006,6.449954930850815,-0.3444903905598996,7.482282013039958,0.7566138213491608,kyphosis
5.583063275287734,0.1265962608758969,2.1625897068988227,1.2844265772284738,10.030925418341884,-5.4186941334331955,kyphosis
1.5517494242934116,-1.8718717381700003,10.28518745381151,-0.683473916715383,11.4084008872895,3.1531406462802947,kyphosis
8.382987005163963,2.218096125988221,4.898767536233271,-1.7036237853225211,10.087118467004467,-0.5894743240590898,kyphosis
2.805400373240522,-4.3352193636489424,10.355450328112134,1.962258986635108,10.888483669542495,0.5577016473760517,kyphosis
4.48362143747949,0.0386213945351384,6.81413667560369,0.6482845373783741,14.274662923583836,1.9808238675333585,kyphosis
3.023978154298822,-1.0279428800483168,5.368679266958388,3.7826729004160184,12.29036009896595,-0.8199850544140341,kyphosis
-4.052540889964284,-3.702176148095301,7.085679535500556,1.58937997957883,11.988997086907355,1.2743169478400056,kyphosis
5.4740980783935,-1.3443417617121023,10.415973529636096,2.252684451705715,4.370429842387628,2.21641936688294,kyphosis
1.808257285951768,-4.678442948345394,6.036266897719104,-1.5376124075405997,12.651149880878876,3.4193548138194476,kyphosis
1.8637663431548648,0.3568239729447443,7.68059181331847,-2.9487234163216467,9.992335329908194,1.870167311767926,kyphosis
2.144034073923163,0.2154686539656048,11.744718231646765,0.4963879219607943,10.710007319196166,3.213055659154078,kyphosis
2.790853406406079,2.0091143474018462,6.578950719927797,1.2992021192158028,10.383188939713898,3.9365281689413862,kyphosis
6.967694196854389,-1.3107563355191671,5.963423727964924,-0.4973959629485339,8.588025655925787,1.2861114771871311,kyphosis
5.824432342585489,2.21714477753064,7.107577433303204,5.70407826832551,8.672495720918896,-4.663256937601526,kyphosis
3.292120287800311,0.5836086699328773,7.395234746441965,2.8779777823166657,5.937400215809568,0.2952640510687675,kyphosis
5.868612428567639,0.2391038764047837,8.125389084866619,-3.2979900458944167,11.744690477559612,4.93872712310012,kyphosis
4.349129185539741,-1.6096346935622483,9.033201015161485,0.792057540245483,11.16256157797195,-3.85918150599134,kyphosis
4.70307623054651,3.3867344167918003,3.824094884187285,-0.5444122188061927,14.723998523619125,6.418535910067804,kyphosis
0.7726444512669399,1.9094696875172863,7.035012418428452,4.287996335368355,9.982564084066572,-0.9784868245951186,kyphosis
1.2136692124798456,-5.186552578015499,9.766776060718293,8.19420282302012,6.651987119568,-0.0103244221817905,kyphosis
3.969891117600171,0.3729980284511661,6.856506340533016,2.055657455399049,8.198080873259375,0.9016248508827912,kyphosis
1.402222079080652,2.3169851160045094,7.612785710931544,3.6159553424888338,15.218870138091985,-1.0703734993891063,kyphosis
3.3573689779673384,-1.992329066005317,4.6672348070322265,-0.7090170755184645,11.693881283733829,2.2205132661322065,kyphosis
1.8654422812390572,-1.0725946530090271,8.747382679293553,0.4375693757177425,9.392041644932425,0.2058626709945898,kyphosis
-0.7933722150257472,-1.3425734028817429,7.840694723118906,2.817017760626361,7.322183986566205,3.141812278201046,kyphosis
5.797921665888593,2.1222048147595975,6.7922766806420425,6.53092478217181,15.549429468281494,-0.9610024414900776,kyphosis
8.959084131090048,3.8982439984120143,7.966465574762981,-1.2415601769992617,11.02970108629448,0.1321512379647326,kyphosis
6.184974377517206,-1.5856783576699138,7.457486124113151,0.9903560246977526,11.196098115209177,-3.7941803709084905,kyphosis
6.2624051037354995,-1.2597908135388614,10.591073798897169,0.2319242320096718,10.435483127309896,-2.1367611374148,kyphosis
3.7935185616217737,3.920235592037245,5.062592939840038,0.3021399325791453,12.924921828338055,5.417292406270634,kyphosis
7.1242760504607965,3.118191021398657,9.68805385295479,0.361092277824265,8.35875732343685,2.6585932004746966,kyphosis
-3.385622353105078,-1.9456373451511937,5.435209955788495,-0.6474086138030867,9.395682140869678,0.8056075113676655,kyphosis
1.938469975587445,3.3037480296248205,5.211217536286928,-0.8873467660831812,8.35299962938045,-1.1525626365687354,kyphosis
2.858255962441884,-7.111641348107906,8.140623721321333,3.990920085609385,11.847483784523549,3.05408803456902,kyphosis
1.3745336565958262,-1.390010048641512,5.874366530554322,-4.46631321589716,8.569254388162914,1.059817184866516,kyphosis
1.2051809799081503,3.608570695257312,4.679450081629955,-4.123169286470645,14.847993000437269,1.3883454889753424,kyphosis
5.588322988040516,1.1123927329300098,5.861332359375648,2.168979554936549,10.705831744517866,1.6865837139169804,kyphosis
6.945632118870005,-0.6841136441279776,3.5609147780340953,2.211227650954319,12.020339781945893,7.857620838171553,kyphosis
9.923218252028745,1.2535176744527936,7.604505178889371,-3.944511539616249,14.488585205497962,0.4085499003078855,kyphosis
4.045118131170561,1.5298824976545238,5.500900012946991,-1.8742010982811887,14.026686381355493,2.6289776147329933,kyphosis
2.871742839140839,-2.7190132091326538,4.9445859832764825,3.9486392019945975,8.455221273807103,-1.7511211534450668,kyphosis
1.711307427274269,3.4471648425923473,5.7428281158226095,2.5601749553473674,11.316148047651724,3.777905741509042,kyphosis
4.765336382756888,5.358822202805493,4.020313239521876,2.0591158675821037,10.422351157897754,-1.3991825443813837,kyphosis
6.648913931558493,2.410533008347138,9.595031318289903,-0.773366166066778,9.611798757736675,4.819909588454413,kyphosis
0.7853399568007129,0.6455318177126412,7.522133856335829,-4.372993647443107,9.736275611388722,-0.4835947406863761,kyphosis
5.176207490322766,2.022838797633784,8.160628095307509,1.3926166747059998,15.9308611977055,1.9311132653877543,kyphosis
6.329164917170237,-1.4899722750218851,6.21830707586681,1.1853237411266648,11.988434202964164,-0.122434138201688,kyphosis
3.2097925971925667,2.582948578175454,8.097875334251043,0.5950185461971438,11.785846707828576,3.706987422097451,kyphosis
0.7305585871308482,-4.089421890442726,7.110156418516499,0.7559447812761657,10.137239757952024,3.971661300256206,kyphosis
4.953382086450713,1.935104827210075,5.424642924644133,-0.0602171675397984,14.413816156315663,0.2253396922451608,kyphosis
2.069519030489052,2.2486606172392554,6.061249899811073,3.3499713242244664,15.16400803421632,-4.187518468679841,kyphosis
6.6305278898926465,1.500000014033916,6.432643834655189,-4.008091747258712,11.243585275743255,6.221976652200723,kyphosis
5.955068468935319,-0.1197002976966575,6.950204009250672,0.3738371773681767,8.720956744615243,-0.5707956444943891,kyphosis
1.164572136805524,1.849411282070855,2.5146412220034993,-2.5273122345186345,13.572951090319918,-0.3163396313364278,kyphosis
4.505958426496738,-3.057192269528886,7.099284554299087,-1.910893334075939,7.107622283233805,1.653180210794578,kyphosis
2.872514957426727,0.3550900008292437,5.06864472039441,1.977189008990389,11.734873469857906,-3.2845762531121343,kyphosis
8.412284513876928,2.4705103519929668,7.227920366666098,4.15683581576397,17.980522169774904,-3.951564182268723,kyphosis
5.940571261810265,-0.1361901916133537,10.092952000722525,1.5883373135687284,9.790166387621918,-0.6450629575363913,kyphosis
1.3416137504242034,-2.125136974557966,4.360025470182892,2.298750093790306,13.55406191099987,-1.774224471020836,kyphosis
2.458061596200731,0.4198940732987828,5.485800000160505,-2.4792027725858587,7.630010539082078,-2.452431209160964,kyphosis
9.278240835248962,-0.4180925019982145,6.192394078067483,1.9533668499227552,8.848586490465284,-0.5533920194261044,kyphosis
6.370357376180124,3.6861005696222584,3.908804283519128,4.725804537142922,10.23511392117102,0.2616472720082934,kyphosis
-1.6139647439129077,-0.3831603385953955,11.79651583469052,1.1387792289758467,11.4885080532083,-0.0637335583365901,kyphosis
2.603010452787607,-1.0685518360659332,6.155462264521493,1.552695080741088,10.219820169868168,3.5721413755013987,kyphosis
4.626570580258255,-1.435509545882251,6.339110416991333,0.4044576027615222,13.021427517225291,-1.0065607615363934,kyphosis
1.351970729067745,5.811390574572535,5.709708395321414,-0.0490493035140831,9.749347458533313,-6.434537349834792,kyphosis
8.314234482036927,0.7495657877494197,8.883543683552732,-5.204789836272282,11.304611160331136,-1.1683334530412008,kyphosis
4.513639217590757,-0.7474681399477796,4.9991614845867405,6.412093855634932,9.060983488494022,4.862153516558734,kyphosis
4.5430198438210025,1.6713504038651728,4.0569339563719735,-0.2183509675628918,9.83808194022068,4.95726400016286,kyphosis
-1.9474901018830604,-3.464614100964619,9.463499278625124,1.528065040340247,12.675124179538807,0.941210459157382,kyphosis
3.817231744977654,-0.5084493649217066,9.53984305890889,-4.723686214174202,9.023072702286616,-3.2129654067498303,kyphosis
7.152123799998274,-0.6006865921270081,7.219933867822922,-2.2893416211040285,12.541659941177796,-0.8224960355078177,kyphosis
2.921360888600288,-0.2773437908777346,5.1598408663287145,0.3001838415665906,5.699781962199564,2.0247001179760473,kyphosis
5.987307784688897,1.676274618446392,9.645425234560252,-2.051970021033898,14.372837762783574,0.5296566979519605,kyphosis
5.849860128448291,5.293147871065307,7.855265099126045,-2.4854084619488535,15.199368455553824,-3.3139292701527094,kyphosis
6.138003769370656,0.461320898183151,10.284455441429518,-0.1339831055126061,11.660725525383128,-1.66993855632083,kyphosis
0.1682900726906648,2.6819685361740246,9.431109994795026,-3.9026938024011746,8.178523317257413,1.4075107120151922,kyphosis
3.1039910612177786,-0.959305333906504,9.941333134469414,0.4744904128035611,7.937500278349873,-2.2143692769538736,kyphosis
2.3996138579134705,-2.998070648061578,5.162972756164523,0.323033743966462,14.709359775509268,-4.882283789393789,kyphosis
2.595174715355184,2.168112868573105,9.973066153139465,3.8108156104271664,7.427738483720683,0.4294553026569255,kyphosis
5.6563400834965325,2.5449538611346534,4.401949590023085,0.8243694199266542,8.942860246203919,1.4909173911683775,kyphosis
1.8837554928277311,0.245033363515805,5.111252792165127,-1.2520855895253646,12.519868917514383,4.11736036596745,kyphosis
0.0675268573178478,1.1368278434505237,9.48574706671906,-0.8727345132789238,8.368632020324725,0.1778065532781159,kyphosis
5.213399768882975,-1.3281364220323923,7.76416392160649,-1.193718587062529,8.877237872524441,-1.744148463187635,kyphosis
3.0614813837900954,-8.72091322857111,7.588639487777786,-0.5789249433900981,10.877925410165744,-1.519126394366912,kyphosis
7.762655096520825,4.237575774339594,7.406991545249781,1.384938064661006,8.29999347904467,-2.7824213248681824,kyphosis
1.994320415163699,-1.3296432710397148,4.992222915116714,2.511139680179164,9.738415644276914,7.304780369766233,kyphosis
6.754344654465522,1.487394925808268,2.9843580289951053,-1.733498685097779,12.22998371709124,3.182324036268367,kyphosis
6.413316667902817,-0.544457531284047,11.630100112034174,-0.5040702734313641,12.760840524635196,-2.244027455689317,kyphosis
7.588927482909059,0.7234881973290331,1.82906071142242,0.4193197329392116,6.4289852978950925,-0.6064732319353903,kyphosis
6.363279428089663,5.61120389299986,2.3174854226734487,-2.247592805030244,9.618576634702867,-1.9930707185969403,kyphosis
6.7593000343064915,1.706975310150795,6.841525369912973,-0.4336517329544299,10.038777197396206,3.2089577577749893,kyphosis
7.799880014785748,-1.598818895044143,8.899468092382692,0.7551111970763631,5.660500378162986,3.9306782915199783,kyphosis
2.317736669976496,2.1047353071465955,9.232970868018128,-0.810042809055212,12.65710273255408,-2.074240599082651,kyphosis
3.9898179071964126,-4.53725308126652,8.874363688595869,-0.3249533860915997,10.896850868374848,1.3358176363837586,kyphosis
1.903748459040119,-8.502712761148796,6.46365583870509,-1.789537061615733,9.143783055576,-1.2532239269788743,kyphosis
5.33195802330656,4.3556915691532545,6.462215499573775,2.6556784998586314,8.986183293723698,2.9858787995385585,kyphosis
2.7503189239728707,0.0097669733076553,6.415255498866015,-1.0924839710523306,12.357580698224131,1.5242133593663738,kyphosis
7.732507761108009,4.139001198143245,8.545901415649162,-3.1222977567263115,10.599674651005158,3.0791344364379376,kyphosis
5.11223973752471,-2.283237085286578,9.229657555401872,2.886395589354054,13.126798486151618,-1.1425880925433098,kyphosis
2.0955990732933856,0.3805018740380255,10.939689523754923,-1.794043392157263,10.250759858339215,-1.3169353445846077,kyphosis
4.831798323962969,1.3330763374750545,6.381660090258954,2.068870200924989,7.667129978806979,3.747874551369169,kyphosis
2.214837205044553,-2.589257555123522,6.251212406131306,3.995423002864255,13.946048293909302,0.0698966018363187,kyphosis
4.4131001251623125,-3.078387117636068,11.093029111757131,-3.6396161774170808,11.031304660824466,-2.7139977851319306,kyphosis
4.931620466200138,1.1086876928419256,10.85684091819944,0.4044871821952677,11.416232817787812,-0.5103928986982569,kyphosis
4.294268546152395,1.7996775452547786,13.775829110837233,1.9379099606964507,6.820596816679583,1.0250207700564726,kyphosis
5.773527451466513,1.99862671580426,5.421897159398249,-1.6247252477235206,10.648616286243922,1.464277101328631,kyphosis
7.54758902841816,3.9798022191997977,8.824548405669077,1.1923800174602883,11.733380090807458,0.554722052912087,kyphosis
6.025068096265291,0.8138714666278726,7.135129157115003,6.194091971684696,9.18784729049987,-1.890146379208486,kyphosis
0.4817663912689935,2.283165626991356,10.285566439258949,1.9182225377542323,7.754740240782105,-2.064912043701945,kyphosis
7.669626112493274,-3.8101545271700887,13.497057250186456,3.3163208405525073,10.924342356007536,2.234558634647755,kyphosis
6.228359754013116,1.6103629277181437,6.273896294972126,1.906183590705908,10.48911068338588,2.5393862166301737,kyphosis
6.600144726983473,-1.8500398303093857,6.430572552190913,2.938052229535763,8.452825107333162,-0.4652819402153541,kyphosis
4.269959801813072,0.6492297014493407,7.483515917974293,-1.1945217321498398,17.517147907874424,0.7654572986005407,kyphosis
3.855408469056015,-1.4836493247086784,7.284926670319431,-0.7255047291646085,13.819470067779116,-1.812711551196588,kyphosis
4.184658586027201,-0.2995656947218905,3.648778396583908,-4.184264419073587,13.983966338690657,0.8607750485876972,kyphosis
1.916004292583984,0.9797238625541184,5.010074065373754,-0.9882152565025908,9.300278650659534,0.0986009762455065,kyphosis
5.069906566381587,-4.306929430155841,11.09814129185438,-0.045058225159596,15.307686794115623,1.9426804595878489,kyphosis
4.387888357163391,0.8785184901800468,7.293971574718006,-1.840918869562952,10.00429241614363,-0.9473793933723078,kyphosis
2.8782607934512896,2.6333724433503667,8.49749085421066,1.109611418256842,11.585648161141911,-0.7354750576672817,kyphosis
6.406256479883246,-0.0523293123490303,6.852917864671195,-2.4742686822435145,13.91398723786032,0.9778105845909804,kyphosis
3.5159762224112296,-0.1756690109097225,8.604867823609252,-1.6616258507267192,12.861465996182826,1.0442955027179166,kyphosis
5.758730370562562,-0.4043095902334661,6.310121370759655,-0.7196941123298967,10.805446409658815,0.3427653327503544,kyphosis
5.645357590006409,4.163026258703452,10.982410240068454,0.5742606735732005,10.011791129959548,-1.728858724636262,kyphosis
2.3733584466595135,-0.268928542789498,12.006068669111992,1.7533032350206956,10.18338109202847,1.4005650926935718,kyphosis
1.4984265687918985,-1.7149268347444426,3.984944071479702,1.7614560019840702,8.862261313976987,-6.625075273292955,kyphosis
9.135484603140174,-1.10694095724987,3.4593278516484816,-2.1439619430334393,11.369551847591318,-0.6471921125624922,kyphosis
6.150456595987892,2.3127026111187705,4.11137051545585,5.1563955130739,13.025650110938336,4.317031658943163,kyphosis
11.163030057714906,-0.3855159712719707,14.060551065988008,1.2176809371946131,8.745018376392007,-0.9811636384512858,kyphosis
2.5448466647674692,-0.0968815051585858,3.699807030656746,0.2573467714221101,11.997610351616316,3.7139555859041984,kyphosis
4.353989466849707,-3.638061780473582,9.92665407329415,-0.270347848104408,12.188146511793278,1.9613101295935869,kyphosis
4.4165947382795965,-2.031611103607724,4.01453337147039,-0.9728973544094413,13.64987542440594,-4.338574899284516,kyphosis
7.326080860947041,-0.7141968614376175,3.649687760863036,-2.4129652543279043,10.698532028816324,-3.2196542587265573,kyphosis
4.972047275659284,0.32219927292416,9.781585763008255,-0.2959324190197342,8.065316684234928,0.7139867598613133,kyphosis
5.932119596359308,1.91197276476912,7.837635879780429,1.755507517272621,12.957899719442526,-0.030224174801064,kyphosis
3.1553055613154832,-0.6430463482979898,6.3133906265842565,1.5692252596472138,11.005579055406004,-1.2227794943044756,kyphosis
7.276514782033658,3.723007628517183,3.858586660136411,1.9018325378639789,13.9277549291739,-0.2953962540448221,kyphosis
1.7344616698819726,-3.211511979799132,7.784307957242268,3.764837519595788,11.354949784685012,2.0206679158604732,kyphosis
3.5633801357959305,2.623961327616543,6.525766266368981,6.446944448283659,14.400420327070032,-5.046424914877749,kyphosis
7.738645613107392,1.2200709207637228,2.0697774333904553,1.5121338438937202,10.288436239365804,-3.1098138676843923,kyphosis
5.028914297910704,2.5139367570154336,9.802417559035945,0.4221442591722384,8.646492077494937,2.9395583432214085,kyphosis
0.4611898327157337,-2.974450357981673,6.324071502160522,5.648518801256274,13.444680680527844,3.880098414935815,kyphosis
3.896879677551993,-0.4511397604158779,7.228286821528374,4.492706019981856,16.39780288650823,-1.076146135463694,kyphosis
2.0496402965305704,-0.6507669064359076,5.602090412351979,-0.5500921157233841,12.838173274937468,3.075624234923917,kyphosis
2.988011551449267,2.1117245082105836,10.993493233054055,-0.8765212482439487,13.832011742937018,-1.136924439059873,kyphosis
4.199788159350094,2.30759484894966,4.53033522465057,-3.889270796595324,11.802325154814143,0.7137833240989976,kyphosis
1.677683793848174,5.22319698875999,6.817855777897362,-1.7019297247465626,9.73967831587084,1.0954282653490708,kyphosis
4.551577010767908,1.951419217589038,7.811895598833855,0.3392837608249354,10.119780631365298,3.523076618059845,kyphosis
8.097401318999584,6.02463916437116,5.231401137969531,-1.6878112599305886,13.27005665634048,1.3174862831752443,kyphosis
8.132282628076055,-0.7591256509389908,6.917436840701098,2.1868293187942496,16.19444396299611,0.0690626063658451,kyphosis
7.194641637576285,4.245029425761069,7.254308021179424,2.9772983459172675,12.426218327158931,-0.2820911826288055,kyphosis
3.2798430041218034,0.3603695433679728,6.716093588023871,3.762135077951736,12.077557395027233,-0.4434662936555248,kyphosis
2.167684904728662,2.9446189116358283,12.302483914612774,-1.0131468480260089,9.149419368628228,-5.462784246732591,kyphosis
-0.5299733439051355,0.157526055765144,-0.8462866655850991,0.549763141991096,8.623273266461862,-2.3548545479032787,kyphosis
-0.0628031472063117,4.25488241297149,5.962709304699182,2.3633640075257074,11.2072796329301,4.028392154364062,kyphosis
3.1834655483469687,-3.0088965739091567,3.1174118054004483,6.035095272302798,15.963450988150733,0.2905422502773384,kyphosis
3.494152732824781,2.864823963175946,3.395224109720477,2.372688003499775,10.541886891976796,2.8829406358233847,kyphosis
2.4269483178815943,0.7096812544023341,3.767194373987574,-2.5435412631232217,9.233233079067483,-2.201018323196254,kyphosis
2.94077320772331,1.6661114921006532,5.655053677945112,-0.3203900762777941,9.77710956203946,0.6976195053756981,kyphosis
4.457532320778705,0.8765062321115844,7.263196559774195,2.889234385925905,8.52118239723842,-3.2576171483937015,kyphosis
1.796415736932511,2.8141918942846735,9.911029351338176,-0.5062475072051713,11.225774498016088,0.5858334714220887,kyphosis
6.368779771438918,-1.487234117504226,5.454087449889675,0.7850796042089685,12.68673744452155,-4.680887954239996,kyphosis
3.793255637454003,3.8355729854317255,7.8976377337009165,3.2453758274190454,13.840478436606354,-1.2434105697904267,kyphosis
2.677709052238362,1.0878382484154714,3.353104018673266,-0.2678437148543867,12.94399015448068,-4.461719853614775,kyphosis
5.100884984694784,2.6152961732398343,4.373905928110082,-0.823926617576679,9.69757862192226,0.2413430253826913,kyphosis
4.104739802885692,3.4064341704696006,9.88375712445386,0.8162131814428677,17.591672854863972,1.58886579748091,kyphosis
-1.99020572082604,-4.187230160118832,5.798563966993814,-4.552091177306584,9.30254913384217,-2.393539475538584,kyphosis
3.9041904107565686,1.5369611551981028,9.766936296560822,-4.4301628962998985,13.04691492712204,-1.9084908529964224,kyphosis
-0.3921717485037543,0.1006287550210334,4.777850754910814,1.2474397341706536,7.827543556863754,-2.0354105453174207,kyphosis
3.419316243001318,-2.450579335500925,9.850626381678012,0.3650669288098167,11.026364279352563,1.546761445730921,kyphosis
3.1662842975757624,-1.8662269899710704,9.197535386392518,1.1030292064601626,13.2131408021649,0.0445985403551902,kyphosis
3.3174831299435388,5.081403100890031,7.702980044775688,0.0939100256315063,12.462553330719496,-3.325697839824469,kyphosis
1.7287437212195225,1.3657817755622164,2.9570702748861386,-1.4354046653025354,12.51026863859761,-1.0751210783708531,kyphosis
0.3837544911482817,0.4370282911763013,9.711251325727314,4.561604554915688,9.837310134497486,2.069201044686186,kyphosis
4.659388962056439,-0.8607403657857298,8.168130537956975,-3.399731999047462,9.603001069844147,-0.7610567082429236,kyphosis
6.315643727710981,-2.0899048215165985,7.455245614539655,-1.50485309533771,10.0349935608764,1.589869074288681,kyphosis
3.645728195745439,0.4449248187076488,8.976898280581324,7.8820264251516035,13.194565078097815,-3.920327581766796,kyphosis
8.36464742568284,0.2160195957450883,5.116990546022573,3.55963984774097,12.806687062220746,-0.8585510744412921,kyphosis
4.656257227129585,3.3029703564247614,5.823112252188045,4.220828908715614,9.03959035410042,4.500244617051195,kyphosis
5.892580162634943,1.242900059520554,-1.103784563322801,0.7499552408033863,10.368437827993407,0.495428102889749,kyphosis
4.134743367583016,2.080540785079626,8.393521392127964,2.7664425089334665,7.684344595127108,2.205846955149148,kyphosis
5.5101291123040586,0.7278121681334422,6.822907880209774,2.895544139929324,9.974926471152724,0.7692486227665463,kyphosis
5.609171882556227,0.6991239565348124,12.51617244971168,3.492081165318166,16.19335859892488,-9.091638871148424,kyphosis
2.649059152532364,-0.616607617036516,6.0038868125265825,-3.4985894478155637,8.996290195422482,2.0306745252634815,kyphosis
1.3056981355209958,2.10385411234003,8.55736007603327,-2.0456641231656003,11.85789638549354,-1.4675906973332475,kyphosis
2.733412915530202,-4.618592964426876,10.713693423181374,-2.9316961025630093,11.599681880711811,-0.0518218923959163,kyphosis
-0.130606693383724,1.623583789868155,8.361561436248346,-0.79929724191534,13.417391613362042,2.8025645993274835,kyphosis
2.9184062091661795,2.337830282635228,6.383572364351064,-4.2206463251960376,16.464326541806436,0.5159538524082874,kyphosis
-1.111572509503171,2.470729141590009,9.640253129174972,-2.0676154473407884,9.552539450150238,2.785192910560084,kyphosis
8.039681225305785,0.4741192752306583,7.532060996674922,3.746480345739016,8.587766749534039,0.0653154492135342,kyphosis
2.2372236995850985,-0.499566835716317,7.049988715516048,2.0912686910999376,7.62598686072018,8.943457297706615,kyphosis
2.9766485619534393,-2.0630477143435826,2.299278973578038,3.9683216289869234,8.359721077032283,0.7873544293978294,kyphosis
6.8042228559697975,1.1720308910303856,6.192080835743789,4.69590998940969,11.57273707911595,-0.7965949937114398,kyphosis
3.5270245468123003,0.0114128836930903,1.4604439374483291,-2.2693064425963625,10.784155354383184,2.591210344912352,kyphosis
2.1231991637679677,3.144502518854796,3.308356941204867,-0.5714205512280073,12.98177754433416,-0.830359725432755,kyphosis
1.1903039871860148,2.45374309865158,13.149679962573453,3.2390514637286905,11.945115651069708,-1.66071315485134,kyphosis
3.208301135164376,-6.8578539136793335,9.016691005410909,2.7609630570884742,14.4362124535689,-2.010199082387569,kyphosis
4.379143180362544,-4.265591550223451,5.416026211265468,5.926724315039412,8.440610130730374,0.2790667811840099,kyphosis
6.012333476830814,3.068698358381729,9.20599272447495,1.343158148355566,16.476042502971058,5.435196719362559,kyphosis
3.5319316962327996,-0.6999116067805224,10.634600592804713,0.7471400810772004,13.581643791555033,-1.303922705850073,kyphosis
6.078747167329155,5.2790151676583035,3.4395809995310027,-0.2626624922214484,12.995227621653903,-1.102912323492126,kyphosis
1.7433641000304507,-1.6274377017039123,7.605176675719918,2.3228394482750825,17.74582208984272,2.6598088749061146,kyphosis
3.53068244105029,-0.7322956873731308,4.936770097922839,-2.909877710548907,13.10151678195846,-4.5255416364151575,kyphosis
8.519077014176714,4.657328617974594,7.164471621622407,-0.2085257564197706,15.103571569305783,0.0998137834792374,kyphosis
4.1412766211638905,3.3584952678738818,6.462009191099549,2.1812044110845115,10.687696011691086,0.8753391348905077,kyphosis
6.5784513131933275,-2.8821647224100966,4.574321685229403,-0.0281407620623361,11.970464489136834,0.871951587018263,kyphosis
4.218478572300304,-2.825565639103345,13.458934150416418,1.2309420837990244,10.959864901878534,-4.474865674552812,kyphosis
3.058943613529512,3.710261737947244,8.459707555710002,-0.9917947446429072,11.790169674324876,-3.268064550959846,kyphosis
5.07190314720191,2.889259927784668,12.483623875720964,-1.826089382356653,12.926158989218068,0.3580285102843072,kyphosis
2.5892753682024523,1.1424936139645765,8.638084071284402,-0.6897536727260823,9.518242942607234,-2.809123927105447,kyphosis
6.193868883628552,1.4573042751431575,8.421611540031925,0.9901076595609252,11.879155887435148,4.566076836522148,kyphosis
3.034943005323255,-5.601760036937711,7.62402364552428,-0.1145996498033599,8.710612397166098,0.0392774954182201,kyphosis
0.5888228659567978,1.0767793726874064,9.024143825370604,1.1658688348300568,8.67933540336001,0.7544708342683187,kyphosis
4.231568969872309,-3.145532784546876,7.308572954259122,1.3258506683221143,14.107156407145787,4.5753249121860255,kyphosis
2.5268656730123307,0.2070699875640613,7.989785552395114,-0.4647682016670696,7.866495704262453,4.4353669650810215,kyphosis
1.9065480257938328,0.9216284190254888,9.313204731792078,0.3057821981444052,13.23949054558982,2.190892619187271,kyphosis
4.584662752523117,0.0768139041684383,8.563295835053758,-5.512138431978782,13.912477206409807,3.880906364815377,kyphosis
9.130183278554838,0.3977061620123274,5.43226793806926,2.9160276000663865,6.735102262773162,0.1337983231795965,kyphosis
1.3554084534744142,1.2378524483435416,5.554469754450615,0.6323391317074447,11.65191704370766,0.3380693505053087,kyphosis
2.625187918839136,2.859288764390111,7.718181285068567,-1.7719188614322745,9.724840124759794,-0.9956983354946194,kyphosis
5.533650414179593,-1.7644930334278692,9.07624533496488,-0.9325102045658356,10.918740267355776,-3.948597313558577,kyphosis
2.08411847683746,2.352542378341123,5.407886964324026,0.7761862469347525,10.80302899979925,-0.2203756560562906,kyphosis
4.3940863961023595,1.7765017260257838,6.939677223862566,3.898544816634707,11.487387731030468,-1.4891378345645188,kyphosis
3.408656541578662,-1.6279512061187127,7.470183392479432,5.924013940105945,7.721127155253296,2.1633363362721876,kyphosis
2.033569771105374,1.634763073603368,2.611236028238431,-1.1620865460862055,11.830930833059965,-1.714284499499224,kyphosis
1.2467837754004298,0.5584630366462692,9.518260893683156,4.3738075902596565,12.830378065136838,-1.6610667633392993,kyphosis
2.1239746806133595,-2.261936684103792,8.14597252489267,-0.5528442416835471,5.594919250181403,2.971521983747937,kyphosis
5.509283101360491,-0.9148428272310136,3.9778528384481953,4.243878297585859,14.503750866380395,0.3108223183573414,kyphosis
2.354043205148886,-0.9430718142764274,8.19535143888952,-3.478843552420317,9.51374076012748,0.8813147072440415,kyphosis
9.535824856391493,0.4187974103947635,6.195618240024479,-2.9121144523318505,7.630726924226492,5.281720335891989,kyphosis
8.959260338696879,-1.9615842175448897,8.042738311058116,-1.4087165560495,12.892942052755055,1.9278531050951844,kyphosis
7.16665313299603,-0.8881827200329286,6.71710376385979,2.2532995422697857,8.572344927230667,-1.9688074060674865,kyphosis
5.3386468685240835,3.1604267558526096,2.550312229479582,-0.7291027229423673,14.022525497252492,6.763622263392234,kyphosis
8.737871530272425,-0.264081106016989,3.5689756560967325,-1.6954412058288288,10.342096819850433,3.1205099191881898,kyphosis
2.4991533524837823,1.961557381216852,7.007650291846432,1.5990632988789324,12.483848580732976,1.0945738518958397,kyphosis
2.9192470354761473,3.721084056258471,4.681567485760166,3.2221187188734737,11.579327355075982,-1.0856867920432842,kyphosis
3.4159825975428366,-2.039988577920073,5.762588622773248,-2.238310396481149,11.504997526893304,-3.861900969013254,kyphosis
3.190227866960196,-0.6143936494921223,9.52594828320816,-3.2067869650067813,11.52969794707221,-1.7049019106679353,kyphosis
5.20015904476026,2.2748318703680934,10.165825669890722,4.644059449273353,14.457986288323358,2.096358293168998,kyphosis
4.830203653542027,-2.9051084271368937,6.198040345370003,0.3771024036633618,12.615324190060427,-1.2096222512489407,kyphosis
4.151963431253257,3.4471086100641095,7.203192918977672,-0.3791897144130853,15.815714637138484,-0.5876931039407902,kyphosis
0.6774809069413794,0.5189004509853332,8.317453478409384,0.8531348708626256,9.14417996780857,2.857346549743084,kyphosis
3.1188656709056453,3.40750242426326,6.765241078217382,2.173998698458916,16.370742159467397,-0.5030230163616942,kyphosis
6.320039147879217,0.5456311521402823,1.1137926932584945,1.718702082569326,11.521229926438952,3.5761501193999385,kyphosis
5.114597188073116,1.5283940778785976,5.198862323312353,3.4366669503322567,6.694357665106202,1.5259581919672305,kyphosis
3.637833112134764,-1.967356841253892,7.040935604828234,1.4775242303251916,12.014560216684536,-5.139478327736869,kyphosis
4.434868021032028,2.074348786021845,2.9520673587103383,1.7921868059203638,9.454562394749578,-0.1648001854888801,kyphosis
8.660121326029396,-0.0234390332797831,5.25099797824409,-3.691007548016212,5.646422799200738,4.137065435366626,kyphosis
8.839652564201511,0.0048505919527339,6.7599983456653545,3.0202918981728866,11.339639753915726,-0.590657580450072,kyphosis
1.328698114793903,-1.4053336212852447,6.039545835732561,1.44762683688365,11.863535454109634,6.964937939209739,kyphosis
5.533163861652859,4.880729772805079,3.446625136703632,-1.5219160250963015,13.844441951671657,-5.772392946237689,kyphosis
2.852420817052749,0.0829631482540168,7.546795665353719,-2.0450575588064206,12.454308412426265,0.4700066384306903,kyphosis
0.2569190137895667,4.4612359378926465,8.734265281340463,2.132038025752306,12.81627905584015,-1.47504274203802,kyphosis
3.2907331790881704,1.0280234980611418,9.554906941695354,2.8023304465206533,13.976187462983706,-0.3488253916649664,kyphosis
5.617261308141414,-0.2213322517044905,3.6805033163014222,3.266217896832595,9.288898994784544,4.288534538370523,kyphosis
1.2191813258235484,-2.3390897618945727,10.186709624198716,-1.140178038340809,8.080606460250198,1.77323830910502,kyphosis
8.042612311304207,0.9621466351509116,9.858403825514571,-4.525771453378503,9.073938002155304,1.130487135585717,kyphosis
-1.5072833830142969,-2.3129945693443084,7.617265158541529,1.8036815745653323,10.448585149331716,-2.2217335261908553,kyphosis
5.407136201142826,-2.4355057393003663,8.950504302965188,4.5196940144591835,10.655647349030184,-0.3898372927174268,kyphosis
4.170805324849545,-2.998355414621927,12.764866464919349,4.559965699520249,11.3157812864675,2.491075916605276,kyphosis
3.187855183753635,-1.2168309889183788,4.5449512569727375,2.3964166827764752,13.149076967137116,1.4624160401190858,kyphosis
6.8023412810156145,3.4840293879314697,6.8313836036120446,2.65522827897067,14.924071467348732,-0.3557621086228723,kyphosis
4.518721994630455,-3.5117625244945305,8.058769685055093,0.6563535995438061,12.11419476770481,-2.3103046471519333,kyphosis
-0.2181976991029213,1.3179263821944756,9.178889915720356,3.850347347171287,13.07802775799939,-2.3028350318948054,kyphosis
9.093026599295897,1.0043466369901095,8.27633844612809,0.1011031084340099,11.367692068614934,1.8259229724969976,kyphosis
3.913589400390492,-3.0001780860043468,12.8640604047411,-2.5511512130802054,13.264294001243414,0.2404687889925827,kyphosis
7.980062246440209,2.0954674971214335,3.391998015535515,2.0589946714019067,9.530655076700254,4.860777786857778,kyphosis
4.511994693204794,-1.6854981750353746,10.537101657063886,-0.7317253712738342,12.022852306939985,0.2203822397842175,kyphosis
1.0803367317707244,1.9165053709818136,9.76930273995612,0.7661890291332956,10.179061851457996,2.110776250270501,kyphosis
5.308309456821472,0.980010592421692,6.226225285181927,1.2004696373046826,8.998524144129735,1.1937896472047256,kyphosis
3.654161794959055,2.766968182330997,14.894428207610744,-0.1830212455159848,10.056441497174175,1.532868689881556,kyphosis
2.8719529326403093,-4.201088860157703,7.732072108966708,-1.1922059723473937,10.672998515682613,-3.42347398843671,kyphosis
4.5178485919464215,-3.205991967489422,10.69530306524871,4.200229352477753,10.401817132120373,-1.3783636740084255,kyphosis
4.327798311687867,-1.2345110447545564,12.128117358173656,-0.2810672523271789,13.212106457002896,0.2517141555199198,kyphosis
-0.8864825112081887,1.8514738545306024,9.202655468451663,-0.5387724515987488,10.224007990610078,2.0477079234700253,kyphosis
2.3597569099858964,1.2352050969830353,5.756707134105826,4.054292540642796,14.173139179746553,0.9083367016938462,kyphosis
6.428530894180899,1.9472745451728355,4.0311170830624,-0.7379294598844098,7.761853448332198,0.3391558815520837,kyphosis
6.539069709986177,2.449571601887624,7.13114346722361,4.321297463681385,11.468648455222278,-0.4377724873589111,kyphosis
2.02988094191748,-2.9432387231802504,10.584582096649612,3.2555184822138945,12.64232266585522,-0.358337939631123,kyphosis
6.893111369327563,2.8898395558269057,5.163322265807851,-2.511658371280987,10.571260999029402,3.458872756454012,kyphosis
0.9902158775840496,-0.2476727130751368,8.57340158357223,-1.375341517093455,11.563141704959,2.198234549955873,kyphosis
-1.2867339976843386,-0.1895998997411413,7.158080366282753,-4.139122439697044,9.94024731916851,-2.3965081591487127,kyphosis
2.7147779890802557,3.4692834603461375,10.140493598534206,-2.48426580907591,13.24413942912436,-1.5397738378713823,kyphosis
5.241586537449738,-4.535158185594408,8.000424013001243,0.3257780242850539,12.587750028994812,-1.6672114622086665,kyphosis
5.218045486576068,1.3269595163455907,7.360633805705101,2.1140484355462075,12.918268406506217,0.7121636459027604,kyphosis
4.782164128727278,0.7032285626062027,6.329078002156548,1.068688472245153,11.164344150118218,1.711478447098187,kyphosis
4.952066045863134,-1.122496301182894,7.662909806866469,-3.0154958441722943,14.356804653377964,2.709016964985423,kyphosis
1.2964665481517823,-2.6126280587599875,8.290991669466447,-1.1152095805491469,11.839618161800171,-0.457043702466875,kyphosis
2.783309192796008,0.4521945503657313,8.766263658868132,-2.9741241755503514,13.358994440682364,-0.8649048177873198,kyphosis
7.550462346954872,2.298998744062229,5.233327239817148,-0.3177737621558572,12.480284750712295,0.3244409485634358,kyphosis
5.088028820724006,0.8036526604988647,6.140608701224725,2.07271302566881,9.146254375218188,-0.7486279822130335,kyphosis
8.672666259195651,-4.504350418690654,2.8371867592398887,-1.2579114753154568,9.114254668482143,0.1238296462625444,kyphosis
4.519651252667701,-4.037209573703515,2.9919578834647593,0.7385720867998926,11.331494180065253,1.239833100865238,kyphosis
2.9354550040836216,3.679748863559859,8.178478156912476,-1.7186847264126617,6.857141037169239,1.1949561005473055,kyphosis
4.111380413927878,0.704610836323847,9.644901784596982,-0.3516859011092065,7.584714797665788,-3.92039227938308,kyphosis
5.158253775585577,-2.561005517618179,6.310260696399565,-1.2211730000478438,10.167380947561194,1.9163524677041404,kyphosis
-1.391113442512582,-0.4673236164998684,9.452874288925884,1.4724198713712928,10.071856573324016,4.844962462808801,kyphosis
4.8468954057009155,-0.15855908779876,6.829284480589274,1.727167905167872,10.679004335205978,-0.2556734802063161,kyphosis
1.660421925523586,5.614136369192885,4.192012372811556,1.161230504200362,8.31026542818935,1.82585725417645,kyphosis
1.3562133242664212,1.0354223528293756,6.708571633866677,0.8006721435439418,12.55835575168707,-1.9415507896588904,kyphosis
2.940416154483792,-3.344269521325006,8.835265839518122,2.1112153338824906,9.085972107424531,1.9119406607853768,kyphosis
1.8008908111218984,1.2050905261555511,6.442435796833994,1.4839061504796982,8.949178847168831,0.1178625204644363,kyphosis
8.407449131343498,2.564808957576633,2.712050073241449,1.3819209076278112,9.730708077125716,4.708286439818824,kyphosis
1.28062831161583,2.107138734907369,4.203691289470919,-0.3503219670704999,10.690269091911995,-2.878226006746086,kyphosis
1.4891554342652338,0.9419052581256596,6.084145807155606,-2.066647569310276,11.317061712837404,0.5558763874159142,kyphosis
5.567192658822554,6.102316390514481,4.528677480335249,0.0168486165017364,10.878085870392212,1.691075416792812,kyphosis
7.538011316754559,1.3684937160869042,6.636626444215287,0.0320181230799712,15.604539023466518,-1.9700070450073524,kyphosis
3.502343615600325,1.89957112207015,7.831901196592526,-2.6268565665729113,11.462067584054134,1.0941066407498978,kyphosis
1.653832235647288,3.1269357261802844,6.294398520191928,-0.4935376204267497,9.633980951340815,-2.4073474671322823,kyphosis
6.382523745535124,0.1511448926802411,8.15103912460706,-0.1711813595238513,10.25030631375847,1.1419581433118071,kyphosis
5.667663681820885,1.2414316917357704,6.091719979028637,4.132381556884569,7.137358981483912,1.8342381200154825,kyphosis
3.022438332836059,3.8216160288616097,5.352440433350823,-1.883646449080557,14.698704404652185,2.543667816745931,kyphosis
4.767598093129554,-0.0581789710832736,8.5639614841875,3.822736456907129,10.87191041116952,-0.2681155641543287,kyphosis
3.7531977638608174,4.666658148068809,6.4366212873895,-1.1353588281179618,13.066055810479416,-1.1958365733387335,kyphosis
7.811292952789758,2.729601448987032,11.00268576541098,-4.1332336800428955,9.887634022761867,0.1133757335979163,kyphosis
3.951704239320411,4.47111794060028,9.918044333260932,2.402954409970457,11.25407513383356,-1.212467947859369,kyphosis
5.913505390033373,-4.356244227404424,8.24672478033886,-2.4892689372922883,13.683531756026111,0.1114439186806007,kyphosis
0.9934855677048152,11.37022716599358,1.7628770896874315,3.7541851508277433,3.2500105903347354,7.354384801783849,lateral_tilt
-4.802117516431837,6.0576356515452945,0.4651838341220865,5.163141966318227,1.172021904198976,2.248431875871555,lateral_tilt
1.0137712878380598,12.520168117931822,1.4715777039199502,9.202647230143585,2.4646945592659755,3.9109898598865143,lateral_tilt
1.61824685782182,11.179200934726474,-0.0912871581638588,5.301387537705626,2.5366728102964613,7.238061895863107,lateral_tilt
1.4699399277170295,5.550558126563729,2.2229458765944843,7.988268131623328,0.2011103526572525,6.426620744710764,lateral_tilt
1.5825582679825831,8.481298008148134,2.935056935177631,7.739163878704999,4.167353110972489,7.041722743744183,lateral_tilt
2.5082490104170603,4.788902329516436,0.2461842605766324,6.8478761999926805,-3.76414498916152,9.695702368648716,lateral_tilt
1.0166476258009431,5.678413714051982,2.055811993624687,6.162082566934038,3.0419933300830877,6.322736593681578,lateral_tilt
-2.861332221515135,8.212622671270394,0.5411491949588361,9.879163957618688,-0.9256905830930116,2.7944214408067283,lateral_tilt
1.2447423527714028,6.529809365240822,2.001604095849592,6.082313384954542,0.8938826916514073,7.64088993283174,lateral_tilt
-0.7414638516179792,10.31207343371458,4.729184647004519,5.698423483594253,2.233618733388498,8.807443912851078,lateral_tilt
-2.494049322921141,12.357016934424204,6.1362872235119,4.11341415317789,4.525343805249603,5.660535152550626,lateral_tilt
-1.1642067445489164,12.514194895206137,0.7315534539748866,7.755807250870687,-3.409331419035122,6.145843420319392,lateral_tilt
4.938992410760521,13.480236018743634,6.088828641798987,5.556164339951968,-0.2102382795809991,6.172221653298793,lateral_tilt
3.2430951159757826,11.703096633807451,-1.891388042668341,7.388779009408902,-0.0688123562971451,9.5411184681927,lateral_tilt
-1.6571618843204448,7.250322413737419,1.268073221047882,9.554907887650009,-2.273815628043465,5.64726766964598,lateral_tilt
3.3329482935563943,7.64202107828322,-1.476558058443144,8.120195852532229,4.245356701244032,8.397454238650282,lateral_tilt
5.330950956469055,9.850044504307853,5.620272760263881,6.191212633038857,1.851341764760173,9.15541861897165,lateral_tilt
1.5357180297099726,10.323092373276882,5.032445426482636,10.443337573820855,3.077361009598687,6.292070570163451,lateral_tilt
-3.979946640699705,8.535270890632813,2.7040855591709727,7.161018806079855,-2.755586253767184,8.013784127810414,lateral_tilt
2.927364236509682,10.98603632051896,2.426215215199227,12.033885736621748,-1.2360070524829767,9.55137650982808,lateral_tilt
2.110246108755966,7.171471497153938,-2.8079311604346193,9.625798880690889,1.4847777171179466,6.017294814983469,lateral_tilt
-0.0275028102240728,8.057079712213095,0.9959457075915495,6.022109069367894,2.790850049372082,7.12223492283314,lateral_tilt
0.4274068797683361,7.300079634628184,0.3801144816802759,8.0421826564751,-3.4619647644752867,5.210047526627301,lateral_tilt
3.1465798819762743,9.938904814575912,3.4885379761236863,5.84285928571405,1.380486261605819,5.762359525485895,lateral_tilt
2.282055591917116,11.47793261235024,4.494610767578745,6.744984299681846,2.2344177747547525,5.146317483732077,lateral_tilt
3.177544512294425,8.340305417921634,3.3474236717619803,4.502659059386022,3.46999444514743,3.3649433689287087,lateral_tilt
2.181583785798536,8.61142402722318,-1.746698433585962,4.12193335623214,1.655563948560864,8.078060892429457,lateral_tilt
4.262493004511036,7.166368885560249,4.144032781441627,5.854657525395702,-0.1438278713995628,3.933436292789553,lateral_tilt
1.2621296923066996,9.334912874190476,0.4599964460672165,6.834719015119982,-0.1711997669287022,6.072051575509001,lateral_tilt
-2.77306599800649,12.525732451207176,0.7769917557708301,2.4792616787512145,1.779245040026182,4.151087081865105,lateral_tilt
3.0451712348251045,4.675627612489771,-1.5210825513278643,10.535275976516957,1.6663175457825008,10.343491826710723,lateral_tilt
-4.718641896765323,7.309843605555333,5.160480136959748,6.293101680926579,-0.3455575731412523,5.273469414933368,lateral_tilt
-1.3022424344203984,3.892657734380811,3.631368276836872,9.216448731894124,-3.4619393605701108,7.11817863027189,lateral_tilt
-2.128065747252896,9.8322293005676,4.032947970978975,10.005622508402928,-1.510671006487679,4.956785732802782,lateral_tilt
4.5163393086357555,7.466378241320511,-1.250400569684158,6.528512927131279,1.4726317325392675,7.215966859888475,lateral_tilt
3.847392945587128,8.952177778706082,-2.735658822665597,5.432378463255648,-3.024435200273341,5.271138965482739,lateral_tilt
-2.920141797935993,10.133697454879352,0.8681122299980859,6.668489804398758,0.8488646119954544,6.67226533280243,lateral_tilt
4.442501591975843,4.322132088011628,2.3409730471189407,3.968357168441716,-2.4811682586213744,4.404095299997981,lateral_tilt
3.4548563386297957,5.733167530676372,0.966241888517558,5.091336741727221,0.636474416011515,5.750766260167777,lateral_tilt
2.45863753713554,4.311048875939764,4.32448591301269,11.19300127491524,-1.677727838329034,4.4837004188585965,lateral_tilt
0.4121531300949139,7.3115193944636445,1.5476789063441716,4.260322973003207,-2.48719666101103,4.410324360954236,lateral_tilt
8.420934014064859,12.234274397513836,-3.813918400832193,5.0838339224505305,0.1711202495396591,8.027677262776427,lateral_tilt
-0.8327977217153544,3.685055453887247,0.3827041812763634,5.915023844460108,2.483681990395577,10.968099911511672,lateral_tilt
5.238929341206066,11.082974660907867,-1.5025238612070355,2.3332485329901456,3.996087394914287,4.871393625340797,lateral_tilt
0.4385045849446438,7.732379147687247,-0.156841619990844,7.26623495072523,1.7940937544406976,9.358915112321531,lateral_tilt
-0.6082457782123813,2.1959879963448925,1.4941889173856129,7.979571769290254,2.5550758091683163,7.570882284428622,lateral_tilt
1.55030282395215,9.341249472052253,-0.6809839608162556,8.01772595849708,3.029251452673938,2.582601572081618,lateral_tilt
6.382649238849741,6.72496139277112,-0.8995053299694376,4.342409317865704,-1.6871408811688526,6.824995564503988,lateral_tilt
2.55311844672745,4.0789614359048185,2.335868033634461,9.3434185356342,2.917099863672913,8.987919162896516,lateral_tilt
3.575403430865761,11.080973495315993,1.550473285512832,4.6173988415878755,1.7321056216395625,11.308783719008638,lateral_tilt
4.19531348948693,4.658673274044904,0.6758173699284983,4.506837605078962,0.5844572549813681,5.788026476211512,lateral_tilt
0.3403639262351356,7.484724107441492,-0.1222709682825158,2.9631253442716723,-1.9454659594453745,6.741887296097,lateral_tilt
-2.1137953693633085,11.186324475574828,-0.9935952926752474,8.516905375516018,1.7047856768263163,7.063174305037617,lateral_tilt
5.026730801052237,10.679256463997032,-0.4362167635406895,6.531674225446748,0.0257229704835686,7.773783909824215,lateral_tilt
4.978644917389856,8.553056627085645,1.0819340938894535,7.193963473715978,0.2693892254001736,4.1635152627538226,lateral_tilt
4.9919004434962275,8.095581797085826,1.077658565997329,8.874416571222962,1.9124207884404396,7.327167571015878,lateral_tilt
3.0230970772243824,9.699849352870697,1.8119539852752864,7.420576352959236,-0.0296621545549478,3.982012531182554,lateral_tilt
-3.9032597157559046,10.368865314466149,2.650857636406704,7.772617087560087,2.0063342745529624,5.512382869576081,lateral_tilt
5.059884613852917,8.8482990768239,0.9270682519335984,3.247994961844563,4.334424120728147,9.277277861836083,lateral_tilt
0.6923106433074385,9.423159444124762,3.438001354211915,6.875224417397095,4.138926138841892,2.735418986673449,lateral_tilt
0.0252115093751674,5.935691512563482,-1.0233667119872003,10.054511712441752,1.6275972570430337,1.3378368057908965,lateral_tilt
0.5005737213923563,5.831415167598751,0.9944047088145472,4.486712185006911,1.1928644592563362,3.352337721379516,lateral_tilt
-0.3079210970734825,12.866226578986554,-0.9892941588015288,9.02089887416427,1.7165156175345124,9.067877589732875,lateral_tilt
1.2008527438171246,8.421846464614385,0.4549859221971899,8.75455760135836,4.585701839301209,6.924936349373174,lateral_tilt
3.092270197507463,10.09975739288021,-0.3324842985648844,6.016622187942818,-0.3878131961115076,8.288091459728081,lateral_tilt
-2.467970174196135,13.013542116049452,2.5588144970646467,5.9335718679235665,0.2817097599793886,3.505105094148345,lateral_tilt
0.5264910961865585,6.231683601569336,0.912646248853418,5.988403699897634,4.189513348578753,7.896738207304548,lateral_tilt
-1.560968183394886,9.460523054123655,5.3351048860565475,6.375265660469885,-1.4319332681903767,6.769400138631357,lateral_tilt
2.230372105296997,8.787112725694383,1.730422070518315,7.0577608650018275,1.5005898650062353,8.671995845763874,lateral_tilt
-0.944847088881597,13.56704279010598,-3.94754673372428,4.924823762176907,-0.7310572272521705,8.656886479881717,lateral_tilt
0.7953878765072501,4.950307089322678,4.856368028435293,6.72868039358788,-0.7921911855160839,6.786190147046948,lateral_tilt
3.567096576772786,7.872205413393898,-3.3955221916385874,7.198948866391402,0.5399769306882626,4.069594455141687,lateral_tilt
5.085442591300817,7.118267615541257,-1.0005568384997594,8.85031416026311,-3.5485631105806954,5.545922261466972,lateral_tilt
1.0661389560965313,9.074810863544844,-0.5644326093294407,5.169251125657279,1.839506814301113,8.444494077194287,lateral_tilt
3.453395299516287,7.996450249807566,3.613650601205632,6.898484420803675,0.9309319218189211,7.453111637905247,lateral_tilt
1.2594693448985526,5.376087720189988,2.3420186730622596,2.3508423986255043,1.4473260705642246,10.084084022044696,lateral_tilt
-0.2120302743472399,12.440431319353449,2.03088992271487,5.730764679025723,0.5643273230877484,1.8542712794372311,lateral_tilt
-3.817083719498163,12.476989355428133,1.679208961250077,9.610062823605949,0.8790549347756195,6.801586902233636,lateral_tilt
2.9595927038476475,9.187505745729528,-2.5224018669800983,10.23801768167411,-0.2881204925129208,2.76974495713659,lateral_tilt
1.09484474490794,9.17212696600248,-0.2005360853309985,6.88738970497269,3.787943528778541,7.023372143336722,lateral_tilt
0.4183512165085197,5.4764116776023535,-1.3154081587080206,8.817919972230252,1.7811400461763005,9.60706723331707,lateral_tilt
1.6647290215056,11.806758049972448,0.3305862031878879,4.4381231248090245,4.962855956359453,6.938935212314554,lateral_tilt
6.1201004794271245,10.317928148834872,0.6974474224760894,9.072872587648856,3.276777116560213,5.490741415005233,lateral_tilt
-4.477696413209898,7.875861154452702,3.448149360717407,3.6330358447114137,-1.7495033342364843,7.0188557372218545,lateral_tilt
6.119667489255257,7.488260357841685,0.4982869540616759,11.95617612542232,3.7763241092941913,9.074010903549231,lateral_tilt
3.884400639528384,6.451532923753023,-1.3058783226547948,8.1044016241237,6.229506668491505,3.5276472048666276,lateral_tilt
1.9390088745109244,11.58082151303666,3.023146570308247,5.507569930247211,0.4201221913200363,2.6858439767828948,lateral_tilt
3.55035898530765,11.046343569125987,-0.9955151908953852,6.246050480522237,-0.3693467096464551,3.27624982569005,lateral_tilt
2.3216100645120212,7.077807562006577,2.957889140032937,6.685634256260569,-0.6345497847752968,10.021548733614798,lateral_tilt
3.178175341763384,3.3662836283602786,-0.5688500068601818,7.180720867812174,2.665059882457041,7.401889386659587,lateral_tilt
2.8895650689378183,13.521182527454249,-0.0760692470017896,8.834876195910596,0.2336813190429049,2.819114846223055,lateral_tilt
0.0634953545415224,6.491414314571857,0.2072429185650856,10.476608989874892,-0.0394465443510551,7.928060525590599,lateral_tilt
2.6750341531166537,9.792063164561128,-1.4661012477481163,6.048263440512269,1.0584549905302378,11.890874079323249,lateral_tilt
0.560041051620335,1.6367511158190382,-0.223535586236051,4.886119559113466,-0.6027228274524927,7.512588464639282,lateral_tilt
-2.5256577969795,7.653327365290606,-1.7050444626048402,3.476960504938716,2.6829748743313724,10.16610597797145,lateral_tilt
-2.331495586494406,4.564145705670093,3.873718410025921,8.45249884990423,1.4732654739058453,7.519224342092943,lateral_tilt
-3.6479012092308007,7.720536066859938,3.1915146996054484,9.841138935812111,2.7962533447680507,9.63086590574502,lateral_tilt
1.7577948142930122,8.406091226584522,-1.4320697314573927,6.1895578473983965,-0.328613475812334,7.924397299260448,lateral_tilt
-3.993752513155074,7.5509387583079155,1.4755580546122344,10.81159649120689,3.9717847364414256,8.64289597105822,lateral_tilt
-5.504778923719729,9.747776266997352,-2.566623027025868,8.589316316101375,1.8856591248051788,6.819818005936448,lateral_tilt
0.2518809637633616,9.517119087849458,-0.1259204781416703,4.070421748818687,-3.8831002795478806,9.038480821688058,lateral_tilt
4.067651067182544,7.225265117835918,1.9061247039863165,9.229694086425686,-0.8196807241163033,6.955426569280254,lateral_tilt
-1.5675351932213395,14.50395915257588,1.4624064683552165,12.100334714992297,-0.8997647418670784,4.34202571958293,lateral_tilt
6.511058259187927,6.769837003338271,0.2546186845002496,3.483201418601105,0.5567221232460222,6.329493674168328,lateral_tilt
1.309402456698506,7.898189240027373,-0.5277126561917933,7.935155220327609,4.54220068462714,2.2471488143318954,lateral_tilt
2.1612042123784345,7.768105203068863,0.4579323744446415,6.927958496028442,0.9592558994144272,7.75475058425168,lateral_tilt
2.2874296788883304,10.192485243437636,3.808568217739405,10.796055076630449,1.33745704363637,6.982154607875477,lateral_tilt
2.5506713226414037,3.895202302671142,2.5173565209665947,7.337940603356673,4.062406721976047,9.762086908298324,lateral_tilt
1.370113072748055,9.067572150972364,0.1375420951073315,10.185680646835923,1.5033708687239429,5.020309834142269,lateral_tilt
1.2160297159473743,9.171939472871603,-1.3123145392981843,7.971061534193766,-0.1564596068060837,6.9677677503127295,lateral_tilt
-1.068129718762822,12.21160465469127,2.5639782562663997,10.973603208904246,-3.202952997028933,3.934115944025259,lateral_tilt
2.209777646840952,5.038704951437508,0.0061282586355549,5.060984096405992,0.7823427386229258,8.9693212898115,lateral_tilt
-0.4495166893440008,4.691005473329583,-3.707458616679317,7.73321107251213,3.2798157747173864,6.454664391229795,lateral_tilt
2.71183661992231,7.930268603085414,7.325924171604224,5.007533327965306,0.045503766509368,5.923034619743195,lateral_tilt
1.8097670413026776,4.776789338899455,4.00894513633365,8.11675902702286,2.3374030801169368,5.885011654110748,lateral_tilt
2.9676438364863387,6.477590267685499,2.356059923830254,9.481570257448574,0.8163716445113482,10.394763580795892,lateral_tilt
-1.8623194676629309,10.19492492724132,-1.617304375267266,6.1724391644797985,-1.8877576202918889,3.288180583956332,lateral_tilt
2.6367609910419354,5.835493221628104,1.6472187892817645,5.466970268810009,0.6345851636339133,7.987135933493112,lateral_tilt
0.6884508140051468,8.559950047538983,1.2576955538271204,6.25112647200202,1.394329319764965,4.623432945058111,lateral_tilt
1.50545897709259,9.469199697582116,-0.1563324157834471,9.8914541289856,-2.6377130829177124,3.306408490386644,lateral_tilt
4.674033156499608,8.141046028219664,4.394049082625348,5.758372369679384,-2.312876439900214,7.546286397892637,lateral_tilt
3.8076120680669048,5.5869950000867785,-1.035383141494009,7.469854441081891,1.815235047121668,2.8492439119769433,lateral_tilt
2.9311785294493395,5.60750886083909,0.7050472634815554,9.880871597404814,2.427414196948604,4.794813004940543,lateral_tilt
0.2884285884997966,9.341457613647588,-1.6891262089372183,9.616781784439407,1.1585440767036903,5.355788595802306,lateral_tilt
3.4338942655170337,7.122209399898428,0.6833399316308415,4.856393926131958,-0.4392648664372491,2.951417008637476,lateral_tilt
1.9955433193020504,7.745667365103411,1.3713697589815972,7.158854761402344,1.6131487455739548,8.832666514302463,lateral_tilt
3.2581345702398683,9.2094700695952,-8.806000629045856,6.46887074321736,-3.6344378305062968,2.9380858656962765,lateral_tilt
0.7447573974384858,8.914647566996681,1.999991382359016,7.921243967097597,4.7685015060388425,8.592477886584184,lateral_tilt
0.3558075175289172,9.308117968833905,-1.7743753197206855,7.509859643789987,3.4786898256363994,2.631075514659222,lateral_tilt
1.9824741044323235,6.997782060365468,-2.9124347336044485,7.83829314099327,4.991137404786656,8.55670606643536,lateral_tilt
1.9507626283437576,11.61260252055814,-0.4770458702285729,7.938399240361183,-1.5903392573963482,6.3712270156151805,lateral_tilt
1.2120291780588026,9.75808096133124,3.3345260651874917,4.461046550873638,-2.157713788124413,12.264092093417972,lateral_tilt
3.5564323030012015,10.941266472657912,1.3933664191826942,6.48766881439598,-2.478859915092503,1.319662209758783,lateral_tilt
0.0919756648934495,11.30171426605649,1.9630316306483857,7.51371606890005,-0.9548932457378044,6.166803211927112,lateral_tilt
1.7857718826481197,11.271111504307232,-1.7233565942802658,7.987203725006444,0.8045087658910355,7.23798842039709,lateral_tilt
-0.5162740725639554,4.664688266377871,0.559664505723054,5.49813017340358,-0.3480509949731014,2.2799141870058044,lateral_tilt
2.8063019161059755,6.463285866905824,-1.547012993976784,6.1153525929497405,-0.8328434748248523,5.361643942136719,lateral_tilt
6.913803630516392,11.421450910683454,3.56193528070432,3.9440884625319024,3.4365515712182955,4.002947826664876,lateral_tilt
-1.2671757288351415,5.371609544401783,-0.3679794722062275,6.403486170713432,4.1362653333445945,5.4225094994504675,lateral_tilt
2.1710331842364052,10.214140981284276,-1.0704514096837705,6.609309158237393,1.4273775517801075,4.902016165624605,lateral_tilt
3.216935176258388,9.979170124232828,-0.4233785589528438,6.038019940989823,-0.8045535098608534,4.355667058487452,lateral_tilt
2.889355445107231,9.68159940747503,2.5135112619068667,4.317024314832377,5.935231103589937,7.827003959181824,lateral_tilt
1.78899184669977,8.791270131189677,1.8039613509318904,6.221332012751995,0.7255837791589956,7.449249193542782,lateral_tilt
1.646522293429482,11.977083870441607,0.2002318049927154,6.947697406542308,-2.2695714151424804,7.297020849070639,lateral_tilt
6.240308190635867,12.78177852819068,-1.7736388886155492,6.393542409275516,-2.602087445752698,6.614902340122335,lateral_tilt
-1.498010812739108,5.763764097912759,2.3611496738186557,6.161210419917335,1.9192406659875296,6.14931103612393,lateral_tilt
2.1399428660469275,10.789559453994013,4.129868636282893,6.458953220904072,-1.9981256055516097,5.59206110316796,lateral_tilt
1.1589446243059598,7.824324080813477,-0.1085735455875891,9.366545770826091,-1.1457713825162583,10.53217092676782,lateral_tilt
3.8366367683415583,8.396272238556552,-1.7933175223280866,3.854338426581779,1.7248140325109758,8.92622114903345,lateral_tilt
3.091383017183161,12.035072838904968,3.6545416149743297,9.419829871912476,6.606523063156915,7.045846876105402,lateral_tilt
-0.294633035885089,9.224777935094158,2.6359703351519084,5.653037905381528,2.7896595308530663,9.790018549296246,lateral_tilt
1.032356208815845,9.06732985950062,-1.5740274277235016,9.617386336070524,1.0386551033957407,2.2026739676153824,lateral_tilt
1.6165934164149145,7.913552425952031,-1.0859340307378038,8.369347446843902,-0.5022322597594082,8.220649276931034,lateral_tilt
-0.263844868196152,6.694131488462427,2.6422467657991184,7.309386606310692,-1.3150991815690858,6.649774435198759,lateral_tilt
2.280155329316846,3.722101686848781,-2.157407342168307,11.503821019580466,2.9456760754546796,5.08138179692912,lateral_tilt
6.555435250218446,4.044712295037928,0.517546580598276,5.464904596126472,5.377942838914718,0.6424022458703984,lateral_tilt
1.0048159246265995,9.06851269747905,3.1695136488561144,4.598051104387775,4.051563502639897,4.275388072647146,lateral_tilt
2.1353192176785885,5.913505100983363,1.9797031556139617,8.064777417753529,2.542627447099316,8.126669071980215,lateral_tilt
-1.1766660154754458,7.913731162135273,2.7212399364039164,8.252823190161442,-1.1608024257506393,10.472868254091145,lateral_tilt
0.283422029526827,6.679024216895725,1.1584584815942955,8.75347473452375,0.7744859990226683,4.218529504555933,lateral_tilt
3.6131832426052393,7.145566909970995,4.788295235809505,4.747697203614618,2.3094536738823965,10.685676915177826,lateral_tilt
-1.031713908421232,7.240694157926366,-0.1144882845670425,7.609727354051127,-3.599897205373126,7.814843200636626,lateral_tilt
-1.482433427547842,4.060044382595269,0.0713449472807863,5.072965923464777,-0.1818155960645437,4.047633182466576,lateral_tilt
5.084062549552366,4.75341125712697,2.655421884868749,10.252755157560232,1.2786267898933814,9.48553620753498,lateral_tilt
-3.4958624178615647,10.110971133845457,2.239413932538776,6.236251342365867,-0.9632918097896204,4.803763173781945,lateral_tilt
0.0065473473871429,6.572394607146989,3.992946328654782,5.045819819132781,1.076045117365299,9.002051244421036,lateral_tilt
-0.6190680312422105,10.628524841906636,3.3048409450190417,5.835122554819873,2.846486545858033,3.210506479454647,lateral_tilt
3.5574714800083034,9.645794847813605,-1.6842321154936606,11.486312120980529,0.9038546014097366,4.712981852521324,lateral_tilt
5.3621036560456465,8.661978375308452,4.402516761924434,10.694300738255189,2.3102435658889187,8.413593735937539,lateral_tilt
2.1137467044857816,8.292166185696265,-3.2615548954427895,9.364083568919074,0.1620320712142908,8.558557961405779,lateral_tilt
2.7609126642960247,7.261962254988163,-3.942053922368976,6.217677582024964,-0.5532477374055995,5.739137822365121,lateral_tilt
3.046390892444811,7.958170527108846,1.3088230046027325,7.310961917269286,5.764191027537098,5.8519454674897675,lateral_tilt
-0.5707344008709976,9.02421515893622,2.1270308408295,8.084369023371337,1.1004963968651378,7.643854835011953,lateral_tilt
-2.9297417056161095,5.760402092490105,-0.6775371141561339,8.083854026181323,2.3921753959885077,3.7388704303625095,lateral_tilt
0.9435626819378676,4.900979673002932,2.1950945379807085,7.596247314182635,-3.4049219599635263,6.849553396295527,lateral_tilt
3.713942704237612,8.368815359842376,-2.411690814751354,8.084374214902406,5.254211966167128,5.809161762389457,lateral_tilt
2.039171927334047,5.708872862039881,-0.1022554715271388,8.148010453998824,-0.0813656068415503,8.969653956016273,lateral_tilt
3.7944204944878432,5.80421233342693,-0.6420886717360761,4.400516938679413,0.0240096588112158,7.397293959351649,lateral_tilt
6.121657672416376,12.417136768034466,1.6841502980312546,7.439184281229449,-2.469106452733601,7.997724398159523,lateral_tilt
-0.921209117404739,12.265368101937366,2.9251252722939647,4.152346230959123,-2.65442297141926,5.4028750238045715,lateral_tilt
-4.645423576372546,12.497808102091836,0.7158578937523995,7.762713511766883,-1.651912109156344,8.182834230582422,lateral_tilt
0.4997008467471726,9.001846351895974,4.514118993769909,5.316150880256893,-0.6579142931398907,1.2434982701974446,lateral_tilt
-0.6455400794290669,8.231387795514376,2.407276650712713,10.283682903313093,-0.5656600229436621,6.307836482490845,lateral_tilt
-0.2411527244667211,8.722995491531428,-0.6782689784277152,7.308547833752403,5.460498814718374,5.796991011493082,lateral_tilt
2.6114799876828227,5.692713306381073,-0.8827933265514498,5.790039150998617,1.884588100222192,12.757929477264277,lateral_tilt
3.2480310966799664,8.182001540043892,0.300968200238308,0.1938646475201526,-3.219103276307992,7.682037674819581,lateral_tilt
1.9153515326958264,5.909177007904592,1.8108642779873096,6.31593097401683,-2.0743536384197325,4.361293260186047,lateral_tilt
-1.1308236740079884,3.917073870753181,-1.9834394213582884,3.759878267940179,-0.3888361168383871,9.0448926310734,lateral_tilt
1.0532977809800412,6.437085250636155,-0.5373602562901079,9.79483455681788,2.6822277037344624,7.065595221668554,lateral_tilt
-1.4232881627161724,7.516997490794525,-3.3312364874183187,4.863438395612336,0.4246304199564027,6.585511711345188,lateral_tilt
0.3575204154369213,11.139235622207874,1.192696528453734,5.443320583619043,-2.7205669207686256,3.757140325573841,lateral_tilt
2.7563656161354544,8.078038156460126,-2.7329745305223283,6.74485902342788,3.8302267983068408,7.207827055798813,lateral_tilt
-4.6919801671927175,8.79165437792376,4.79834087772661,5.7171818840892925,2.05272502327193,3.9222348667643416,lateral_tilt
5.924782669138983,9.39103145883594,2.600066545960823,6.498572048360579,3.0749063521513964,4.847157219522569,lateral_tilt
1.3051931608037102,11.29584534198282,4.772297235667258,7.559987422252622,2.173935790161111,2.9515391105098985,lateral_tilt
3.3419083629197424,15.785273039420904,-0.5730844084685485,4.292028883334876,2.3471508253615885,3.307288594172203,lateral_tilt
2.083987703153941,7.835429085882519,-1.090487126760427,6.955344612780666,6.092007637409633,9.193234182539232,lateral_tilt
0.6634903636742611,11.076096964091978,1.6812949755739828,7.767507650013404,2.2140822547167995,9.728672222663407,lateral_tilt
2.2293318134457727,8.63792659467866,2.222826391623219,9.991567802068106,1.335277455715334,6.498478794194276,lateral_tilt
5.290290450887608,6.778263916386913,1.0250528793514226,8.006290524338304,-2.968882361583552,5.722571333784819,lateral_tilt
3.1735959288561713,6.0873860485595515,-3.7833508368070072,0.1489339449126721,0.5196838909716378,8.741249175500414,lateral_tilt
4.468567879205,8.0035770327976,4.290440203825055,8.075906603766246,2.1030749766113535,1.346486439942738,lateral_tilt
4.686632810095853,8.716902688656617,-0.6567287087200886,4.951833839526571,3.111804513783553,5.16790932805019,lateral_tilt
3.8884714279496273,5.739935916319036,-1.2345410764540317,7.366035729606509,-2.193830778162905,2.7743811917523833,lateral_tilt
4.40375762120494,10.59986134935507,-2.764369501410416,5.384394189633514,0.3378081093868359,10.714254385087427,lateral_tilt
0.3036143332057044,7.2004146356869345,5.0546843694626284,8.578546515681015,2.0891515752084855,3.1688755475044874,lateral_tilt
3.4976701828557486,10.985946827480117,-0.3953331491436267,5.0789112077412675,0.8153286260880672,7.820090011369911,lateral_tilt
1.6227368282641788,7.844416076542861,2.7147261410947996,6.917813787118915,-2.5792688300616167,5.410722919038157,lateral_tilt
1.6007692483256195,8.108976803017994,2.4777263283130537,8.001843134229032,3.0373251539139012,8.409170374297489,lateral_tilt
0.4335009092849073,9.763153357935504,0.629442777892198,6.023977033945917,0.4882046044087853,5.5824434631958955,lateral_tilt
6.421893273584897,9.927352484855495,-0.9015016610628476,7.978877938150235,3.1493387043677608,6.795875164137943,lateral_tilt
1.8433533114127616,8.344778254464282,1.8640508616286149,7.58321260271968,3.77410661371309,9.105476442457544,lateral_tilt
1.8036964483226443,8.523067482488672,0.7659774415840838,5.122081950940303,1.5850565062152857,5.033263528095318,lateral_tilt
-0.996425966206099,8.064332413832686,-1.1992934034613911,6.321758592130899,-2.6799582169926905,6.757793956114092,lateral_tilt
-4.389258725318395,9.614399628042822,3.716200307225954,4.5565897062907235,4.736465894405856,11.268726681383171,lateral_tilt
6.219062801565013,5.315406687164489,1.5968448132283914,7.965416244995971,-1.61303519187637,6.536735238860917,lateral_tilt
1.1132741721636132,7.193963179056227,1.2475361237181433,9.027284431539242,2.5846936102253437,5.082966705494152,lateral_tilt
-0.1343550745174186,4.328215344134675,4.056779482079827,12.151056746111747,3.088507426212342,9.332315968252589,lateral_tilt
2.130009403004821,7.811294212052444,3.5925133109228966,3.714501175942227,2.297710463237056,6.955700558844674,lateral_tilt
1.8465875713261275,11.16356180899395,2.2904075573161733,5.668483108316259,2.0452799891113536,4.562994554661177,lateral_tilt
6.238768364978388,8.332474895686948,1.50008446828082,11.058823027229517,0.4241790655907252,4.445797934237444,lateral_tilt
0.1807464701984857,3.495734995686166,-0.1268506932568789,4.579678505369183,-2.0182138092673245,4.871781337542045,lateral_tilt
3.043571577318311,11.996209982673305,3.219509838947121,6.461529277849809,-0.8835355988996811,8.452938340718998,lateral_tilt
1.8527862417639824,6.348903829832917,0.6655515686969008,13.431880973111184,-3.012462350360149,8.235815952873248,lateral_tilt
2.7495540899345237,8.806227313436137,0.0969245177140676,5.172967185978117,-4.177850372386667,6.718393563150659,lateral_tilt
2.1132293565923383,10.114494104009278,-1.3622718067126676,8.345529013730642,-2.306252092298469,3.960841922800435,lateral_tilt
-1.9236594366401452,7.94083357049139,-0.9356748060101368,5.586625118747264,5.21206470947934,7.3265331527260145,lateral_tilt
1.858514902678261,10.478743589932392,3.4015330812587132,6.6334205648909945,2.238391811300314,6.070473840493315,lateral_tilt
7.372771395062582,8.74997040941388,-1.304559140800534,6.6616644151922255,3.17472267062323,5.662142153054519,lateral_tilt
-1.57373789427022,9.947690752188755,5.528889432984783,10.041808731244869,-0.2298080859648827,0.2720964796213501,lateral_tilt
4.224073807272903,6.351501972956998,2.7931588594580377,10.746365901674634,-0.0982132607660413,5.3243607093341065,lateral_tilt
0.820674900325729,8.303529017714109,0.8417419430466582,7.0358410554394,-3.8743291548874774,9.49592142343365,lateral_tilt
0.4460442213992681,6.624943296085707,1.3019755812527758,7.484154411291998,3.4126403630780144,9.387493901354045,lateral_tilt
1.5073149166985942,7.180865559554157,-1.6766709285414922,6.513340762438301,1.2447709785291343,6.508956504581958,lateral_tilt
4.681070957041489,8.523488386439624,3.1372598065910062,7.993819391432885,1.3435146318175086,9.140721209365308,lateral_tilt
1.5335512134711606,9.767289300340776,-1.3860965657274082,5.745020099546989,0.7667922776024408,6.399488163659052,lateral_tilt
4.266154427030179,11.069296871948833,-0.0562397385810848,6.880352680868107,-2.3255400647370035,7.288807352300633,lateral_tilt
2.1275088578753665,7.626845286630096,-2.7916563657148035,5.351689663057082,1.2485354276221032,10.541304136284372,lateral_tilt
0.7042474647391649,7.042192921689255,0.7824619417046565,7.493283530725666,-0.5540519082729687,7.716853755395149,lateral_tilt
3.433869037767545,7.935693420969663,0.1491487927927427,5.016947006982414,-1.827352915472401,7.639117275221487,lateral_tilt
3.78913451064586,7.272817762766086,-1.4721808690889595,13.580965511693746,3.7660389762940216,5.170171229269769,lateral_tilt
0.4252497369802832,6.0258725845890915,-2.166579987766524,4.885776721383694,4.994063605390336,4.783488670379498,lateral_tilt
0.8302531646037532,11.39617999118332,-1.048353981836434,9.373241245938289,-0.9719455068037453,9.559484056282912,lateral_tilt
2.80999738896082,6.11710623811227,-0.2425767266647718,4.065924018633006,1.0318576644488808,7.407489258581719,lateral_tilt
-0.9848023229384836,9.483237845416202,5.751622604305218,6.385379206390041,3.682283140512025,9.266142880736613,lateral_tilt
-1.8441854652192105,8.679171384700611,2.4232233081751597,9.405526446452743,2.33042904654646,5.894061354737222,lateral_tilt
-0.9643325835686865,8.712432406589569,-1.52026626690107,5.289394548711891,-1.1344514472266447,3.7802674697268537,lateral_tilt
-0.2643889055679949,8.718012480093167,-2.718436116009942,7.338728430791905,0.1484791691651046,9.618259126661696,lateral_tilt
5.353302862003302,8.686714606592215,2.9443376181196363,8.90949943090815,4.134995464692313,6.556250970613599,lateral_tilt
0.5208234762399189,5.672328425162572,2.2300101352573996,7.00055986998947,-3.906301878668659,4.094646929524038,lateral_tilt
1.2621878061163254,10.915349152152622,1.4137289103328508,10.181208327121896,-2.730189015789076,3.679146074335543,lateral_tilt
-2.40042706282486,8.86404249206723,-0.0281510762087089,6.844659833826729,6.093310360927384,1.7699160687858253,lateral_tilt
2.0712054442954795,6.133588703680463,-0.4077026926309341,7.077017837494875,0.5845947397512636,9.326316548843277,lateral_tilt
5.351880941291931,10.538985611490409,-0.0869867334305425,3.966341599617692,-0.5162058869873074,2.44256259499109,lateral_tilt
4.243712428382909,13.171317970182727,-3.5476275382563696,7.460298495820424,-2.129834823057987,3.0154558803144864,lateral_tilt
1.6727129818106778,9.621033123697774,0.3317074420804777,9.258801709508754,-6.226570791545208,7.385773453797151,lateral_tilt
0.5312717127364149,4.973831458968062,-0.7233226702001798,3.344723862011463,2.5812611052304018,3.2556790607969184,lateral_tilt
4.023964919727985,7.835189514818918,1.685097101623258,10.409018237999248,-2.986433772646391,6.243378566373421,lateral_tilt
0.4039315819618165,8.119952735918256,1.0939083784527792,3.3966456357115757,2.3290039038742085,12.249922810966185,lateral_tilt
4.722829588593612,12.573296293604033,-0.19881248657946,5.695583356752321,2.44101641372493,1.8797247190286583,lateral_tilt
-1.5212055106726905,9.582659866853298,-1.7826602529679438,5.801615143359789,1.8302086621786504,6.033908960446115,lateral_tilt
2.471618115083277,15.503432474087449,-1.7215871076475966,1.4559772996199634,0.1284459401548394,5.282082042427138,lateral_tilt
-0.6052467243034716,9.304131648978965,3.065364040101289,6.07494383540689,-2.3681917209318257,7.49678200447586,lateral_tilt
0.8016243823576958,10.588333588412087,0.7970170396613256,8.250282074052167,-0.1273277590191712,7.340188531263366,lateral_tilt
2.748897270623007,9.397120181697296,1.7203751038506367,5.33738520499222,3.0111060934543445,9.472015602982893,lateral_tilt
-0.6393564498787678,3.865669396952192,1.45728640905064,6.7270172637486185,-2.16480399796714,7.655385240149194,lateral_tilt
4.336599249552642,11.305508333233425,0.4917042864562331,5.29961908562045,-0.8797932761624765,9.95783911694538,lateral_tilt
1.9544530814679004,7.843560851710944,1.9341335140528704,2.2757412909461365,1.5360474442101204,9.703458495309087,lateral_tilt
0.4471744129972899,11.881897576536907,2.1430620298733594,6.28614593673194,1.9198268319323673,9.495563483003217,lateral_tilt
4.749678108826512,13.026306196052484,3.3272184569795935,7.264425958810308,-0.9851043594436372,9.537360267137425,lateral_tilt
0.6705530705696945,5.711956930072702,1.77634909478551,4.023135498158322,-3.0214782406482152,4.517163340965158,lateral_tilt
0.3490191683583621,6.998733411465092,1.6840364529142628,6.479486855025085,0.7300764637825443,9.173209265987955,lateral_tilt
-0.4693060831637978,9.337901416337797,5.90888208385954,3.18134660970324,1.365730668108591,5.5928609315659825,lateral_tilt
0.951469197569824,4.336538404397501,0.0310477718610748,10.636346152219394,1.387320312720289,4.373586526241415,lateral_tilt
5.085002509326152,5.553568038074566,2.6818919679985544,7.613089619735591,-1.416597923011495,10.01079070498738,lateral_tilt
3.8741037465413353,8.48081484078874,2.69409275481222,9.287169495244624,-3.4877333679563476,8.629822676977106,lateral_tilt
1.6644617236868735,8.349613751487182,2.9492404554487357,4.699619421355786,-0.7020740977397868,4.318037616180893,lateral_tilt
-2.1929110407809542,8.944574499263586,3.756730115185946,9.0121398454502,-0.4757278989076581,5.175580735192399,lateral_tilt
-0.581191554308472,10.447826563970882,0.5509240681862116,4.874505635463361,1.0383756858319464,2.556929072701248,lateral_tilt
-2.5956141477363337,7.236381975866182,4.028568759081076,9.17931106046034,0.1510081954768249,5.223290154510873,lateral_tilt
4.171373896138249,5.807613647805134,2.7117871351247302,12.37176573484263,0.5785723318280253,9.944935834813537,lateral_tilt
2.8030394779718124,10.032063304173302,-0.3955756559944607,10.180496385625244,-4.410829053357001,5.4462925070840935,lateral_tilt
2.970393161089662,6.265416948402274,1.080662026928132,5.61351689891862,-0.9661887519144904,6.043537803968896,lateral_tilt
4.436904500582596,3.69195928447562,-2.57797083308938,3.2039607529282947,6.090030142077489,5.887068945371536,lateral_tilt
1.615529009177293,9.003486396788203,4.735354743167063,2.0540377085672894,2.672340284514817,6.017111937876052,lateral_tilt
1.5654628729644962,6.728779746177272,2.5973920355318634,3.3049943617395394,0.9782181513736544,5.41236849941035,lateral_tilt
-4.228232017210163,9.341780738551527,-2.9258145356325413,5.654407174813027,-1.9712427269919577,5.2046648583328565,lateral_tilt
-0.9610326154380302,5.999323693058029,4.770776871868876,3.362769586776724,-7.281413581281083,5.468949825375232,lateral_tilt
3.9298258586015846,7.519425971639941,-1.065913213164671,6.817576420296804,1.158572342593311,10.695449805312176,lateral_tilt
1.0456661559602352,8.09990331605164,-3.736452876180757,9.748961160819174,-1.5534537153481638,7.313712780811544,lateral_tilt
-4.121241336249138,8.491297878566995,-0.4518527263911256,6.6957782857818255,-2.0127408175575727,6.137415771178943,lateral_tilt
2.520240146424861,9.583631104248704,3.3353536055842365,11.00226997972229,-1.4582327769477728,5.700419339679802,lateral_tilt
5.391040088929417,12.44736273179494,-6.546391926419481,12.016021594282345,3.132238387984522,8.486896306179835,lateral_tilt
4.593661479333846,11.87173299661378,3.1966371254509474,7.541386845945515,4.745856693743214,11.4853093518361,lateral_tilt
-2.430576360195324,8.687218960928895,1.974863998458592,2.9223309370125525,0.0313477499621446,3.383595084601434,lateral_tilt
-0.3529066715870732,10.791419034444251,4.950849427057424,6.797961067091106,2.819348889960378,9.14356821778534,lateral_tilt
-2.85520614426491,7.257368782910794,0.3530889703190527,8.103549399732376,-0.3380514522067634,6.636737163436566,lateral_tilt
3.632537970608744,7.292805701772163,-3.759398514111483,10.05701980533352,0.1047003390841648,6.60927599247996,lateral_tilt
0.0804803945397365,8.609751332808472,1.725219749088581,5.347897008118548,2.081359070998505,8.826333298311479,lateral_tilt
0.0620338758912089,9.7700307276365,-0.6003662627342494,7.565760519362836,0.7702479422644298,4.717019239084669,lateral_tilt
1.2495680780331084,7.652279263682932,-0.1493534876575979,7.505186265403283,1.3373149119417644,6.740023169992625,lateral_tilt
1.4894952115221098,8.339490512618216,-1.4768422968532104,7.930203696668466,5.06340589128271,2.565927444707538,lateral_tilt
-1.288116340942035,9.202227816502928,0.0698391866716853,5.511735755765044,0.1042243603085594,5.11802270613705,lateral_tilt
5.089641160214745,7.872915820471923,-0.4026271300556701,6.412087804372257,1.5114169761863157,10.613387380676862,lateral_tilt
-0.2231915578809693,7.013755693933194,-0.3728162024739434,4.1894997576325546,-0.9124903753159816,3.3008803791268924,lateral_tilt
-0.5733009359034247,7.9820957772649,0.0469067818178162,10.237517874846043,2.2789275461327443,9.675220063137242,lateral_tilt
0.7946876421556626,10.231939424270594,-1.1610757841838444,6.033762774193025,-0.7771587767085224,5.98823191619428,lateral_tilt
-0.5341614378438817,5.211404335281845,1.8001454787331117,5.665388390462703,-1.124166022528471,8.987171734469847,lateral_tilt
1.1259101393705186,7.6791976432736,0.9690851543940888,10.679272245904723,-2.5424448953513856,6.374798502858834,lateral_tilt
1.9442451144755997,9.98782796478442,-0.7782997763664201,7.704795051877625,-1.1866479603645097,9.74673322748356,lateral_tilt
3.2217818613869236,3.626024568184918,4.547661033393803,9.459340109758909,2.3243443083417628,8.168047348261322,lateral_tilt
-1.8468092653389336,6.6780245090565415,-1.1269568715703835,7.606507032637354,-1.41417046001604,5.295707372661186,lateral_tilt
3.664186627918424,6.388242503242543,-1.0945576529194545,8.616859838546612,3.503292394421341,9.789554600040557,lateral_tilt
1.7071621046724903,9.811461707619037,0.9254905453713984,7.672012336098078,1.9833416888874176,5.659833258735648,lateral_tilt
-2.276365125923741,7.564024916982715,-0.6925279419758588,5.666140935442296,-0.9194607370635774,4.18371686305063,lateral_tilt
-2.2860351559953016,4.236980980559958,0.7937162027215138,7.841503568905417,2.1717511909872504,4.412925223633318,lateral_tilt
0.1424451340355257,9.35899383794554,0.8135183074798091,8.375321203044699,-0.9423536503452415,2.9091188574020985,lateral_tilt
-0.5007332040184416,7.1823347044005645,0.9114496482712262,6.285783629769341,0.7551800793755032,3.9408506346732137,lateral_tilt
5.563325772687987,7.850697072308669,5.230782547762189,4.283222971538182,-2.604187576159078,6.588428542721598,lateral_tilt
-0.428173541693702,7.97770510657282,-1.6142374271947806,11.626952856089334,-0.4572741250950478,5.482460270483072,lateral_tilt
-1.414935464201153,5.824198628370406,1.6196157047545618,6.00418246779593,1.0567262918714682,8.217068738632097,lateral_tilt
-4.730974128957668,5.880562634652252,-1.7923522102559095,6.132096293953875,2.449624030261413,8.219755207230996,lateral_tilt
3.7944303763787506,10.483156239887576,-0.6123211508057447,12.58278979283044,3.8254152384132967,4.611347996517795,lateral_tilt
-0.2323925113280378,9.290219555272332,3.109475064703938,6.621506270146477,3.3652186024000104,4.8236420964582924,lateral_tilt
-3.88397028236138,8.833748547653428,1.874038327570964,3.835908887275473,1.3610500959556258,-0.933265428231394,lateral_tilt
-0.3702274571216564,8.074440520072052,1.7233472641074612,4.434394061742751,1.5291473329726153,8.088113841509891,lateral_tilt
3.0255875142349904,8.04489892228586,1.943886832094776,8.232989221224697,1.9868552620997275,11.076859562078155,lateral_tilt
-0.9208396581338972,7.029728502689226,2.8812084426855464,7.955084264290027,1.420763689339961,9.223180617327747,lateral_tilt
-4.356195844163368,9.84294953635434,-0.0150728860317883,7.487905117854545,1.549179943344816,8.860537100629536,lateral_tilt
5.663130584861739,10.512356434093368,2.562044557634688,8.946935769944455,0.3532327885912607,6.256635077768168,lateral_tilt
0.0133175320945786,9.103522790925116,-2.281221725840781,9.948157896448071,-0.2564210475530457,7.31312918963586,lateral_tilt
3.477850010889709,9.582126006299935,-1.945449218335692,8.88796243450986,0.0880111083814171,9.276882931036605,lateral_tilt
4.211193812143219,6.657746619420503,-0.1665474204391137,6.803523010077951,0.2702761720043937,6.360258833466011,lateral_tilt
2.016694071347789,6.55826486756964,0.6659306756830718,7.191295155609279,0.4767563574112307,8.854047533878727,lateral_tilt
1.0638901642867946,11.76991048137336,-2.329782775977716,2.9402053935750825,-1.0685731331230115,7.886596770329518,lateral_tilt
3.407855751774142,12.495277239379398,1.310940305752324,3.4579411801270252,3.106202925582773,7.0417991053072075,lateral_tilt
2.4129225026208028,9.933897092193565,-0.5082421219453872,9.476417068606974,1.4122432542818233,2.330836834522845,lateral_tilt
-0.6953042590136316,9.582432320109088,0.7154380692313076,5.143352085569054,-1.6623653127925808,6.909810158983574,lateral_tilt
0.2347767720202787,11.187553036277274,0.4383002459253247,9.148535636898632,-2.032605868443655,6.48934265589031,lateral_tilt
5.138503344315479,13.927982152656238,0.5335668673615883,2.818988685469119,-0.6700462975924175,10.110858529949862,lateral_tilt
2.4678707901522663,6.637553081287361,3.066132777146906,5.309823211765976,0.8013999808492386,4.40097906989832,lateral_tilt
0.0701786345039179,6.943465250101703,-1.9530029328722,9.517794558530934,2.8383104170225355,2.027469023746397,lateral_tilt
4.677575248577851,9.633054755707244,0.2551265879669425,8.021526868909794,-0.0176835771594661,10.18620501844564,lateral_tilt
-0.2438548561877864,8.683048625781163,-1.787815656658719,7.487419264976896,-3.2470564299661016,4.861681191998014,lateral_tilt
0.1176899594094149,12.405886273433074,-1.9425790786326775,11.326294879569897,-1.8453660782360288,8.722469372959107,lateral_tilt
2.8498772518877575,8.41732999659558,4.308352306224845,6.892939052311203,-0.2749785215370979,7.052104425725882,lateral_tilt
-5.867260548210036,9.324557652171276,2.2275098648943836,7.408569550965328,4.811837530737133,6.345559844323598,lateral_tilt
0.0068026603843807,8.965171081176367,-2.267745860997831,6.503327165442743,2.3414483807681776,7.903933676427761,lateral_tilt
2.427169481177562,9.091792802565983,-1.4145669272399104,2.3128358612457225,-1.6783359805856255,8.19637413655263,lateral_tilt
2.8050515877769167,5.151205191087407,0.5179847817314689,9.415313313825775,-0.5580037509408426,4.37095689953323,lateral_tilt
1.5821584349505329,9.723029561660752,0.708779118422413,6.812432499007998,-0.1569460042738955,7.601236240408344,lateral_tilt
4.232397777241671,8.636529457275175,2.0334300728259893,7.7856685545029585,3.2261565922666646,8.143302737798848,lateral_tilt
4.152000179514869,5.785092073145734,-1.5456347535443211,9.440346725167302,3.048903441845769,4.746876138989809,lateral_tilt
-2.440772491928114,11.406620146715484,1.9063577277324033,3.641976523540248,1.7868934727699832,6.9508467266597185,lateral_tilt
-0.8983874016203073,8.042746081440182,-0.3448599158328509,10.676654976630722,-2.154988804744562,3.5863961844473575,lateral_tilt
-1.8132034298811024,10.745756374222587,3.962907578598351,7.856127197942254,4.165258559656201,4.765583481258124,lateral_tilt
-1.6934278338765445,7.476699463533286,0.8150380461593278,0.8062347034274593,3.077267587584373,3.4406378833593276,lateral_tilt
-1.0963521425893896,8.076677857212381,-0.00708357118701,11.514172195290662,3.5819954890322663,8.138885895721131,lateral_tilt
4.812511637364096,14.39903564775026,-3.856426428593516,7.471133991073207,-1.6308375095404697,12.172479029148631,lateral_tilt
-1.676220613954554,8.217547192233473,0.7300407849684745,7.835936867183246,3.2080663347348484,8.736147107762822,lateral_tilt
-1.4645372775373628,9.775630556012546,2.652882321653366,9.33355738618966,-0.0118548377049345,7.155041435896189,lateral_tilt
0.5957075304568386,7.375874515392965,-7.438947750444001,6.024013832207144,1.2466744380476802,8.40975727143911,lateral_tilt
0.3344315207072199,9.871158183851426,3.508414731822864,2.684465095105276,-1.8036323794370464,8.563536494557713,lateral_tilt
1.0988748918359152,6.959931140705109,0.2985707335036184,9.12411195676663,0.0997224806249845,5.634739320549961,lateral_tilt
-3.2821283833695736,8.394170260849467,2.2096028125661538,3.3704131370789128,5.243236920076134,8.767085365932315,lateral_tilt
-0.1617522628775349,8.383758547183605,4.413900926080444,5.526052510159681,0.4973114190236153,7.625136677962866,lateral_tilt
2.7171051724187274,8.296360030555302,3.4888167291852854,8.44379238651803,4.993098982436142,8.188727118163674,lateral_tilt
2.766469179243189,8.182103507812789,3.7611942595936663,6.042262697100515,3.5798834021510224,8.104697653694423,lateral_tilt
-0.8076809907889437,4.3460475270550205,0.8093046206510434,0.0816864434940054,0.1262656107400339,8.6508313985418,lateral_tilt
8.287042348715804,8.523565901409434,0.347478189569216,5.527099030027645,4.554697834490797,7.257429683968208,lateral_tilt
1.981547868967341,8.953652658701596,0.764318206922585,7.09892431033412,0.4400000557458473,3.216180504115014,lateral_tilt
1.908619366543693,11.34464443992343,0.4604231114096139,7.568314767057975,1.1221240533897858,5.615868612796123,lateral_tilt
4.743243834813864,8.259038409212756,1.5361581686688783,6.355688596034262,0.6015596499492193,9.593424483908995,lateral_tilt
4.708386443220514,10.198432926435302,-1.1486493086200422,8.551252247747907,0.5410302633823383,5.73833041561086,lateral_tilt
-5.323510962309335,5.841853283671805,-0.1490132468937011,5.565742139268371,0.813013154737366,5.116897495400502,lateral_tilt
1.380035512873547,11.91553696301447,1.7906844506492845,9.022471523072522,-2.6183161532123895,7.202321242369566,lateral_tilt
4.236406136534489,7.251995004310174,5.675346732053264,8.958664120811836,3.891223780460442,4.7037900370972086,lateral_tilt
3.2706655491434997,8.528424771996235,5.72320613562563,4.549029371291313,2.7391882490392234,7.565391399115462,lateral_tilt
6.838302809939894,7.633125272479393,0.2294601795979252,5.176407377880876,-0.0413623030227774,4.887760353389155,lateral_tilt
0.1907392927761866,13.372407778619047,-0.9632948006580956,9.314760441819296,-2.6144898201273623,8.339137859103422,lateral_tilt
4.443021968542287,5.425292211783649,-3.42855637860961,5.825675508776006,5.3853364109059765,4.490690847763287,lateral_tilt
0.7485765235368776,8.58823847686304,1.5482722828301352,1.561128057531075,-0.317443882015102,4.692913012054376,lateral_tilt
-0.9821717634467456,5.675831351723658,0.3823014079807013,4.172531528786035,-0.5730966332814382,5.27298383375895,lateral_tilt
1.1854516211291677,5.228289672527152,-1.1222616409261614,4.833880575119004,-1.8827283209065384,6.11624826107554,lateral_tilt
3.7669606666885738,6.506286256640529,0.8253703295408925,8.726752223371593,1.8146256667322476,7.451300763290757,lateral_tilt
1.856721030504076,10.784018043920083,2.14909329518704,8.689161133142441,4.809254638667326,6.833913538839946,lateral_tilt
-0.491953081672938,9.355248703893452,1.8734088837059493,9.750982230696824,-0.3459959080319843,7.7690295573581185,lateral_tilt
-2.06242792953853,6.689090920491348,1.573931602685633,8.28929904792534,-1.6361313690257402,14.944420603223405,lateral_tilt
1.3041728776746069,8.575351653287944,-0.2004057079826111,5.858252138266217,-0.4886731827096477,6.779954831553145,lateral_tilt
0.8171193837002455,9.130084949837192,4.461262406627585,8.34625789159761,4.160711438086491,3.146850681908156,lateral_tilt
5.385706104027564,12.056057388214557,2.8360646320241676,8.570257424584263,4.224452754905947,6.633460681197555,lateral_tilt
-0.2019389158129505,7.026441471282773,4.323835609926311,7.243722347559242,1.5306636403892804,4.346391426339284,lateral_tilt
0.9333444906900012,12.796099039006783,-0.1331488148676058,10.134336965549336,2.422869302676051,3.2758097550973604,lateral_tilt
-0.4121230707702576,7.863480034965291,1.5946878908721684,2.79655777071184,-3.689956836460058,3.725976580242423,lateral_tilt
1.479098031821358,8.641766622098164,2.462383732716111,6.931964669055358,3.239592229059544,7.6971189330443375,lateral_tilt
-2.074310607575928,8.098366784084813,0.4920786775383028,8.893260559436868,-2.7522349630586085,8.627456696266913,lateral_tilt
3.0128325393973734,9.53017784266506,-2.451630425275349,1.0286713438057848,0.0992932173070482,7.8129232831554205,lateral_tilt
-0.5858454664566568,6.491598918085765,1.2958755028085909,6.473662649117519,-0.92763594348474,6.404663577938399,lateral_tilt
1.1021263211556802,5.799332350548268,-0.5974626351666941,8.42775657147842,-0.9909857342518652,7.45016860143458,lateral_tilt
-0.4265448753133471,12.325464059491402,0.2134963813948778,1.9335555585014117,4.601600240042611,4.894682065420992,lateral_tilt
2.5054945622808784,6.8944188038900265,1.0859844882689578,5.721851355326182,1.421362762797468,6.413569436285452,lateral_tilt
0.7441260841706234,10.024878468329945,1.4605430738252336,6.144956635488063,2.9040806394126877,5.920328733435525,lateral_tilt
-1.383706327221609,7.0244450842359125,-7.302786388972848,8.40918413567539,-0.1250915314204923,6.295314557022902,lateral_tilt
0.8283053061876076,8.357907869482625,-4.449471653475614,3.979241210851668,1.6691838556124992,2.301243017716492,lateral_tilt
1.0320861303403477,8.545577492842792,1.9280169086751469,5.215927766988832,3.990659969683886,6.451174026332245,lateral_tilt
0.1400414665682909,9.982635125707551,-2.463401296111236,9.063892687173912,1.868440113676993,5.528732332202868,lateral_tilt
3.9027336430802086,6.361180780148441,-0.4539519080680452,4.418666809476473,-3.382710031264351,1.9681800873171424,lateral_tilt
7.60313961316335,10.57274610004584,5.793219921514385,6.045572008314893,2.3237747405311007,4.645392097478812,lateral_tilt
2.9710904506007685,4.7250170735519825,-0.4433550392708345,6.647125819142985,1.8937655086825909,14.719402968471847,lateral_tilt
0.6856527670434501,8.80682226926371,0.3931785267224273,6.688628800783941,1.0833361597632547,9.717368215291048,lateral_tilt
-1.4067760983194035,12.059747343117127,-0.161004453524777,7.268812501076997,0.3958905138034727,9.427797661843927,lateral_tilt
-1.6968396370481411,9.340807423303202,1.037808153961384,5.799576039481915,-2.264730658599865,5.563442951684863,lateral_tilt
0.0180019170533827,5.746683428075725,-4.956905880182663,10.0187579873798,0.7415150993901345,4.932372886381624,lateral_tilt
-0.5345341048223227,11.744791264151903,1.56635687732749,6.856242578012709,1.2511703545780162,9.656443517410375,lateral_tilt
0.3112881470263928,7.414916614191,0.3973419438355478,8.050774543713011,-0.8595827570642258,7.88406852339558,lateral_tilt
2.9795029778625395,8.811658483518892,5.657172803500442,6.120849540414462,3.9482092785904217,9.248659428489134,lateral_tilt
4.46251745895754,8.735174602978809,3.521039924857478,3.5136789053363087,3.453772892939611,4.829104590022778,lateral_tilt
1.3999069811972518,10.462816463650135,0.2253877465898172,6.290784447682068,4.632531355622957,8.609878501297327,lateral_tilt
4.790862093798799,6.21091925910385,-2.0568756968454376,7.840657377964739,-6.471651861201259,4.4507124428315255,lateral_tilt
2.2250945076347546,6.1247385771358775,2.490203735331217,7.990799205019657,1.7849764304375195,3.454559832981703,lateral_tilt
-0.0755801841160976,11.987754766255744,3.4283607113537036,7.4675193036868,-3.1261876134199262,10.392902224246647,lateral_tilt
3.0648302399322565,11.27669421013523,-0.6035394750585854,9.284279130856476,4.224670558404777,7.188490585358021,lateral_tilt
1.9652325521898384,4.790052351331456,1.5588094063538422,4.63117314756972,4.0406417743700045,10.129816580786803,lateral_tilt
4.632645525609785,11.336921537166912,3.940027462994266,8.271338294067826,0.5743927963991949,7.575357435788428,lateral_tilt
2.556571542981415,5.709839559820263,1.2958255472455056,4.142643634041962,-4.234561890702695,6.927967859364157,lateral_tilt
-1.4623798530651873,8.489643537639614,3.6736184703104744,6.380209935642478,4.812336254384754,6.961921625622559,lateral_tilt
2.9246909399488064,7.867282897464722,3.4843506571698932,7.054282546212106,-0.8901359163720117,5.450382510421928,lateral_tilt
0.0221329251859736,9.67130900704709,-0.3434064732834998,5.201695782979566,1.6217058737412071,9.54001634727869,lateral_tilt
1.1735613567620715,9.660801402066662,-0.0896433874535169,9.70815444073576,1.9533267825885543,7.88849715162935,lateral_tilt
-0.0149751152122799,6.080619151132249,0.2310565260906403,4.095621749558972,-1.5569381005761864,7.911245510118743,lateral_tilt
7.332541045631721,10.66848623249494,1.0314394240007856,13.308433328498896,4.0398196539343765,2.407995339223021,lateral_tilt
0.0244634694987762,9.715718261852237,-3.6398332179710913,7.254139403915073,0.4987564652516013,3.734139607307228,lateral_tilt
0.1393139176886546,9.064470085213802,-1.010903754406543,5.127970822441057,-1.8943598373258588,3.2962725678279385,lateral_tilt
3.158183453161195,6.206845894556782,2.193972048882512,7.078972515381445,7.306199687185782,5.582214574819222,lateral_tilt
0.6264376234107315,10.769630962274675,1.5436837075355614,10.31375054930314,3.057645416842332,5.713890524255927,lateral_tilt
1.0837860392961352,3.937555632597208,6.443300952605553,5.432430370424013,-1.627974672844979,4.653153186737681,lateral_tilt
7.770765682641408,7.673353344059171,4.734820359105494,7.920880009602428,5.3171472103662785,12.56544500960444,lateral_tilt
3.943158425757806,7.870553315184052,0.8763335716918712,8.521229121695196,1.2492384527655174,5.975900016452094,lateral_tilt
2.41799949693847,1.0831173281481732,4.773809981747136,8.794346766647449,0.7213215744907903,7.774718119802988,lateral_tilt
4.367407170637923,10.964870958286802,1.519800168459894,6.24866003705308,0.6378213973665973,10.22791601070045,lateral_tilt
2.1674394578189005,6.774968500463537,-4.310067689697128,9.731344584020755,4.996434910871892,10.164589946507409,lateral_tilt
2.8061130273167354,7.021960951894066,-1.2045462474635484,5.4288932771116345,-0.3214921827728003,10.370020552046732,lateral_tilt
1.7535574105991447,7.153184299133897,3.1069350752475673,2.7915446673929356,-1.0842691121543644,6.256015274613964,lateral_tilt
-2.5334205905123497,13.762716598336254,-2.312892887994405,4.99956175333974,0.8191829833037658,1.3461922197193763,lateral_tilt
1.541752168168876,6.10518040126183,-1.7603636416597976,6.283195762949843,-0.1128323444894612,4.023364806251903,lateral_tilt
6.379822723793559,9.767440864570354,3.95725122346881,8.924351603667446e-05,0.9948432413955244,9.28465599495555,lateral_tilt
0.7388549471294263,12.90618291217403,-0.4293395568733342,5.827173209681344,4.067838557876784,10.209725384419404,lateral_tilt
0.2420912023841082,5.418527339577712,-0.5739855796594941,3.3598837666339163,-1.7340146058861718,7.572027951082514,lateral_tilt
3.0093325404755547,12.37454651582085,-3.153011012959807,8.874245053612173,2.370196742250622,7.784023236038054,lateral_tilt
-0.3966630038569299,8.253479002488307,3.815983624305164,7.110161587282344,2.355947796182796,11.504806148120904,lateral_tilt
4.351964501131186,4.32166933091307,2.46380383214217,5.162562246856835,1.5325220181466377,7.427634345538408,lateral_tilt
-0.6159957644442193,5.991745422561259,0.4655743798441277,3.748874427695215,5.1602579611649455,5.602170929727813,lateral_tilt
5.0847111704906744,11.890266785525814,2.323249834859173,8.330056080681965,-0.9392018604162876,5.249618296963177,lateral_tilt
-1.075215137261075,8.018483903097986,3.3409503365415554,6.715008617900934,6.91442392278421,4.56791567277759,lateral_tilt
0.650040694121202,8.837003558225508,-2.063836805537256,6.706474249137826,5.682361384998766,6.454154833415725,lateral_tilt
1.228458362654144,10.022461116231089,3.182665165830249,-0.5849734053631721,0.5098229746987915,7.547279028431966,lateral_tilt
2.2494871854079097,12.186243418926288,2.6158004078395636,6.345548194143233,-3.3390984004252067,4.184402218528623,lateral_tilt
0.0016107373675076,12.820823451415832,1.2375697131801826,7.6061254515895484,3.888579439392002,7.534385507368469,lateral_tilt
1.670516956507091,8.713359888801275,-3.3442154956133585,8.813547067894415,2.844980248143342,6.324883890680088,lateral_tilt
1.030745985314908,5.792898677829141,1.018376687299248,8.817806203713733,-1.7968360854066752,1.6868444685312864,lateral_tilt
2.947653931736677,6.837420274240187,4.257321054864528,6.824925557979888,1.9677273599839364,2.9222146430718623,lateral_tilt
0.6312492507352239,6.970987134488539,0.8003771162805101,5.897058273015599,-1.3057392919251718,1.9099867916079225,lateral_tilt
-1.3409379167596431,11.27907868535263,-0.6400868956016375,8.698453432529766,1.3791201790273069,10.509665168169663,lateral_tilt
-2.3775654549583,8.546976278269852,4.939301125934413,5.620812154883305,4.562989997197599,9.80731540083883,lateral_tilt
-3.1656148371239734,4.772300190971317,5.32325216511189,7.085359733350531,-1.100711096553984,6.498803204828736,lateral_tilt
0.2175643900804704,7.094594145163182,1.1806228355905068,7.53757985735864,-0.3088039995927876,2.944853757080172,lateral_tilt
4.183416456112431,5.37193021155581,-1.0243386684745288,10.91947877448916,2.9739312966335527,5.789530294613053,lateral_tilt
3.113995197398864,9.551916406296463,3.2246423794637367,8.65576724161992,2.559911691985584,6.801521369033947,lateral_tilt
0.1345847394549508,11.594345264373064,2.807492336560808,9.05480370603975,-2.736157528415802,3.7044201516099218,lateral_tilt
5.701914283470475,8.80754668381689,-1.0450054618543656,5.458174725108996,0.7943844956071976,5.123665079498247,lateral_tilt
2.5829601681788565,8.548227200934857,-2.609822306230568,7.85888644259984,-3.209323687574737,6.444228652718922,lateral_tilt
6.188063471208471,6.06116766096342,2.4954303758369862,5.684022837223306,1.061285090189553,8.419844158791342,lateral_tilt
1.6785520814527315,5.225058614062501,3.5824355872850773,6.466418257280189,0.5278784373270977,0.7919034134624017,lateral_tilt
2.6713281422628103,9.59343168544917,4.080510593534778,1.1864496146508,1.18067343951875,5.09037917035035,lateral_tilt
0.9067194145119544,8.570800659194411,0.0198805433322135,4.46176906437546,3.369897505644495,7.553400635766772,lateral_tilt
3.0580897415970436,5.677338945419246,0.5679666202664844,1.4390397284778285,4.892804475004264,6.333497432445066,lateral_tilt
2.34225815994154,8.015013018583437,5.189090734613906,4.846779744035247,1.930685944121447,7.521213345366175,lateral_tilt
0.6089321986873033,7.736727116203588,0.5130259467919109,5.441007799168401,-3.0129635916554953,7.24799941522224,lateral_tilt
1.7083633774377298,8.700905814907575,0.1712515292512143,8.902935097629097,-0.033450139019164,6.601307355792525,lateral_tilt
1.198392414675413,6.713339707897519,0.5479813872819346,12.077896782683078,-0.0747133728075073,5.600222266083321,lateral_tilt
-0.7816969017396675,7.882070969389002,0.031278341825774,7.698100253052499,0.1033591653017266,5.671901727804013,lateral_tilt
-2.775437753479486,5.392821034842163,2.581456999105493,4.557319634646497,3.3929286813300115,0.8273068176189966,lateral_tilt
0.8933338464321937,3.981025877046356,2.3581424124356833,6.866968909317542,7.250729746726937,4.77586123774764,lateral_tilt
2.134208885745242,6.705902155973648,0.6625244300573465,7.648989116747384,-2.4868721507760574,3.740603593494209,lateral_tilt
3.434692933607055,7.256576167149343,2.43596587783469,7.77263609526072,2.9026031924040483,8.286374403658765,lateral_tilt
1.8348547073800328,8.684717340311385,-0.2421903183538205,7.753106200228475,-0.7292328042544953,12.599686167463751,lateral_tilt
-0.027971255625715,13.943233618872664,-0.2294165316405072,9.267176336525711,-1.280973612423607,5.501858385135095,lateral_tilt
0.560179386321609,7.07024287547519,2.9793631850218056,11.147174236138325,1.4529613531990715,4.897220864618076,lateral_tilt
3.961482237239492,9.648938720777664,2.968190732807285,7.109770754692892,2.7766807967268203,11.544439532937664,lateral_tilt
2.9431559180022986,5.497952500412399,-1.062401716478102,0.6186496199481253,-2.827282321485032,9.685158958790373,lateral_tilt
0.4942249431181933,7.272627625670334,-1.0782197387047252,7.991569848053643,-6.684266506651558,9.96217773448511,lateral_tilt
-0.5828538083224157,8.593917146768131,1.044580636324394,4.5249657152421525,3.464909299329565,3.4933212305700203,lateral_tilt
-0.5627432498638107,12.360231658810116,1.194714317451687,0.2310857658197296,0.916153182885474,7.462637919844585,lateral_tilt
2.1566049696792264,6.469576320684176,-1.4149273115288403,3.5621265198992424,-2.8250408904188316,4.841654191219245,lateral_tilt
2.008705008630719,14.092427692654072,1.8916690181246172,6.288724239151945,-2.727005712727398,3.1766023526648404,lateral_tilt
-4.808643406281175,10.301598078393168,2.60679288157871,9.22315856189744,0.0476617675746671,6.693409325710242,lateral_tilt
7.86513633985698,4.872240033833155,-0.306302323524092,4.6325430859566294,5.080761718593998,5.484621458565491,lateral_tilt
2.6283688696615815,10.595035136340776,0.8179439185241448,4.6342154431305085,-2.1529838485737445,6.248260317957057,lateral_tilt
4.43703514396423,8.395849941546663,0.1805123603063422,7.451240140195203,-3.897452361884568,6.539771645999077,lateral_tilt
-0.3772333484099867,0.44262832460158413,-0.3902512861821664,-1.7567088148382364,-0.0223259839016845,-0.5266928789944472,normal
-0.24807917876501331,1.3373858666504255,0.0913918371485451,0.28433435749511454,-1.0245746501662465,-0.8408351874364345,normal
0.5260098815451111,1.860297947035288,0.9181053667430994,0.5130759427973943,0.24286253670675606,2.456983773399597,normal
2.0480886577092217,-0.11273105965428867,2.372670217721807,-1.474166723230876,2.201409320827202,-1.875464900707843,normal
-4.732648037076796,-0.03432384924284759,-3.468587280309684,-2.129410833594949,-3.3221108613215997,-1.9125389165416036,normal
-0.08095180670383138,0.3777866446089687,0.33824333996138645,-0.09096456506558953,0.3474707855724706,0.03764237071532017,normal
-1.629945549748011,-0.5767302402480845,-1.4540633872371074,1.259697581755682,-1.9094049641883948,-2.174931240627024,normal
1.941501183610801,2.9685923179828717,2.6780230128931226,2.0387474959988947,0.39857988442821113,1.6006984236964859,normal
1.9326165712629622,-1.9122802497753706,1.6533177827822165,-1.4418856227493357,2.370415307854406,0.15589090778329862,normal
0.7904974616790463,-1.7456862892065996,2.0017543833989273,-1.480938022778294,1.1837269165857929,-0.16480256867491805,normal
-2.9199549937859466,-1.522965564465291,-1.9011151110562934,-0.02472595690990631,-0.49213136334817564,-0.4589537585902895,normal
1.3905214491624889,1.1453092515590548,0.7416832107256396,-0.7589902506244637,1.2454368098752815,0.6330011807766004,normal
4.016363839015517,-0.4037362293436428,3.728331430838875,0.07025908358541263,2.040867892032038,-1.1733077618142156,normal
0.35103849421410954,2.823865403516779,-2.2027591615506315,2.845945743820815,0.14262082565820028,1.5850552548454493,normal
0.12513227815819317,-1.058566377142696,-1.5970127601498203,1.3583190726302123,-1.6116893719029928,-0.36771715358131174,normal
0.3715090386973637,-3.0715516619271783,0.903711342863869,-1.858753242195554,2.022297868055554,-1.5810935514225086,normal
2.633667506048005,-1.631750303561943,4.1279557155623365,-3.6358118955970102,3.523874724712555,-1.3635419437601297,normal
3.108749339559419,0.5469286266999211,2.068548617202084,1.264001042021051,2.9137349762800113,3.088845615197722,normal
-2.4772507917102784,0.08512518948149062,-1.0131313518968155,1.3045477803271743,-0.06356830650721412,0.43643959147839984,normal
-1.8209000793907377,1.1784339420755796,-2.794719917461559,1.8201599968241977,-2.1641730293981603,1.3866002209532955,normal
2.777359302574312,3.066703715949301,2.7431089129666155,0.6179442480766955,2.6377201102553194,2.396677149285912,normal
1.1940101260393312,0.2662078724819885,-1.143830841629316,1.078489634925259,0.42121280939277567,0.17105630414800366,normal
0.9461788248053005,1.4295695094980578,1.5852887949627732,-0.5716742047304262,2.1045329485376083,0.8661364387974639,normal
-1.1000911806258318,0.20688119640082425,-1.1702840459519932,1.7994833165375663,-2.0606991069282965,1.165308407746715,normal
-1.4843308756599356,3.6952839314064625,-0.2394845148623583,2.899802451170167,1.5267826820692298,2.9914268487392057,normal
4.280409633078488,-1.1540694497952115,3.447449589905693,-0.6007388216687882,3.773942779720718,-0.4607303641338925,normal
-4.133597527025023,4.742905506233993,-4.805689700885183,3.2925357047242687,-1.4680463188184913,2.130270816893711,normal
-2.612608804358447,-0.1264242629436646,-1.95830619579939,-1.076776701398276,-4.272400153816773,-1.2547941074800466,normal
0.9148943613035119,0.6634424680687807,3.598979862661219,2.825042116707372,2.9297947006313367,1.0077962925564392,normal
-2.4428786499665254,-0.7616665701377288,-2.016263983075646,-1.7430728660853938,-3.40196511871027,-2.042646152051171,normal
-4.163773673356051,0.6318357485364962,-1.9540461228385535,2.48712649881093,-2.256909048478745,1.9663977136600996,normal
-1.3375225743121573,0.41072980210369625,-0.0026312284439877764,-0.6292080533355207,1.866206947287233,-1.1489473523242855,normal
1.0631907499582747,2.777558676609284,2.4459831444872937,-0.9380923057827876,0.9208222442294304,0.8897238672060541,normal
-0.2380828395333472,-3.9290375734818515,1.5094772594111199,-2.125873783759747,1.8425419309757067,-2.7923453825991276,normal
-2.1851254648141754,-2.6299460415122233,-1.654080415527556,-2.209204312020767,-2.601047816561679,-1.6507390372465147,normal
-0.6891965776959533,-1.5760662241825023,-2.005323198653372,-0.8349285264913419,-0.07282534964336612,-1.3535203903592068,normal
-0.05418647013467681,0.5959608890378957,-1.8337898259405947,-0.03374146589001625,-1.4834880906889594,-0.7070598345085279,normal
1.225221573816793,1.035247160618546,0.5767020121237446,-0.6211751445940689,0.2854158581928352,-1.0476090780447458,normal
0.010793860531950639,2.627485695789778,1.0778203235822703,-1.2746224122662206,1.0662093026583865,0.22069407173828004,normal
0.3151785654818376,-1.3405041566633407,-0.9239033632582637,1.4712713449458663,1.0437158310160362,2.6018000730337754,normal
4.221922174055371,-4.916290201115103,4.897217060139806,-2.7466505971779513,2.693401446924579,-0.9900990529088598,normal
1.5227162345502396,-3.567863241092589,1.376978124557935,-3.301917947982572,2.386736849596667,-4.260009721610783,normal
-0.02675790265338429,2.9319311869581846,0.7964116492828945,2.031580322021378,1.153125234735035,2.818332792709862,normal
-1.2542430122944048,2.4759172123257445,-2.3968748235210176,1.8586615351377498,-0.9027822315178049,2.4965459228077274,normal
1.4120039835833977,-0.39266418146528603,1.529959505711167,-0.45989596116093157,1.582546245424329,0.39569905801023525,normal
-0.9853155937574058,-2.030402680780651,-1.0208097159502092,-0.42386943938582944,-0.27050145133068354,0.28043511693264955,normal
2.761586238125302,-0.3451198249319274,3.939721266466845,-1.4521086385444468,3.7996053781575587,0.3232800157502384,normal
-1.5258611000449989,0.634044845990128,-1.0465725566329038,-1.9825689990528486,-1.2171744049508522,-0.19829517632391447,normal
-0.7870681289653545,1.4718887961987184,-0.2496203511277948,0.17228898436133533,-0.46318979833951734,-0.07008263581362617,normal
-0.1351794315095094,1.796228310188955,-1.7462108148223532,2.355790586683872,-1.2973779135850354,0.8702459313806348,normal
-2.9930941932024044,0.7305042130626545,-1.1571408130892413,-0.2147853425863407,-0.46672667409691093,0.9811814835434229,normal
-0.6564471105607604,-2.5210984920724595,-1.4786662347335922,-1.636071460131061,-1.1566663032071336,-0.7938984102656206,normal
0.25602625763416703,1.3872798631119039,-0.895108096117504,2.4241219111868526,0.49609306660991176,3.153081659225875,normal
-1.5418638249787668,-0.04798379912103659,-1.4865974978419254,-1.6749124301529337,-0.8349212396830948,0.6928329314604968,normal
2.0057730468090176,2.9638568235686886,2.2687736538163037,4.942185450708457,0.8759710235296863,3.485767970207398,normal
-4.558328968087227,-4.381768555708373,-2.086442383360316,-3.868360412965769,-3.1236288623220116,-4.163512760179894,normal
2.276022697253622,-2.6460477010185026,0.6100390060665902,-1.5302012413487893,1.2416699331117809,-0.22825219799833585,normal
-0.20745364309071115,-2.3845353759091457,0.8208483530913342,-1.4279584237291019,0.1453017577766316,-0.9421442125379262,normal
-0.9123845108899086,1.3238306602966285,-1.1358193786154118,-0.5551495312828851,-1.8936624645263715,0.4817015608483101,normal
-2.6965786608058506,1.558714485616861,-2.240840962884964,-0.2618148367735669,-0.3284258406119692,-0.8189432091725364,normal
-0.9577555214127436,1.454317123170708,1.0401125711130652,-1.8602333819742167,-1.318102308665273,0.9196163241137418,normal
-2.502406600067563,0.10889405196282809,-2.784650346263677,-0.48773511054849433,-3.2274346046150133,0.7094055680833604,normal
-1.3999381830701545,0.6159228220984388,-1.1251581973235394,0.3471351597989011,-1.8016524003719643,1.3060121256020414,normal
3.413953052474695,1.2027900273877286,3.570473458269066,0.6680788980282659,2.9978906574624427,1.2287294186899393,normal
0.15674333477031102,-3.3492929821868724,0.1329444602014896,-1.0475052543499308,1.1264492722567279,-1.309600313250338,normal
1.0374985655256515,-1.412185989006407,1.080492139853276,-1.3669539899339165,2.363245890778506,-0.20842095698541033,normal
1.9758694158083396,1.1703399356360622,0.6243593738089109,-0.16416881619787496,0.7143669106109383,-1.5111649309937154,normal
1.3452915777823855,1.2899999638414088,2.223158313913388,-0.5617701067250804,1.492414447550043,1.926476156390703,normal
-0.3651257738073507,1.8262045484411056,-1.2110709010924132,1.6993378325903559,-1.5514100359743868,0.7791618692751971,normal
3.3984299723043345,0.44766430565997717,4.424573039099438,3.522165490993319,2.9103426425938,0.6377795732960777,normal
-2.4632714793103947,0.5936120623760103,-0.8619443992589261,-0.8790007970504012,-0.128277210611758,2.1945313556289787,normal
-2.700909182122491,-3.1516051416709274,-2.685148360803337,-4.701647906778982,-2.6571333434365028,-0.3176054697917441,normal
-3.424876762227961,0.2286342699978866,-2.4134447528729814,1.531129804415149,-2.0677178467237374,-0.7817832234827531,normal
0.02909844925616567,-0.45739416899353535,0.9606499529447642,-0.5930268884432804,1.4009108575596192,-1.2696616103765976,normal
-0.04308687879522588,4.343970366948932,0.6489101441932154,1.839918213865468,2.7849292019063396,2.761566492840066,normal
1.3963301491505882,1.3472109600293183,2.3205502014458377,-0.11540123361910415,1.3234369161265491,1.328681605100685,normal
0.9358431774692177,-0.21251470175387221,0.3910170763044827,0.030841683394843722,0.3540618591015555,0.38272762655442577,normal
-0.23141427548148624,-2.1043022859043417,-0.049352092139115906,-0.8368945394612112,0.09672601922153307,-0.8718313729249147,normal
-3.0826376538311107,0.07311771172357617,-4.58243184540783,-0.4088664940497506,-2.338892636390438,-0.7466554436799382,normal
0.008178324212493288,1.3503226732975657,-0.13158513168554384,0.8281813933917392,-0.8154717726662966,0.5052474616769178,normal
2.3713926509522656,-0.7977580054084663,3.1359927804898753,-1.1609337111517375,3.2346458305789425,-1.2432280277494208,normal
-2.011418674605129,0.6064664961550716,-1.2655325535750572,-0.10358677205914868,-1.7611673759714181,-0.600908072208027,normal
2.947553071680346,1.1365664909398074,1.8898585040865044,0.6213164379626325,2.9197616288577684,0.9295038800938776,normal
0.3923645088441809,-2.7316566503434636,-0.6191799180586355,-2.194414649722109,-1.2377140771469113,-1.3411592697964658,normal
0.9090000557409667,-1.025522969283972,1.5831273526079,-2.503887880039623,1.8484072218419758,0.5842778751100054,normal
-0.4782158901767978,-0.39095948707450234,0.2515317044609924,-0.7232068749012489,-1.1755958182588029,-1.2028686000867475,normal
0.1076728398900138,1.2817739030940654,-0.3321938123859898,0.23796595627224182,0.6277266818650036,0.9729762732131977,normal
-3.3614097588915772,-2.3956074442942374,-3.5161023485253526,-4.713664257968086,-2.324408548049263,-3.3051932101680688,normal
0.8575808826140676,-0.18692111902007125,0.7653400580589073,1.6110991875117358,0.3979888613915985,-0.32662154035113766,normal
1.8778401118191472,-0.6069092230455504,3.0296020077583714,-0.35925171282012686,1.938643332665329,0.05926188048899361,normal
4.538297136542389,0.9593989073012037,7.001646994452265,0.8830222684863467,3.702557677184704,1.381790192929697,normal
2.112083752763252,0.8979472904749302,3.6913082573252716,0.31187708965499145,2.277631891594493,-0.09467330474781033,normal
-1.289625998006196,0.7693176976545121,-1.6336560366910797,-1.6972895750990786,-1.465212793344195,1.3829879397915121,normal
-0.7531252267934853,1.8355739357556742,-1.8137415717279002,3.2433724713938132,-2.0884277521291974,5.3745786530316,normal
-0.8136776495783271,0.9122147769213509,-2.778470462091648,0.7483488416514072,-1.6920084438125156,1.8971672767875463,normal
0.14729299728026346,-2.7736918105237782,-1.6331547979478278,-2.797893827135063,-1.03252666783784,-1.5134792317027694,normal
3.429762512523123,2.320736114917324,4.439355107541226,3.8494160972134583,3.5533386388344077,2.6454945468690187,normal
3.611742846167083,-0.04126329445587289,4.4637618897038855,-1.1828191355494106,3.8012777554638224,-1.3275378970493166,normal
0.03685063593316262,2.7228435424514945,-1.3030167274702456,2.503978833690991,0.2840595551950157,2.2536999828694846,normal
2.668804280412093,-0.31769019960852574,1.294570299797314,-0.8720413755429266,1.4197396553279131,-2.1505343799587364,normal
-2.868703993721667,-0.6813695767836652,-0.7978825117291861,1.2733352763436188,-1.0596429603894522,1.0155732595144558,normal
-3.0497592525732253,-0.3578881498939458,-1.9072104534269314,0.8310206118993703,-2.8974811697940908,-0.9199012741600087,normal
0.05389841720327597,-2.0045576296643994,0.3928947137408887,-1.357570460937419,-0.6700783995125347,-2.0305051045383316,normal
3.241596847226802,0.061388029902340185,0.9593145202860696,-1.2946100828406726,2.92834884047529,-0.9765963661368482,normal
-2.3222618279549714,-1.280936091501731,-2.4416043022407345,-0.747561365744739,-4.2526798077171115,0.23359483454463215,normal
-2.5428493209144105,0.3770607574165079,-0.6726507775175053,0.3716040213415288,-2.131689348210182,2.553995855623745,normal
-0.5088640124203241,-2.677530864535096,0.3677918511445386,-1.894560049353521,1.7692792383796132,-4.129101989343328,normal
0.8804508940760258,-0.7781437587971913,0.5598807546512695,-2.3773136931360628,-0.6394707668964328,-3.6296616242141773,normal
3.2103123234020483,1.6958442849834872,4.019732713125206,1.7375931361819599,2.1201703281485145,0.04849299844774746,normal
1.156671852894572,-0.47550383243942995,0.49265127075731235,2.738485509791648,0.944421544223722,1.403694601922568,normal
1.40481728882426,1.258082506793538,0.9408081833279422,0.27630114119776694,0.43370447277073376,2.0556571947261673,normal
-2.0442040353428577,0.8419470402835209,-1.504960639400494,3.5791760407999145,-1.256684396058148,2.582971079877808,normal
-2.4048405386098706,-0.45486018972492104,-0.795082907586439,0.0778488777031077,-0.30255836890497734,-0.08617025759648239,normal
-0.9147650594354312,0.3952577157601329,0.6451496816859463,2.3292101975431954,-2.1280278130074626,1.9595516429694988,normal
-1.3907671289413348,2.036491434455367,-1.5358946571454586,1.5632034035189761,-1.3679707349170134,1.1813350156927838,normal
-3.2602177378376207,-3.9695528862390748,-2.4793219099527297,-3.0935664005593795,-3.043571080657615,-1.9316069799520976,normal
-0.46733038638728364,0.9449156328326598,0.09569952316280361,-0.17258560176851445,-2.1649837182403067,-1.3016984181677107,normal
-3.7013518829256613,-1.313604257871202,-3.5851129358061113,-1.6620564658291377,-3.5393574819619595,-2.192915821407553,normal
-0.09463987204263963,0.5024474341447476,1.028394913087854,0.21529096005355797,-0.8841730965920458,-2.1297966686255396,normal
2.597055252326532,0.7674070102924341,4.5262725476806125,-0.44517181219699353,2.3899303939970977,-0.1345213858345911,normal
-0.4080860831711537,-3.888749779432597,-0.789053370992322,-1.2968025964762235,0.3980246656121722,-1.4309838612164583,normal
-3.9482664629555244,-0.8986178377463065,-3.2153471389250257,-3.2138572434351502,-4.2639597497600485,-0.2843205352535598,normal
2.7757642491933363,3.8891409915753625,4.457309465011958,3.9896052583617543,3.666887800710543,3.6193326627779627,normal
-0.7934902802912218,-2.517941464904475,-1.6022754877779588,-2.749594708436052,-1.8940940966829807,-1.9381252618357898,normal
-1.846874848200014,0.02539459708642866,-2.6386225945068,0.8893698713935152,-0.5456091771886364,-0.4984929419312623,normal
0.3463243268154086,0.572701988972715,1.9602534575877213,2.115667639700287,2.6197160060859375,1.8082941783886421,normal
0.6753177745417064,-2.571264034976808,1.1363412562169513,-1.4674782789253866,1.4095219973422408,-2.0756826983553003,normal
3.050264243220601,2.0869741193098243,1.961458187061573,2.048090196765456,2.300850627688678,0.7238513240072632,normal
4.160333227751248,2.613002937293699,2.8381870380618524,2.9941361187687807,2.5767342328628957,3.1970659944610773,normal
1.1648260335748164,-0.12595966572032896,-0.18875154075260353,0.5913441714102404,-0.12209333165503568,0.0009471515870489444,normal
-0.15190572557984036,-2.9675095001478917,0.04099262759466729,-3.0120629514323563,0.6062389522819314,-1.0813899726341094,normal
0.893897528135229,-2.1151991537922643,-0.31659941285143167,-0.29893407964806196,0.8370640513412877,-0.22959658873696046,normal
-2.372180614743667,-0.868427991465487,-1.7456186647014542,-0.009809154439383933,-1.052033736211404,0.8657011188859728,normal
0.7932002859108129,-0.4531272068692578,0.29241618954005966,3.361512432822693,0.6057868363707782,0.27266810080361736,normal
-1.1880187359505832,-2.289991281412772,-1.5193333208679967,-1.8123159623693645,-0.822202003668304,-1.105845837493908,normal
-1.840588580873799,1.2559130051444076,-1.68330434683435,0.5489755966966013,-2.4345978922613387,0.9806918893745324,normal
-0.5463626512136439,0.43969396918948517,-0.6364154924026069,0.22784068898263338,0.2665210148344552,1.5474259796197751,normal
0.08554399713286032,-2.4340721919617128,0.7689864867540568,-1.322194953590677,0.24775824268125068,-0.593136551236445,normal
-0.373064038365684,-5.585185284481774,-0.594193313432885,-3.5491278494530034,-0.48113845557418866,-3.3252535422573413,normal
0.41379389987309123,0.3243007172304717,-1.7016761551962467,0.3632983681114388,-2.0852976152688263,-1.7052137001190446,normal
3.510214022150323,-4.253494116559733,2.935185391961632,-3.180203210702892,4.408148861167794,-3.8106034414835803,normal
-0.33945235966400045,0.11846239661236935,-0.18539019037502702,1.0340412092353797,0.5692139806338244,-0.002522622225667792,normal
-1.031994976846001,0.29913380330493944,-0.9118635096354195,-0.21142545395051243,-1.5380133482822613,0.9251442128958423,normal
-2.0163562550260172,0.47153468524273845,-1.9637785890110806,1.9153543758970026,-1.5804710785561178,2.906925348656366,normal
-1.2176234664393748,-2.0427324903606543,-1.3299914847942036,-0.7771416239483963,-0.7206255810742332,-1.553001068792658,normal
-1.8777908317423122,-0.5183273385058562,-1.5978515076497415,0.2573358061722655,-2.332544656042174,1.349005760528634,normal
1.796857154836611,0.5886486265123595,1.6672868818985034,0.9526327714084426,3.016831647468962,0.1418335692919154,normal
0.6100726025149747,0.18187298475015856,1.6053075002308737,-0.25858685480421917,2.3115761999715785,2.180610930324153,normal
1.7764686975110027,-0.8695820559109669,-0.5527724292382497,-0.5214920238494032,0.16594435176447475,-0.9298253395327887,normal
-0.34336357124834255,1.8069700734576872,-0.8059370047604888,-1.072805437641187,0.6086181725086743,-0.0035654632305192613,normal
0.008781887427536939,-1.5739994051633235,0.28857746421274155,-0.4034599230720681,0.45148702666248997,-0.16702555391545926,normal
1.8967259146700473,2.3452473224079444,1.7920330668177715,1.044202228926473,0.9666433782176495,-0.26923263740873726,normal
0.9047374952656286,-0.4831647916544447,-0.49817383989106745,-2.0244882362286054,0.3040240551845545,-1.5282495258669977,normal
0.3717830339952341,-3.421621191732587,-1.3900479193251067,-1.0164720103230205,-0.7102104230218373,-2.2930533575189203,normal
-3.1538111214578635,-2.5234345583857194,-2.048656167750707,-1.6637941741893147,-3.043620703565866,-1.3556226544426209,normal
1.9080555257536753,1.635550349433525,3.647925736899005,1.277481291526672,3.649649708334723,1.5435458894786813,normal
0.8068776894796985,-1.6847632120415634,0.3621510111342101,-2.2282335403670306,2.391587081618094,-2.300435145396336,normal
0.671469223562666,-1.0034359154224874,1.2331919868197934,-1.7365938176619622,2.4301611025872583,-0.730072842351863,normal
-2.2459091045129402,1.9592580920355918,-1.7415433388203982,3.049888171628969,-2.6571271171416453,2.4287088087975413,normal
0.8797211212978822,2.2206821426279215,0.4787945703971451,2.36432865602515,1.329821893567529,-0.18281298995592987,normal
0.5313156011209239,-0.4672967153644848,0.6236863112245883,-1.1732001225272617,2.1684162479503186,-0.8593219144010015,normal
-0.8545415315289397,2.4375939434101186,-0.10919944705335838,1.4052058364141886,-2.1597621472444546,2.5616165413286485,normal
0.5800926418029222,0.7488164195618434,2.053234491003834,-1.8638080537008612,2.2165196336924,-1.931311537099455,normal
-1.4755253404719748,-2.5182751810116786,-1.4559095329127079,-0.9607002139888366,-0.7295881089951487,-1.0562325739911893,normal
2.248599993689233,-0.020900759036321936,3.550075105164959,0.34002449650807653,3.2899251714222166,0.4599109675847671,normal
2.8192181903255524,-2.4640804021596265,2.157902334463072,-3.204260387193694,1.7743115723222698,-2.2608245100513913,normal
1.854434583684523,-2.807365186047043,0.9193093140998572,-1.854056132121528,1.4169772616408702,-2.905715088073984,normal
-1.546360692231476,-0.6696921039724684,-2.211128176635076,0.2394417933424572,-1.2142118247261375,-0.6277662331089671,normal
3.1584088648182584,-2.177006949055935,0.34411275362876736,-1.0420007120656591,0.254308412128914,-0.40837285631509246,normal
3.7410495264851114,-1.0991893724478796,3.6028095807283407,0.8503047123386643,4.318229651678916,-1.4856546396682697,normal
3.480903385418686,1.0838745771804374,3.1443747622198623,0.947626052628489,3.4658933461689703,1.4266208951759718,normal
-3.846837569853612,2.467787653550147,-4.108943786516999,1.5777712033305582,-3.1077390844106385,1.777101655844791,normal
0.44080330777888344,3.169185749778414,1.963226421374629,2.194992298471503,-0.25679438075253946,1.5679341994174958,normal
1.6605150359346128,-0.4151139629263134,1.8720122462761863,2.1357119985138047,0.9894758589645287,0.97101258307643,normal
1.8647672885590572,-0.5353708077505237,1.2114936479432798,-0.6617581095242284,1.8562131181694053,1.080931712491212,normal
-1.442843068120862,1.3031241085026426,-0.571446837553583,0.5742498575312274,0.6946657935667799,-0.311301764159354,normal
2.4170191607768445,0.742158532631039,1.3968465703891155,0.780219141829039,2.443674603326742,1.2223899268728864,normal
-0.13790354046523756,-0.6043439626971715,-1.3727890022396223,-0.7389338999441213,0.5804899532927312,-0.6380798960396955,normal
-3.2236748577550447,-1.0463617428000007,-1.7442401584740024,1.2548307386897792,-1.5646005522343864,0.18112261663389362,normal
-0.1253493917256156,-3.7134187323445444,-0.4203934336137368,-1.8365205666317932,-1.7062997998094642,-2.620602803275699,normal
0.3731242622288493,2.6633702838175073,0.5875329930577877,0.9781938234775835,2.85315155768163,2.991634061235692,normal
-1.0948315256466437,0.5098341596366943,0.18943440030184844,0.934320644383241,-4.002773891000778,0.038341740677761416,normal
-1.4623797187453338,-0.9573630926779656,-2.3410865205814395,1.0571853242331035,-0.9952788406257811,-0.9769595169722719,normal
2.373145275785161,-0.042542476814352526,1.983204610351859,0.40498250525379087,2.2833349639554013,0.8203216950647961,normal
-5.4273300176133334,-0.16411846541427544,-4.046553304164117,-0.34827405528029187,-5.1895359082388435,-1.0626979466888729,normal
-0.6583813747343878,0.3369225138405663,-2.066937385456651,0.9017147888656696,-2.783631188346087,0.31285840053030606,normal
0.16030035523308395,-0.32508783064835983,0.2904571067060334,0.34517719973431327,1.5789697212659775,0.0502261007566604,normal
1.599048539902126,2.3312578782281816,1.690021030161096,-1.261359531388475,3.221002221872263,2.0395890242816774,normal
1.3709967017180522,0.32033910589861353,-0.42064147685696485,0.34000401174894307,-0.8905820416509358,-0.9504969055848775,normal
-3.044094102366221,-1.7776720969199367,-2.9805175674913964,-3.550032030003202,-3.031039011058606,-2.1343927833759224,normal
-0.08215452809066666,-0.4349090268696204,-0.7767593401404556,1.5733838806534979,-0.043530460079160754,1.5105196290756284,normal
-4.395173751475842,3.838020349928441,-4.408604066566543,1.6934319752122955,-3.4716978968020027,0.78936794322268,normal
2.7767583325087672,-0.17461760654809433,2.1419851792287092,-1.6920180420060391,1.5770189270568915,-0.6679122549232823,normal
-3.249541196886851,-2.09580471711566,-2.976817353953437,-1.4559391327360007,-3.741394125567607,-1.9752877944075111,normal
1.8778556949493457,2.0481621495494715,1.9715754822192704,0.9030110300165506,-0.012174765833436796,2.017857130019696,normal
-2.0185825843790877,-0.21450705366857242,-1.333817164712097,-0.6621181721183949,-3.960324650091179,-0.9333231501448311,normal
1.4780838201781,-0.7735261526325492,-0.8005568611290474,-0.059124075534458975,-0.570027194693099,1.1739787985081123,normal
1.4037018709972267,0.26431994868316133,-1.0630564328960301,-1.2018530905041405,0.9274104738056266,-1.9292463025266042,normal
0.1322529719763229,2.14881833538097,-0.39296248856039795,2.6963918675430048,1.9088066132257595,-0.44830654934661673,normal
-0.4035958088048274,1.9673799359791944,-0.3327021803792096,3.29726128872214,-0.49694646450035346,2.1199628862015185,normal
0.38728558319306405,-1.6529511703230504,-0.13417434714813137,-1.4912068183196285,-0.2960088394532441,-1.0382793559633687,normal
-0.060876854415100046,-0.9368759021593707,-0.19428123981757428,-1.3067549694674563,-0.38827245168266855,0.795504626995854,normal
-3.3036660938704867,2.4539182597509526,-4.246765440370041,0.2192746278988571,-3.0762234889485516,-0.7451565915067816,normal
-0.2246982226766986,0.6596542847543903,0.9417607715195038,1.5428466491562338,0.14244893795435398,1.7038213640573272,normal
0.02484192398491364,-3.045608733297267,-1.0995154813437977,-2.03077818268304,-0.7709373440053088,-1.9471329188336686,normal
0.3781799536935464,1.5986505192275537,-0.991036998564964,2.045195580873353,-0.14799287520483279,3.127743377358825,normal
0.3454254021739569,0.7205477654391927,1.0347141620535922,-0.0437866908169211,0.021117870658732385,1.0181065931366526,normal
0.7379409093444693,-0.09722503190481335,0.3889581693862039,0.15847699379496882,-0.3109519294888599,0.5601803824308158,normal
-4.510605979632762,-0.8303032424652206,-5.509593133897763,-0.34335579420604945,-5.501948857498458,0.9696584561226255,normal
-1.0174345383506338,-1.7681539121924112,-0.9545214120182774,-2.8043254703638496,-0.7739612099026063,-2.6513837687968245,normal
-3.8460082438694174,2.885589747225716,-3.569940790863372,-0.5238141091547979,-2.6087524812971155,-0.22422168641938384,normal
1.7508668378525514,-1.9388486252258792,0.8069646075910067,-0.1788164189244439,0.26308044217442206,-1.3113229996715792,normal
0.3009483464352344,1.2055061001149514,0.41673150595998487,0.2786526641090412,0.6543137931589241,2.2400007202658907,normal
3.147914333537881,2.1585931181639237,2.417569251449872,4.607480788984471,1.9624521089178844,2.683031441516794,normal
-1.9428013709019638,3.7266562482689554,-0.08144363229811913,2.458222884466096,-0.7597298559240178,1.0862785796016443,normal
-2.240081739533752,0.0928363853279861,0.10771750980068595,-2.0159166333589695,-1.3062362870997823,-1.0718297285270086,normal
-1.8248629495019275,-1.4674059746043437,-0.8131529695441251,-0.9347968829203028,-1.1438040472866902,-0.68922871280375,normal
1.6036321955298112,-0.1284137949101537,1.625628058988188,1.0156699020304507,-0.2539797448773773,0.6905827984413035,normal
3.540147730800702,-1.8159977860632024,3.9183114424569085,-0.9388018189556665,3.0302078150088056,-0.14623716956781085,normal
-0.8944877965222384,1.745959461421019,-2.123485817359539,0.574816181419157,-1.5373282596027842,-1.7899220903951194,normal
-2.313030162451559,-2.22394431545752,-1.8880174832838192,-0.5294622199273484,-1.5723955739101818,0.8459065047573247,normal
-0.15532652755741128,2.6904460746216223,-0.7898287273898638,2.029137228501254,0.8164023224066002,0.46306653575948586,normal
-0.49756688367550606,-0.11878460710118899,1.3164430734543109,0.526809354843486,1.2375311500197237,0.24803414302011773,normal
-0.5789931523020391,0.2968405760243774,-0.9901067818159986,1.4683810778034243,-0.9470690496395185,1.2837764730262442,normal
-4.144249405433363,-1.3498251190713377,-4.794869294533385,-1.7206879933779178,-3.9435832874029013,0.6498761119969925,normal
-2.015212998916725,-0.07993245999371207,-2.8718585864659336,-0.8651029183574099,-2.7862431728382817,-0.5154544316913002,normal
-5.5596711356755915,0.21738168003552505,-3.3418811947680274,-1.8619089388964092,-3.356097788355493,1.3749726451706594,normal
-0.9561488287244926,1.7122134404892526,-2.1308813620964275,1.3929876079547647,-1.562082935147794,-0.3668629707467357,normal
1.4283191160822701,-0.9018241685697987,3.4595419372736322,-2.139881578061387,0.31447617875627576,0.22260850090057355,normal
5.463371916002716,-2.4056574590451283,5.034693699155883,-1.4132335007643977,5.783998832416625,0.29335721771238354,normal
-2.1947724311376695,2.686379307417083,0.15087716804575413,2.265216894293833,-1.8085264261534413,3.1306303973052465,normal
0.30841546124855646,0.7776669810728972,1.4149136699522558,2.0847640613606306,1.1675017335687063,-0.6722059729520397,normal
1.1120597212794758,-2.6063128554507413,0.5046215054291612,-1.996286661174453,1.0744806934356175,-0.1597282350855107,normal
0.16915822083653698,1.4331853601966027,0.39896093805118754,1.4886120745662668,0.4855233043790987,-1.7237834175837548,normal
0.1347168043971365,2.3807877969061835,-1.1281422305965605,1.9409905376861296,-0.5228666447510597,2.855276400732818,normal
-0.971866389141689,0.037610395407533526,-2.1076567451767163,1.4560400570220566,-1.379981303985998,0.5719401167817405,normal
-0.749169082595867,-0.2667089067915173,-1.0728892130833707,-2.060051977407733,-1.9293446275177277,-0.05900398845050325,normal
-2.730814523578343,-0.26269294912305496,-2.420817657125126,2.015887648187096,-2.2111231605639503,0.043869830369991425,normal
-2.037380502909761,1.3757336592100144,-2.013979900079846,1.2449557903344046,-3.9893630331382015,0.7234078516472673,normal
0.6552748146090481,1.0181519425113918,1.3424316806975065,2.3528103049992586,1.8539270083033448,1.7278356087754745,normal
-0.08832272714483647,-1.6297767047743004,1.6257118318300243,-1.1425686267059976,1.2413218736226646,-3.0394779622384345,normal
-2.951018255728149,0.3661378608381347,-2.2175735720391834,1.937861901143406,-0.5621360934065462,2.929826187134082,normal
0.8792310557704841,-0.3293165113859289,-0.45764272259627325,0.7008577791452577,0.9132806632561825,-2.9813711257062847,normal
-0.4863343041346171,-1.2871679487630285,-0.08112096661688795,-2.8346323523598977,-2.131675343462173,-0.17601823193697652,normal
-1.731779824763628,-2.3477728596095604,-0.8789804248013193,-0.46978097627413007,-2.579978087539894,-1.8787250816244372,normal
0.6950922152143975,0.24313755800846454,-0.43535492610396753,-0.988603069079655,-1.4312796576028504,-0.24782147057763154,normal
-0.2733955393040594,3.706291595889362,-0.032363918919495346,0.8992435622259068,0.3332959594337458,0.4120283669936281,normal
0.9586913434107951,-2.933321344073789,0.5862727087180086,-2.8451912420000047,-0.6011887725928804,-3.8986213938188805,normal
2.655039202000259,1.1629769252862028,3.4590185467394168,2.6963808340740867,4.021130534871131,1.1530650646959766,normal
-0.9796094058819969,1.805022950403198,-1.8745676729291274,1.8131383346568684,-1.1896386795265377,3.440936355821279,normal
1.9487522035060452,2.558097205570018,3.6338233081873943,2.6368940960487803,3.108676907146917,0.21596612443642882,normal
-3.625225295755569,-1.0529941608357591,-0.3696387070436047,-1.6619893123939873,-1.3272441165858986,-1.9807266302870152,normal
-1.940075907230938,1.6019977948717188,-2.518462644260805,0.7501988518637053,-1.3766407078895702,1.9171095088231556,normal
-0.4142271017269479,-4.001356410587052,1.1219090817661963,-3.1890069406592008,1.5478865105502237,-2.3264039818858278,normal
-2.5300122557508633,-3.0618009896715823,-2.8146800920129738,-3.3426498248957457,-2.8705484375186354,-1.2143130748334536,normal
-2.73325930825148,-0.27088790599984836,-3.411059716125573,-3.1010115300975425,-4.8474365464324585,-1.5777532258556164,normal
-0.6254256139793049,3.226301293213757,-2.110339081425852,2.8820872575487835,-1.585271913707979,2.9969295222718655,normal
0.6276595210176403,4.171586177373598,-1.18275013951719,1.4850224753774588,-0.5964113068776746,2.882384062782363,normal
-1.9223710687044202,0.8091568879820014,0.8504156463967341,2.5418662031424315,-2.4900062525423774,1.2680844459300902,normal
0.770801598094772,-0.078123304108635,1.7333661858830796,-0.18757023999516176,1.5262646937022113,1.5910540738959515,normal
-1.415773796616354,-0.012256342369953432,-2.930653066596096,0.5533146077420994,-2.9941769178348636,-0.7375985059819209,normal
0.2925470825537425,-3.408490000685739,-1.1986795109872694,-1.9642010673562806,0.08586466430793882,0.48898409960088207,normal
-0.22870582708034348,2.256527650288177,0.4445108301552545,1.717962145640782,1.74667486600071,2.1875521345870785,normal
2.0829184337351476,-4.448582995861957,1.4404749558877668,-1.9621735723580636,2.8974426639868507,-1.4113392260501205,normal
1.5947195704525337,1.0940171635040754,1.817130222851015,-1.0971984450233254,1.450084587597903,0.22408248287033666,normal
3.5106025187351673,0.1702552929833132,2.1899006794150937,2.8000869645122455,3.9878953168350675,0.275820205238885,normal
-1.343303352308889,-2.669055905248389,-1.290788807617859,-2.0905029565002833,-1.3153685119345577,-1.2713165631216565,normal
0.012000902791207357,-0.5020391842334742,-0.22902181271792488,-0.3668238536975905,1.1997944793542676,-1.1290495384250985,normal
-2.4620185231220715,-4.290438087343109,-1.5415096794020589,-3.1067956329319966,-2.2993757828958143,-1.791902624864858,normal
0.7051491952929443,1.1078328389884964,-1.023603419104693,0.7780602394057126,-1.188493668536516,-0.7230031481891108,normal
2.556083873926072,1.2189186548241713,3.1546724021450303,-0.503967035317636,1.7801669064802983,1.0841828008151968,normal
4.83074213014549,0.7784793441458374,5.799729243237286,2.011633218598348,3.1952604567033838,3.8851841563499,normal
-3.041017278044339,-2.2834693659131293,-2.432047460418027,-1.0262869421635312,-2.7630097640032645,0.5907572035595923,normal
-3.927659798400538,3.5117425553863053,-1.7437671401913266,4.351131691157789,-3.420349761316744,0.8863191832037092,normal
-0.7544273121478862,0.6554921359713961,-0.08229017935234795,1.3619559717487233,1.4279830732397056,-0.3613902445360206,normal
-0.2935859174273361,2.7344597981046372,-0.6766287810594216,-0.3085132703840101,0.8655059803364165,-0.7481899233912648,normal
-0.30345730952935446,-1.2816485761794687,-0.8811386846150981,-3.5024474464097093,-0.8542193047870117,-1.70834716390266,normal
-0.7214736383980784,-2.935953265341448,-0.6120997313407739,-2.001771130631209,-0.946654162838978,-1.183087730725086,normal
0.20262075309974056,1.8018035806641137,-0.9033488688960403,0.4483255876756931,0.605494493793481,0.9471632698155648,normal
1.8958664437462822,1.9983751340769809,2.0456219154103157,2.0744686890368302,3.7346220494940576,2.209458700711463,normal
3.5613001276860876,-2.5937174902889817,3.6797675668536844,-1.9549248631364688,3.705513165695842,-1.2212654778985734,normal
1.159750339744575,1.16758389579014,2.5089529823460754,0.9740955469328585,1.9935266432660839,2.020544989698694,normal
-0.5631168724674336,-0.019254909749119142,-0.4146835411551082,-0.834056985339843,-2.1485264229171133,-1.7876283453589474,normal
-0.23153408365536043,-0.6272734759502876,-0.43822881271415276,1.101411178425123,-1.6990301265102903,3.379412780214178,normal
2.5819361214607572,0.6600034346026626,0.21048361807816812,2.7301384976121534,-0.5182210070335312,1.3150885347744932,normal
0.41674288777721064,0.5420916888442376,0.8702272346587836,2.3004209689563173,-0.7483731034417292,0.7674683623281696,normal
-0.1998815513875708,-2.0478529083524606,-1.2738791406954404,-2.76176584813944,-1.3672460784625438,-0.23905848733483714,normal
0.7048106853108377,-1.7904947966041025,1.098078832088883,-2.979335371088978,0.8081827914180191,-3.7571649408957972,normal
1.1028810419449613,-0.6371158028766455,-0.5815581646889534,0.12339763835444173,1.2674965986262932,-1.3061447770402725,normal
-4.485079659548218,0.9231687011081962,-4.5153474572265395,-1.0461439300935842,-2.226334488395497,0.152763455837433,normal
-1.1725199366090786,-1.414751270313842,0.1697961618793573,-1.3292614220838588,-2.1072985476825785,-0.18882308115363355,normal
2.6907658119543396,-0.28894747792196773,1.1076271197347278,-0.42126868083555885,1.1573234191919268,-0.9743491176382796,normal
-1.7286085352112734,-0.8204120481382715,-2.6136795138211926,0.4965752615136929,-1.5063011567429971,0.5715084671986409,normal
-2.582150648530809,3.5141501134205804,-3.564716840065903,2.602343313309153,-4.52335387106505,2.1189360953264806,normal
-3.4050124379559055,0.7678422887484229,-2.5449028792392188,0.9497093678198016,-2.115199095043656,-0.2769188261496474,normal
1.4747700286318162,-2.297651309967337,2.2818298843290465,-1.835622316707702,1.902666944383364,-1.234636025128336,normal
-3.9072560317462948,-0.3770013295027401,-3.541929790771663,-0.07871106101371272,-4.1772990976085556,-1.2887967760879036,normal
-1.663947480636174,-1.1967889738768447,-1.1519725764544697,-1.30506244004457,-0.9783380817404449,-2.472142493689751,normal
1.2128506278205247,-0.19731167168408087,0.4492918331570513,1.248546199666134,0.7322646168248859,2.2527346453580255,normal
-3.7141342383457396,-1.1577918211064346,-3.4442286711329437,-0.8517795163853874,-2.1859616907851,-1.5149412866467036,normal
0.8956029458996149,-0.8415222639248641,1.5896577146493422,-1.889051297083149,1.7241082258170208,-1.5853566177373317,normal
0.4252477966688589,2.0347553192513814,1.7658263856436558,2.8551368392997913,1.7024576151305468,3.4120311334223947,normal
0.015919043682456557,-2.0253833338169183,-1.4409396112439126,-1.9888206935380508,-1.347811458085037,-1.018372316546743,normal
2.2130287880681436,0.500206895472567,2.601540281490452,-1.895720319069646,0.8457770203120601,0.4276687389653061,normal
-0.33097992956045275,-2.404157006377623,-0.653065761024109,-1.3014836138714345,-0.7807972040468725,-2.2549581213985603,normal
0.04848750949380165,2.8032441253963727,-0.4503967517794944,0.13812231010674814,-0.7595057066022053,1.689727471190448,normal
2.942892447814515,0.8474031586888638,2.7057740961338883,1.4421993169279013,2.408209718602056,0.4704087091606697,normal
1.5713147608757012,-1.506390509653406,0.02622391141889502,3.6015082173500828,0.22376920254129318,0.24281863940267892,normal
2.257595916745136,-1.5388984220353243,0.9950942638183223,0.3451080279469374,0.24269349265529616,-1.9609192848267492,normal
-0.4703540222754742,-1.5859157103782862,-0.5443696297878727,-1.4031392761815442,0.0014976648364780631,-1.7202668204730203,normal
-1.0402132704448093,3.2269825102873115,-0.6372472714707111,2.595427734250094,0.9783594080980793,-0.43417266250825626,normal
0.9813884615773592,-1.0127449457889388,1.798694843698273,-2.1338254458838506,-0.10491631942784618,-0.9922244118672996,normal
0.649355152333762,-2.6705435812204046,1.096719603943525,-2.3456375610891786,-0.03755449395285493,-0.7608454665068237,normal
-1.3252019999076232,1.9616469284225029,0.01530179564535411,1.2382637179869502,-0.8856066823145461,1.461542489376589,normal
2.4458078244085595,-0.8344417825118395,3.1478082659226088,-0.5338301133926431,1.6275379085180735,-2.1714615674187847,normal
-3.036263449325232,0.8532120031868837,-3.402017099204414,0.4214972121916545,-3.353259421197822,0.8671340073218798,normal
-0.9867898920462551,3.9157871566265707,-1.2799225335900897,2.331645219115104,-1.1095632626281318,4.056614628348358,normal
1.061542822332829,-0.8786086010162674,1.9963092553044066,1.5952886330398468,0.8465390325672957,0.21902042675539635,normal
1.138129896880673,-0.7556859148124146,1.0215585185229767,-0.7389415738037639,1.8821534762458225,-0.5911782275685664,normal
-2.056326406899963,0.6199481282767203,-0.44985220801937376,-0.07373284921016543,-1.2806470405617376,0.5169669678849571,normal
0.2797068304699891,2.1342899987340362,-0.13195800872232138,2.256441654598524,0.4703928886049206,3.6716512044893648,normal
4.054656576514261,-2.582731095112305,2.7031918987995693,0.3846316660342004,3.7891231442801527,0.5580211783972326,normal
-0.7519188966612415,1.20971396269778,0.7856742860046073,0.6155306870678331,-0.10362167888574196,-1.2267158008629366,normal
1.0069262581235674,-0.061788459799420256,0.6030273462231879,-0.9083475680016048,0.9154647113780086,-1.4223538559578357,normal
0.5808683455444654,-0.569603804277391,1.511363155049308,1.4962585910996467,1.2129051630157444,-0.07660195850224505,normal
-4.008607291310267,3.071738196776809,-3.8920807490538936,2.980879151205696,-4.858093704247678,2.1216296192437474,normal
-3.2779421297188107,-3.4372788455239327,-3.079685632957662,-2.341618246544841,-3.6596980969059145,-1.7635684571003483,normal
1.586895824513702,-0.5372528605250815,0.8746438921642483,-1.5838435952384375,0.6921981714770741,-0.4898851348416817,normal
0.2951638110892376,-1.4345325789835508,-1.6475250813475988,-1.2379165177175544,-1.371896296478646,-2.017900209785913,normal
-1.8517588487421097,-0.7761099610802247,-1.991853312220149,1.5195432087634912,-1.4420502055890245,2.0225650218378455,normal
0.916768435058926,-1.0214268084566112,0.03247365549335901,-0.7211136961123652,-0.38853420036174724,0.9194506253803931,normal
1.6741823294917038,0.38386501516593896,1.803268184398104,2.033891371175719,2.5764701227774967,2.6599033747400203,normal
-2.947699230103944,-1.755695832657726,-2.0633631853438312,-0.674160040302903,-2.3494089028481424,-1.8731778337460456,normal
1.1254319906852521,0.12469805813165225,-0.6558537788249121,-0.030112587084788145,-0.08555500211153783,1.1067012434765588,normal
-0.3844097431758061,-2.256167336256892,0.9603885517019978,1.3640847108633505,-1.4430143232095745,-1.0070631116244555,normal
0.7532199330348762,0.35602362174444835,-0.4170841957236686,1.1798667153135791,-0.1945926923573535,-1.1333196224557351,normal
1.7221136000275705,-0.502413099494162,0.2756504516314618,-1.3045680539622788,-0.1666104732093241,-0.8565400010328327,normal
-3.0010402396355254,0.5718107621499046,-1.753221277898231,0.7916930090551991,-2.685332369132972,-0.704868866893154,normal
-0.20898926462607875,-0.593123976603346,-1.3731476481709923,0.14847742779142992,0.4877175256339702,1.8473753565213678,normal
2.713274020631392,-2.331056055053311,0.9699420094322677,-1.057785140622433,0.4821393422112108,-0.6837156650806242,normal
-0.7660017611910047,1.445111662625668,0.3032404518344012,0.23535590520709276,0.6489665827087426,-2.0616017707470498,normal
0.08862392277525566,0.015902932728578678,1.124463642607955,-0.8982688833695287,0.6290018193121235,-0.20272640912792048,normal
0.414623245743491,3.157079798956924,-0.2575943926235629,2.1409390227558043,-0.5899037983802027,1.9119389422055448,normal
1.483993911163563,2.2516851631183967,2.265705327930544,3.0411572368222877,1.5231788405631281,3.9170178035099408,normal
2.22674027509285,-2.6145893035209533,1.3298442975450522,-4.222093294885484,2.1320233310912586,-3.061925762245177,normal
-1.7302155317308854,-0.18845702861351762,-0.18796336737953845,-0.23618145244229485,0.05490003242530683,1.038046215469274,normal
1.7004178312742277,-2.0124811384986696,2.267865871658263,-1.1598176476633384,2.2885244557158053,-0.7902319991635129,normal
-0.4426993479286698,-0.9770486237213738,0.9089868976486761,-0.6992458876708209,0.28767406791321215,0.33244758942979025,normal
0.9108222981881516,-3.083506356194351,0.9318061316681243,-1.821940614265555,1.3826845291845793,-0.5484271647273673,normal
-0.5424113767440739,0.5195707084002235,-1.826773107710181,0.24430180130387047,-0.46925060688289744,-0.5927720001258358,normal
-0.2204677072066054,1.4996747603217924,-1.1476382183506457,-0.6233314800953598,-0.6374063162634023,0.8278728843081431,normal
1.424054007341951,-0.7371603783545292,0.32419301985780125,-0.20174051407285087,0.641963213550238,-1.843238630326216,normal
-0.22230845431404977,0.5980701041908499,0.4944104843262401,-0.7802824247970738,-0.9014384253864686,0.40434823771177764,normal
1.299507185492526,-2.3115406452124523,1.2134134570501383,1.5428731481865436,-0.5860131125483728,1.1937489138963464,normal
-1.7050366578110054,0.2638925638437828,-1.3345862863746103,-1.5139073062719195,-0.9153775895441251,-2.1862564140477145,normal
3.3383974348565775,1.5676634994736265,3.852641512064082,2.650622926722884,3.509960559385472,3.492497902133027,normal
2.065126539748809,-1.074533416282281,1.132195502357323,-0.7387112672637788,1.1222559281942743,-0.6058579713609576,normal
-0.04522911564543736,-0.7777095298029185,0.16438319076386962,0.7230548040001277,0.1254029458018846,-0.3774612833954712,normal
0.3170605479733849,2.775247172512522,-1.3165749452443363,0.5728518330168926,0.25629390516255524,-0.8843205018496094,normal
2.847482596524945,0.7965920511711531,1.7242748579155722,0.038077166611525715,2.6894818312986364,-0.1890731559161762,normal
1.077177862118494,3.2751873770171427,0.7976973718310403,0.8468705506985101,1.7290103445512024,1.123494448937329,normal
1.1990232889276407,-3.0747677698943514,0.4885081270165359,-3.6563461639510355,1.5589498585288761,-5.041668271032885,normal
4.295841996380111,3.6315552505324793,4.219724421866327,0.836212636424711,4.82166453615136,0.09514382462077542,normal
1.6281035538995958,0.3459462632640977,1.3642253980900247,1.674063788240904,0.6063620014637171,-0.5148272963359919,normal
-1.470555486345043,2.002054136086687,-1.6855666303812047,-1.5393597072114256,-2.7078282853846147,0.33108622306782975,normal
1.4180550259272522,1.7856676972815162,3.0163370519116195,0.5959780907856335,1.3546049869044186,1.0907949855201267,normal
-0.5293298775617623,-3.7335790801359363,0.12896807708128621,-2.8175722198668964,0.27362496544661497,-3.857558883795252,normal
3.0125142860719025,-2.6846924466366153,3.0123269188497157,-2.805560163251991,2.808353565049819,-1.9448123086053797,normal
2.1106587703311583,0.10271999200582604,1.8890397844337885,0.30990009347483044,1.7318695723534243,3.0037386260591687,normal
-1.4656630738150542,-3.691689535119821,-2.017828251173628,-3.329263528456822,-2.023674485371873,-1.5689962602603984,normal
4.100491911409342,0.9678823605894108,0.25335868328183175,3.7622027652194445,2.451162182920125,1.6829703867702006,normal
-3.052307131922864,-2.1706859439005726,-5.3281258297149865,-2.9680237852622326,-2.766524208810825,-0.7488718607115155,normal
1.2496941768157739,4.810265110214008,1.4949492119967533,3.8312383078578685,-0.643047078247382,1.3996404790831045,normal
-1.481834530800616,0.7622401410322635,-1.498697622202518,0.8652970986739399,-0.6926602679492828,0.39548538679551865,normal
0.12180338859145035,-3.7733368759254713,-1.3032841500280805,-2.1323126194150026,0.15878369773720646,-2.320034208705382,normal
1.722656842024021,-2.1911006725728495,3.289891529666926,-0.7772878248761441,1.7108616087459283,-0.7996358508860055,normal
1.1229140967218667,0.6744295464451115,0.6356876981801094,-1.4266448010348503,1.0330752274287724,-0.44021553032236094,normal
-2.4902689358945502,-1.125169581292513,-1.841351716702985,-1.3648116736010627,-1.9307767487900018,-1.5257062208060024,normal
1.546656237343531,2.0417538910273376,0.8650511363381855,-0.988652241339431,1.0290215388586723,1.4140393988773277,normal
-1.3282481439348766,-0.3569702659969083,0.4808519831483082,1.2549581503760288,-0.5504631228558188,0.844183751919746,normal
-1.3652062173322022,-1.5116348032522127,-1.1049020775535874,-0.9986221939795777,-0.08032134075909814,-0.7799174507162396,normal
-1.8957113931863372,1.5102256518322128,0.12108538678024838,2.088695165221562,-0.05910471088013458,3.319572600037805,normal
-1.5561549093491986,2.3068324382032386,-1.3873892289793992,1.974247130121479,-0.24406919611463662,1.8230812469237165,normal
-0.9748607175680307,0.48659873762342865,0.6302210866411723,-0.795828990057266,-1.867126007554266,-1.1850296501798616,normal
-0.6988198034311178,-1.864600601604523,-0.7641746411305527,-1.0947315805099345,0.5471168744317548,-1.3599065751021306,normal
0.8749908262033832,-1.3902660511013558,2.968483667234726,-2.7914470695309443,2.2985466221107904,-1.7091008593260648,normal
2.186409979094418,-1.1856897202063377,0.2048588349211235,-1.4079948071248267,-2.05884546296291,0.4576606871441058,normal
-5.05714181303379,0.6763061541700046,-4.087119476427133,4.231130794125463,-3.7443177460898247,1.8439692809864139,normal
-1.8315372752209416,1.6898885347751877,-3.106246742881552,1.5045266267421864,-1.28107192709214,-0.3841391412420192,normal
-2.454476893451384,0.06896189238888745,-3.2130123578151455,-1.1056285058715543,-0.37406476002399147,-1.0634410856277787,normal
-1.0750053996200304,0.9412853736790456,-1.3099518764599725,0.5893152419729561,-1.5365761920085912,0.5074644465996878,normal
-0.4990511188894152,0.2881046457782267,-1.3829260432631574,-1.2325934889195755,1.2016247879148247,0.24434885623851,normal
-0.7698731037097936,-1.288271972993129,-0.5926992479182065,0.8412586852582168,-0.4424556077634668,0.1884057875556372,normal
-0.5615782499638013,1.2842246994280069,-0.1488598518668967,1.3190214627163892,0.4133854595335715,1.5386826643733,normal
-0.2714962978030333,-0.3368822077688056,0.9363366157031154,-0.41875205384130365,1.3160870379783496,-2.525451496098435,normal
0.6550591542472711,-4.0856288674899,0.6134160681807327,-2.274045487006102,-0.19200185642626555,-3.023047026493822,normal
2.9595391008997383,-2.3624699199038983,3.2031486184331373,-4.1327377077759575,2.447461545350661,-1.376650122350915,normal
2.4946996452390757,0.6875310541095914,1.58247796593406,-1.1996293006103338,2.860268581168258,-0.9789517902323163,normal
-1.1576658380672051,3.2628443247553047,-2.5028667837906085,0.9650114025071395,-0.9912176547079028,3.2620340968770067,normal
-0.1928128912865367,-1.3273253418997921,0.5225329115718174,-1.1790934459082179,1.5199927550681167,-2.7233578307027435,normal
-1.9071031701849295,-0.78498364429357,-0.42713190055863515,-1.5852906531860942,-1.797091646132452,-1.9369473476756145,normal
2.368832078363097,-1.2204016494102587,2.4310465069931735,0.6652076789472361,1.7391976188321316,1.3122625144482452,normal
-1.839303365716931,-0.5820040582283312,-1.3218725339784092,-0.10951185991759127,-1.9695394974829812,-2.9039494531931265,normal
-1.9176722794449006,0.3131486088670708,-0.31340357013764475,-0.3869970073632104,-1.4010531314599532,-0.675514089319091,normal
1.9111381767710163,1.849701983146229,-1.296271187328673,-0.8523077260307031,-0.3751298456437489,2.2564772420957695,normal
2.115587139440814,0.5863681072417346,2.4836675230036676,-1.857398251199001,1.664210833415275,-2.0721599058786206,normal
-1.8204876605752816,-3.353915929521401,-0.9909858455430248,-1.9302294401642208,-2.3024952397901552,-1.4324675047996505,normal
2.5945644843465594,0.23422350502303363,2.978196945355551,-0.18345647562344258,1.6921094740260887,0.1395796444681921,normal
0.9411733627238148,-1.3296422011094227,3.367687490575965,-2.9632888592630064,2.6374713097022426,-0.8294146445684336,normal
1.5602232890677652,-0.7482978812760273,1.5665596277335068,2.2131563498889766,0.8963895928006655,1.2070625879539003,normal
-2.5235366963105053,3.603953525959853,-2.332786058817969,2.632235173006779,-2.4555667948727344,3.832222655732684,normal
-5.607826636947363,-0.6507986096752677,-2.43067430297641,1.46199886875486,-5.552701859605884,0.5479472164824387,normal
0.24098799264685344,1.5085886772582704,-0.8916157866677179,1.362735855938578,-2.113345793270267,1.5558295096116925,normal
1.3282047993999802,0.5314461342154879,2.009490293735138,-2.0558522888337225,1.5029236921518223,-1.3760526171829912,normal
-0.3284484570271877,1.5648658340444983,0.5367972766747936,1.3739195068211352,-1.4847493270176777,0.0020696617234711306,normal
1.8060752711307173,0.3321540910888243,3.1175686037599832,0.875603767523629,2.868194945681754,1.244732544904842,normal
-0.8989596653630443,1.8819025275045382,0.20326594892549943,1.5800571678581043,-0.658635485593082,-0.3598162210440902,normal
-0.09596498585468904,-0.579879786226163,-1.0489947738022958,-1.612050819267309,-0.3372058152932932,-2.0449758953412323,normal
-1.4159173777939613,1.8239089850951,1.185127775127068,0.2143592913065362,-1.7661559923791708,4.138033665733216,normal
0.8766298170941319,0.03270801601846507,-1.292301086507924,1.1605313197394391,-0.8797542745468345,0.22481746437378225,normal
0.10593152965181557,-1.157697291678008,-0.3958084898714621,-2.2160043056476746,0.17237921097914888,-2.5304281990035866,normal
0.5613480003197336,-0.15172097001782991,-0.7072434153693459,-0.2666483087018689,-0.9232968729173084,-1.0674192796970778,normal
-2.2935106199704887,1.382878214653497,-2.2192421116508303,-0.037387246540984354,-2.210028271256972,2.6874664680809337,normal
-1.1714653620643976,-1.349195731898691,-0.6463558600772124,-1.4262090449220775,-0.9072413350165552,-1.505476907842369,normal
0.8843493779059239,1.1000158297318465,0.6356024142485858,1.6798350756980072,1.0879558777415141,1.9547237249618987,normal
-0.7051676047209727,0.4238158539160957,0.4949994631542247,0.042691141626725826,1.03431781570283,0.4338614020283916,normal
2.944863296174433,-2.0695648055890574,3.9748582054934505,-0.9311017357529219,3.105221518286716,-2.029002570177084,normal
0.6149180210685756,1.0272621282524148,-0.4113369628138326,1.188946761401227,0.04974268108533472,1.3394184003748515,normal
-1.4100240113035174,4.123179303213521,0.2079413829095097,3.557821502241048,0.5922612634145267,3.16654533505526,normal
-1.1702334270241832,0.05273782868979093,-1.817854034322996,-2.206963029620361,0.5926092535879212,0.2282738639346651,normal
1.448096222108719,1.198154870183134,-0.34624783157200456,2.668114386822096,1.1856182338195063,0.008807511974737947,normal
0.19230403965302933,-1.0310530462318521,0.7255594332566802,-0.911497368534961,-0.6393703461697895,-0.030072848302779898,normal
1.2989051736081838,-1.251043635579968,0.8496023884017135,-1.9509911742532033,0.36013735404474756,-3.8887419586283904,normal
1.3873435084964008,-0.3666078939770733,0.8353762372698414,0.03046630154210911,0.9930044580994825,0.7344502825008097,normal
-0.7324883187399587,-3.4697993771749256,-2.8749584120424885,-3.263375936973145,-1.1986495262224905,-2.962540854908738,normal
-2.100165379206951,0.49244962287440974,-3.06674929866691,0.5841519876173711,-3.4256527345586423,-1.21896492242109,normal
1.6241289003606092,-1.6510384919001342,1.0667218974911363,-2.083426656426123,2.2666949197336264,-3.214731193241718,normal
-0.0551421227575275,-0.39391005048746536,0.7906374625618919,-0.492798135759058,0.7340250442699656,0.9819869393284544,normal
-2.5926716404598187,1.0838786664207771,-2.6953459077542505,1.258286465526093,-1.5819333963888196,0.7910551413970137,normal
-2.251758437824793,0.6558822868320833,-2.924768918023786,0.029562080036642055,-1.9946187747527704,0.7720249980674585,normal
-1.7934170524828694,-0.9053939395725834,-2.1780588992873993,-3.0281166022593435,-1.4241698357498687,-0.6168627901055534,normal
-0.6611523588772192,1.114329420885256,-0.7810902347146826,1.8733150862666519,0.28918418596094275,1.1466613031433466,normal
-0.7347390892209696,0.5201764794221053,0.7311603384509463,-1.2444949716993747,-1.1502703680196422,-1.274625492887448,normal
1.9558168443545232,1.48170462072237,1.0808637115730602,-0.2132578014717077,0.7529877658624886,-0.15864784559985118,normal
0.46447645029707396,-0.1712564005532093,1.7299535501665864,-1.103411671917324,0.23829303933592727,0.5338298372834109,normal
1.5141200363421492,-2.7890549824047506,0.3042187381833674,-3.804027692249975,2.016168534347929,-0.8254069867695577,normal
0.7842679146968026,-0.8451565039888959,-1.5674822205051298,0.03778329996367305,-0.18008041924988927,-0.38664565139686147,normal
-2.3041661053016655,-0.43606570953682466,-4.188722476175061,-2.373424855877181,-3.640291153895587,-1.1762653086107366,normal
4.049684034302029,-1.2258777127996092,6.068251936509263,-1.0306550364626057,3.5906013362651565,-0.27251411561752803,normal
-2.655392639218886,0.37042635008613645,-3.125375221075636,-0.6808891390718095,-3.0931725412101403,-1.0614771107423677,normal
-1.3721117469361732,-1.3262122545522745,-1.5745106716281394,0.49067104550350904,0.2504577381891,-0.9129211856444666,normal
2.045399382165539,-1.2885285234017685,2.8453193330010422,0.15831480494388706,1.2549679564275864,-0.2997706678295361,normal
-1.054606506323374,-3.2717214913327854,-1.381200582574854,0.5366339364823332,-0.6855101559493235,-2.4884588078916687,normal
0.8500927663988,-0.4528440118349243,1.1072926165942423,-0.45947407067573887,0.9681832402565425,0.8724252881860844,normal
1.256716667461076,-0.33778519550439157,3.068663955684555,-1.5749275185486185,2.9190878817873203,-0.7365089760035279,normal
-0.31291398026796324,-4.276628964451953,-0.1548774226353053,-1.2482458260366822,-0.0650132810433593,-3.7796083697978666,normal
-3.8634867627506537,-1.317663044529955,-1.6539014346647054,-3.0754679911437086,-2.461042028483472,-2.9963994650590733,normal
0.28863673818681324,0.10573641903362407,0.8250694321744053,0.15835933306016026,-0.34841695489283375,0.7021132515538813,normal
-1.0215135421787795,-2.9322396740480112,0.731767096886911,-2.071433978005369,0.6144690254948657,-0.5254095031442743,normal
-0.2989010939057963,0.7705931643535701,-0.4423875677229751,1.4089742256242812,1.2016640399797436,1.8209895121816166,normal
-0.17272883212248477,0.7817049883797262,0.34518065863356967,2.069140406151995,1.7064660838564654,2.0723128711578145,normal
-3.243239411195362,-1.389798174406003,-3.0816209363722527,-0.10484350733722603,-2.435079223070139,-0.8254174386282597,normal
-0.5258194642214804,0.48224225516871727,-0.03850621673924404,0.41444589225947004,0.40313913583232364,1.1972043088167152,normal
-0.667727501803022,2.874173424724774,-3.581191056249925,0.5927281009327955,0.07574683854723563,-1.285839532082868,normal
1.335488296878562,0.8489010883133026,2.1272131588061405,-0.7894996907052274,4.140988922149899,-0.2635878354871538,normal
-1.1754489102553247,2.66543112518783,-2.5502947215245486,2.7960401300589157,-0.6568751339384733,2.017493695705493,normal
-2.773454114346971,2.012281550043675,-2.12785356639925,1.5217511235004644,-4.487021573981458,1.6996562095503176,normal
2.387796767663739,2.9713298647309387,3.5744648339477987,3.595701971942826,2.7184255068987744,1.0208683338124644,normal
-2.0439346306652286,-0.04391903086516136,0.534110946687862,0.06497912321471283,-1.9801892917589927,-1.5649723204828283,normal
-0.7173886500848864,-0.6390755194494955,0.20526900028847755,-0.6920048210686549,0.25781702040586535,-2.095579996298854,normal
-1.3240623385378278,0.5003320902856313,-1.863557752771212,-1.2668119588650817,-0.09109645193793026,-0.33079129498157944,normal
-3.7850334981981155,-1.603421959017185,-3.8634920543621827,-1.2624341396700767,-1.1483085201304832,0.5440227778479005,normal
2.6554364888875996,2.034854735568512,2.8455971532373545,0.5633422191534947,1.8333959279476673,2.5317667420764964,normal
-1.9151067708783072,1.0541269150358565,-2.141376687450964,-0.8993369158421015,-2.004470793080118,0.16312583508939738,normal
-1.5941362969072772,-4.535574388349648,-3.320965098214118,-1.235214127536833,-2.9161998348175446,-3.4031086464694593,normal
-0.671858572368831,-0.6029969779656832,0.7881104378130179,-0.1734559305935395,0.12507011836406567,-2.0572741230894365,normal
-1.7307561825119482,0.3345882813702823,-0.8474712465018827,1.8847765497149604,-0.8804018282147704,0.7197526786643244,normal
2.435223156881705,0.8801209557659639,3.8428468187564784,1.1178515231976744,0.5185183207611835,2.7478486459965183,normal
0.8605932884926711,1.472537988828647,-0.9035028933791278,0.6140928156412057,0.6202461625838055,1.594937436875362,normal
2.815229475515209,0.7126595566170087,1.1943655961229551,1.6485696792266542,1.8856850267384486,2.47068917782496,normal
-2.0875989192081557,0.39519081202328465,-1.143963738459317,-0.5489627254005314,-1.5115050300323831,1.0429796076100477,normal
-2.661345095473361,2.3363292166276755,-2.883325134446957,0.348141304785736,-3.9565578174390597,1.784233751579966,normal
-2.382795568550824,-1.4899584406525752,-0.9012693858062728,-0.7235148773290163,-1.7855954474274853,-0.4853194409845996,normal
0.740844601784878,-0.303393280987433,0.4015799859965314,-0.40322450034052765,-0.10703175725373382,-0.8934679017523195,normal
-4.623784813047878,-2.148527557648207,-2.769885383616127,-1.7586766944969,-3.5537710612748654,-2.6920879060819085,normal
0.5044302659900677,1.7189304530599328,-0.35847664089936737,2.806567909813718,-0.1788231348282706,3.2570520155341383,normal
-1.640671888150088,-3.77787915963502,-1.539726384500488,-1.44674815429537,-2.4988844013974636,-2.2758713313879206,normal
4.0630793042693085,-1.0258025659163723,2.034148628297578,-0.5997010116939008,2.9644177251962067,0.43711885242174686,normal
2.2977762060842917,0.7351648084610951,2.4065138424000803,0.03557868437393774,0.9078168596445575,0.7628427334592662,normal
3.4399872476182694,2.6054314622608477,2.5084098575142963,0.9596224558733559,4.317937872043001,0.5382833240033563,normal
-1.6223745907355358,-1.0391460872063498,-2.0557501711875292,-1.815055505209236,-1.9615025010749105,-0.3565493082022093,normal
1.04338769045952,0.6103522978414986,1.0981365100138731,-0.9005021159097419,1.2636393229758855,-1.7140174968648467,normal
1.789939553299371,1.3604976905681279,0.8963557976523202,1.31630832317094,-0.05106383714439533,1.902255756109222,normal
1.5441379545402223,-0.7450234733425474,0.1581867321815732,0.8669718266749262,1.1812811975309931,1.3097270131975014,normal
1.2193825717817193,0.07280160611900949,0.8104826853520883,0.9184385897379932,1.2243230631808584,0.04092056553460682,normal
2.3095749792950393,2.6796301421113884,0.6156407678322737,-0.3537285370834242,2.718503759517147,0.5851361219347655,normal
-0.10986253884429364,-0.4808272505913802,0.7463914610538073,-1.1323847999113443,-0.1385432456786354,0.612700988062111,normal
-2.6506940778927666,-2.152652587026316,-3.205018946059591,-2.2410084170509963,-2.986170540141339,-2.4841112830587053,normal
-2.4596283873670233,1.5566366414831165,-2.1419282706250162,1.0017192863950555,-1.9571747076402062,-0.33709140344170063,normal
-0.24900500388287017,1.0588502988511688,-1.1664886466092466,0.22600721398901621,-0.7970168414673191,-0.7440889006540483,normal
13.442640952300039,-0.979579514079746,7.886152855767666,0.21676769680245891,4.217688864583865,-0.134485998440656,forward_head
18.305207899814373,0.3088941130328234,9.64370950476649,0.10413001221469308,6.1951132237996225,-0.6319388778257431,forward_head
24.86822313285371,0.06588187935712891,14.063026978774909,-0.8056101423032563,7.78061877428944,0.44152294225043937,forward_head
25.18801102224771,-1.0320844142539014,14.78029202168093,-1.121997673466952,6.3909632620511925,0.9263624151579788,forward_head
12.949853094034143,-1.0877070962480273,7.485347423406521,-0.5642476116493784,4.331604287014669,0.9865706202297216,forward_head
20.203709619502597,0.3035200759728224,12.7753677200816,-0.48024255240287145,5.052441642459229,0.27747804021232964,forward_head
8.175426999365072,-1.387680549573206,6.7852306132738045,-1.2930331185735493,2.4941074818710853,0.2511247677774107,forward_head
20.870036487712717,0.237075951205877,10.460380411899951,0.02391676987028547,7.870778100609586,2.8337084584814525,forward_head
24.221704525132647,0.4391589968864121,14.684736978719002,-1.9473779971631602,5.670551113357467,2.097799176150389,forward_head
18.34841336686599,0.2404079743196821,11.16871583540029,2.330852597542875,6.346141097040857,-2.3685499808754398,forward_head
18.748497638081282,-2.546830308691902,10.282091310851417,0.2841562874225867,6.778414843928204,-0.12220106787450831,forward_head
11.48958548859147,-0.333103061335895,8.45313281095127,0.11535432068166136,3.5384850953419753,0.44184052777626065,forward_head
24.455127781639398,2.4073494224695877,15.279746913460224,-2.003183348093901,6.906528173154193,0.004196281721508435,forward_head
20.72204355556095,1.396958419813615,9.579049571092344,-1.318312022514069,3.5812808192544887,-1.1147852672992768,forward_head
10.466051023915815,2.2150764745892855,6.606501960963302,-0.13396854714041537,3.9501566962049264,-0.2957050151918114,forward_head
21.67879939341891,1.5311575378849764,12.41191025494528,-1.48095418636695,6.835820943468783,0.6861081050479167,forward_head
14.878404442275336,-0.723568756438587,7.200870285623193,-0.6875790430135382,4.358000909016415,-0.29411929417225485,forward_head
26.163600040097,-0.09168582036331764,14.583714464448706,-0.8917747551471092,6.339679420449977,1.5393969264463359,forward_head
10.929857442211883,-1.724307464524379,5.869678494858394,1.222199929931246,3.4674244247782076,-0.4167913302219154,forward_head
18.438477599751746,0.7023241629745979,9.619835911487332,0.5044671510107833,5.439711424224833,1.7274289632494741,forward_head
20.20300873152062,0.12820964386281808,12.329088688754304,-0.6261336901494374,7.205144052296906,1.3763741308681563,forward_head
11.681866978909762,0.1191095293009187,7.170602096701163,-0.2027198612055006,4.301680950273385,-0.4889803009625133,forward_head
18.44288265766849,0.233324048599673,9.853224050686833,-2.0214368815949437,4.5440002295880975,-0.389092588206281,forward_head
13.204466502906675,-0.41509599341076636,8.30909987847355,0.5791589417809767,3.0310754865865928,-1.720578970255799,forward_head
12.717018024433571,-1.6987033862289789,7.5835147789492146,1.0125572831906333,3.940748658737907,-0.19525362282975647,forward_head
7.939215764415987,-1.4130338793151611,4.940740509536736,-0.33813898710054396,2.4236797455948924,-1.7515028677853095,forward_head
15.909878277373405,-0.6260829271638148,10.590946377030614,2.25619900909606,4.6092275575996124,1.0760299898196835,forward_head
14.633358996468052,-0.9304522642937739,7.436375699704469,0.8473565193784999,4.455305179008328,-0.7502306191673346,forward_head
8.381768652663283,1.6092997271396627,4.792130940939993,-0.9623956339946563,1.9686067621457484,-0.5051596763565182,forward_head
18.926926197739345,0.3796747904138769,9.930322326264275,0.42739556619511804,5.492571117006156,1.5733869344891815,forward_head
25.966756724264773,-0.01428348879799332,14.995862126831785,-0.8652177349764598,8.109493261765438,-2.0483010916619415,forward_head
10.851424320430983,-0.4496135447256289,5.749323995100976,-0.7517899108642881,2.1037812839091563,-1.07217046733088,forward_head
17.109396507984634,-0.7859944430907139,10.190564369065061,1.2627093445546786,6.902425050752152,0.616749244972336,forward_head
13.918719644781644,0.9223377239011725,6.520245711025755,0.5401051979284671,4.589625242264561,0.4980737543016475,forward_head
20.131365334393383,0.31230245628560693,13.028957453055416,0.7543132052771592,7.981470102307432,-1.433723238883122,forward_head
19.08313908961909,-0.2025176101448277,10.860236651450277,-1.8080683499650345,5.629546428625788,0.24594478006388967,forward_head
23.822562370252086,-0.6131687903509133,15.55860091797015,0.8520194256042838,6.895437729173262,-0.7976343629392745,forward_head
19.109545705673373,0.02813080852137866,9.541823657587505,-0.744408508052111,4.679184237731672,0.1786772919304125,forward_head
20.111356539067817,-0.17676059742558572,11.70569621347905,-0.4378914381208796,6.157359059607427,1.284860162177654,forward_head
14.147763215422305,0.041858787186930285,7.6287903942968684,-0.8209682709605263,2.537349203775946,-1.022806147752734,forward_head
19.883858578888198,0.11335079177029157,13.937069978133803,0.8652695050698213,5.427409907619706,0.47564207415421506,forward_head
26.504836800783593,0.36429938186052035,17.662054148884803,-0.8673995764562495,10.099535228058139,0.9210227634526568,forward_head
14.859319127494446,0.2399190850428303,8.161960626844502,-0.720141511931536,3.8644766503509507,0.37942500440954086,forward_head
20.410868916514133,2.8314852742466323,11.728123479412337,0.8599909597773101,5.745000821319882,-1.057061898006422,forward_head
26.159927004510156,-0.2599365853358017,12.326145914923682,0.9698811900873049,9.5796043399672,-0.14385634322213847,forward_head
10.816751180057173,-1.3762409831908937,5.388194444640552,1.2533264664103798,0.702198123927587,-0.7906522003097647,forward_head
9.76713335536612,-0.40716877215486685,3.443217120302691,1.3165134297959924,2.3408792224420063,-1.5958131365699169,forward_head
16.639899092985356,1.539505788642072,9.855299365451945,-0.1864464448715057,6.323973237898127,0.5908806219791308,forward_head
15.080702182713328,-0.09090802005794175,9.900285519183713,-0.9673563059645304,5.458545380254137,0.27300271252786135,forward_head
8.213755801814308,0.4506200458898788,4.02136197694113,-0.021056635339765203,1.352318456029676,0.9702840458355168,forward_head
10.743563677514855,-0.5226590906984137,6.328807473836401,0.9595612090412694,1.8982984506590888,0.11074902345651388,forward_head
17.43248330265538,-0.1987923608798469,8.514137628134486,-0.9252851005984823,2.912134842868296,0.7169760349502766,forward_head
10.642479791088629,0.24039823518062778,7.017096561481541,-0.6071584698179379,2.3057102031030423,1.1994688867695136,forward_head
19.48649980811869,0.13259123566437533,12.242061385052265,0.7038120046976474,7.150036921231087,0.09754468827570965,forward_head
11.462324534273565,-0.1827629863368011,5.001793392688981,-0.7353452220253707,3.649951393994568,0.1648836409056904,forward_head
12.542489392014815,1.9375473147729616,5.641254602893482,-1.688139163209385,5.65824549731284,0.2403939818105377,forward_head
24.714764110740344,-0.12654602350566785,15.615151006652145,-0.004525814188315946,6.315231827816737,-0.09304911102267667,forward_head
18.65643762270858,-0.5198438476311308,11.811317272706386,-0.16073543695305828,5.041043068470359,-1.2974104053060354,forward_head
18.388596485685902,-0.8806521173292186,9.693306756806084,0.5143458173683702,6.415066546903508,-0.3373395617624865,forward_head
20.094998077335784,-0.178500405534637,11.256180943101155,0.9548909155117629,8.195652970742882,-1.8944496447549188,forward_head
16.815193492910456,-0.91160326286717,7.450071382267089,1.163581458113009,6.136033849782628,-0.15931576209364645,forward_head
8.623728858153884,0.8167059284740097,7.930033767962933,-1.4360873672317314,3.55360021001203,1.7184725119208686,forward_head
10.84031554827261,1.5154195059583808,5.496409568865146,1.1807444163125387,1.6300264865264436,0.17305005135861795,forward_head
17.24463067053803,0.34205221893252363,10.693395819790874,0.07470964180015963,3.5753684252647573,0.8557226279263409,forward_head
19.806410594864204,0.9858080888445862,12.825629754135647,1.0185853778105325,8.84737647244509,0.42358575885060756,forward_head
15.731048538587658,-1.7873242445220847,10.692808076828033,3.194113035902722,5.86689495913281,-0.996610363995452,forward_head
22.734245973078792,-0.6302333952503887,14.167029785616743,-1.0170867711077771,6.577067207681809,-0.2538177084112552,forward_head
18.41293127475999,1.4272199968757966,9.12671056970537,0.6817297440647835,6.87053584951925,-0.5981709473036011,forward_head
10.047245051521312,0.4584006209863996,5.721008603238264,0.3513432132930617,2.7800106193609633,-0.9020343337121619,forward_head
14.366446120380877,-2.191531115745344,7.0144212919374445,-0.5871490377453374,5.874678769902132,1.6312629534211527,forward_head
16.229572031187047,0.3576156314501855,9.165413314994113,1.33514739718308,5.425020496660834,1.1076472850749524,forward_head
20.934624284388352,0.21763688499060538,12.846975056588578,-0.4407632601619627,3.897130705845952,-0.4075873101822278,forward_head
13.55954424431137,-1.6543575475986025,7.098533871699137,2.1462854934567615,5.413677420281003,0.3149710306124252,forward_head
14.357969466403969,0.36428257086629406,9.483122636047279,-0.184533946761765,4.37297846969863,0.913295192677769,forward_head
12.307804869434522,1.2093663358557414,6.308493848859632,-0.23796427539472054,3.194210787833845,-0.3114514165481917,forward_head
30.269569708779994,1.1158772495807519,18.64477158908212,-0.02921333299459492,10.842799512724614,0.9359150364791454,forward_head
13.325602199014913,0.002188838575068013,5.954892146520558,-0.35525415563195023,4.539967761941461,-1.4631680894465036,forward_head
24.90794488918016,1.7324679325747716,14.384136086285793,1.1113299321018764,7.895998335019714,0.09915668936893607,forward_head
26.459543321082926,1.2717918974931615,17.453813402485682,-0.8981445759806964,5.31186719085025,-0.9084912382179043,forward_head
20.174532794861506,-0.7257420676274848,11.056947522958751,-0.8599626294185463,6.331558336850966,-0.1527898403502717,forward_head
22.113367187885018,0.713615847322537,11.833463888455055,-1.033902653163487,9.084507289006117,1.1004088215602774,forward_head
28.06324095877381,0.6647099484873848,14.732803405126555,-0.1575259861911943,5.995010771720392,0.37775971605594366,forward_head
31.35229834726531,-0.13408605891458522,16.060528676706994,0.08884379426899382,5.952175136112321,1.287365601134378,forward_head
25.86354360302972,2.3200971263106402,16.12067754065745,-0.5175139346781814,4.914166551238679,0.9578853663287419,forward_head
11.620823224050406,-0.281735776572649,6.0916353982002995,-0.14613432813642405,3.766066179774751,-0.466479117059201,forward_head
14.492337025436104,-0.2304785091158027,7.935168207329999,-0.23088021825515836,2.265676289190286,0.012498797758136589,forward_head
11.69804918737145,0.9947815291430099,6.845545526575261,0.5811205285926434,4.288805887911714,-1.5880886348806875,forward_head
24.14111077006365,1.65610456629696,14.468958831524471,-0.5193513543416097,6.3300154139890425,0.864011375022602,forward_head
21.967053929676688,-1.061307057577224,13.705372638396346,-0.519364902498496,5.827436334467908,-1.4057867623881772,forward_head
21.190939310897104,1.5019542265975248,10.380866294540095,-0.3185188906119637,7.24715608628858,1.1115435809642757,forward_head
25.13218817250198,-0.8676526878521333,16.880379408694736,-0.1607090850165354,6.9866455873508,1.5439701122825231,forward_head
17.654332945705686,1.0867098596213884,9.318580860901069,-0.5190049977562072,4.327827405652558,-0.6101739036123783,forward_head
15.331643348271449,-0.9672297594060738,8.753462280026337,0.05265216639789087,4.912711876643973,0.9927720192317824,forward_head
18.506172739308532,0.837340619917006,10.460443121572661,1.4254382510144508,4.295306052310511,1.1875660742800382,forward_head
28.281527321228843,0.14952723729929335,14.413059728819725,0.2958134853724619,9.581498576386164,0.923244635158288,forward_head
5.155861345316398,1.5498510941265145,2.3537640322961244,0.5395367938193318,0.3378300992542723,0.6584811012172835,forward_head
16.187998143019197,2.8499101132446305,7.21717928783624,-0.47069434488112283,3.8363313184977628,0.0775276857824352,forward_head
23.296901997453485,0.48113682491216164,15.238432169603081,-0.6425239989032807,5.415579609192607,1.0792143257684104,forward_head
18.70219481327995,-1.0648509643878592,9.943714732884382,-1.8552153489092964,7.145000303649226,-1.4212443811023885,forward_head
20.358488587562814,0.20175438102167767,11.416057839138164,1.8519849699141144,7.774773470181872,0.9607556863021718,forward_head
19.6047980791175,-0.9628144661077321,13.611811352638142,-1.1761351297140208,4.283966796623537,-1.596690888563056,forward_head
15.073846811497733,-0.18570877984766065,9.253285939223094,1.0488737500942702,5.900422221430661,0.15849541034899162,forward_head
16.904234419599916,-0.09283439438927923,10.650347851909178,-0.3819790646840858,6.5060573399953565,0.48443122564427404,forward_head
14.846771645841159,-1.7843331106894198,8.122673715280943,0.5929868954424211,2.4947948091850556,0.4829855311086351,forward_head
21.88949385278279,-0.44670250749754065,10.611399930009469,-0.09025946998938084,5.368995329088886,-1.0513577382515287,forward_head
18.284289795296655,-1.138670268661717,10.983991038034798,-0.5529289673643482,5.313341915059308,0.10595376750041019,forward_head
26.905455911439308,-1.6252401191571937,14.015395919298825,-2.0344401962628647,9.575386135282692,0.5685244649252005,forward_head
15.486371672723156,-0.5588125823098358,8.3597779157439,-0.7992134614280395,6.378402283439341,0.5368813778236036,forward_head
16.302766816595835,-0.13604157098036546,10.480725053917023,0.43433455569136553,3.0472552439125065,1.3543166428856708,forward_head
24.5269922251722,-1.1903472693889288,14.582738768713076,-2.3919070921406353,7.0390439726310134,1.22470671683055,forward_head
20.958810890063003,-0.9777747199837764,11.364247418636413,0.5323551696344795,8.613055107836683,0.7768679333548842,forward_head
16.53700602212778,-0.5955494187343696,10.455081704237195,1.0482697543542812,4.8261495111373245,1.344635610768829,forward_head
20.633631399084564,1.0866180784190358,13.001234687205553,-0.34370136658356853,3.53763469972054,-1.7941180734762907,forward_head
20.553056735400045,0.9708803859929719,11.738440293865638,0.27481945901102384,5.042342427482573,2.4824043706260785,forward_head
20.216893885984582,-1.7025804711026689,10.391819907133687,1.0415310830752298,6.781464836058403,0.39729873651961867,forward_head
13.772464135473268,-0.7102899480556413,6.56777253967589,-0.6432255958575042,3.617363186741304,1.2190053333869801,forward_head
18.42170634201595,-0.8299591085610616,9.285599273552634,-1.852983818686645,3.880091990911699,-3.1442783338090385,forward_head
9.78345493239528,-1.4544076535330133,6.050091298208345,0.3997242866199825,3.46168852656487,-1.9980871708022585,forward_head
19.56909849230104,0.44965279591082613,10.835116974512076,0.2646080122409921,6.422344472004147,-1.0624211533622172,forward_head
19.14410175226254,-0.9929408601065878,10.339900824639994,-2.6289362534760246,5.003396597132963,-0.7972406140807622,forward_head
21.0521830940393,0.43584208997278845,13.621383983057134,0.8031791426761434,6.797797922011189,-1.198128249426842,forward_head
11.638756456073112,0.11328251572792235,5.606359838816871,0.025082250954925948,4.656258366092558,0.7716500383431164,forward_head
29.934625479040857,-0.148975994533765,20.186651309706875,-0.5208387131467078,10.679655174141072,0.14753764639283762,forward_head
9.422067403263373,0.82730060787003,5.996887444692081,0.5361655899369155,2.358778104595044,-1.2426899515590974,forward_head
11.230406377235406,-0.22250853902521125,5.669588742880283,1.3326066274341486,3.057079178388638,0.3850577789693339,forward_head
18.634914799247817,-0.28286945310263745,11.566744342097127,-1.1236055744784486,7.444544834569895,1.4148997329024293,forward_head
27.88919626423312,0.4033412172829182,15.2662263620453,-2.013596139068785,8.8702326267299,0.4976379045117049,forward_head
16.230436076585967,-1.8396567773982435,6.729436897544049,0.15429326294530646,6.07037269379192,-0.12456993712717936,forward_head
16.655784409784296,0.3505902454742964,9.946087427191696,-0.4665110810238395,4.834064560911002,1.9307263766546665,forward_head
15.754499797317061,-0.20442243163980808,9.014421397132784,0.018718020822124367,5.50387192232996,-1.851540529547109,forward_head
18.625552236233176,-0.2597438777781127,8.919542683665842,-0.2219652523462905,6.1366008661494424,-1.7719777041288096,forward_head
13.037136925300006,1.3850010738112473,7.411950622023036,0.6170014623829175,3.989680690852153,1.4672588220571539,forward_head
20.756705755785184,-0.9319699611363667,10.390218460707771,0.31515340164226047,7.077776561204161,-0.294473879009136,forward_head
22.07099714974768,-1.6922164265324677,13.554560018282933,1.0045833079344084,5.239608586259122,-0.33442807481761466,forward_head
27.886294094675634,1.4347268538860753,14.662036383511744,0.7916884755400724,9.490530942995683,0.03503860997250445,forward_head
11.424718823585899,-0.47444630389774506,8.189550578418256,-0.34199607592207854,3.0640635828278704,0.8483002808629213,forward_head
10.808720645744726,-1.3003008780694316,5.151659002726993,1.7128891383239224,1.651391153714108,0.3433237137239416,forward_head
23.358425036332342,-0.25080793644048377,14.68418613702005,-2.038764537309031,5.240648609478201,-1.3930803551320048,forward_head
12.426001670473582,-0.09300349656497776,7.894977114418167,0.5037289854895349,2.8815328595728698,1.3608415255601172,forward_head
13.155082421047846,-0.8016210036948958,8.097147664413269,1.1923122356894893,5.555672218561255,0.36641312686097355,forward_head
10.23506243512603,1.4015722982017054,5.880501468878093,-0.5909968895014516,5.449039180201982,0.8178544346641331,forward_head
28.734776449988768,0.5143854382435239,15.932356664874549,0.8524727556975388,7.191876712159018,-0.5372250764119196,forward_head
9.668752519245805,-0.8482583644996279,5.055629917399159,1.6372693982714377,2.330147870220742,0.8865751214099507,forward_head
20.445064651187757,-0.8682666770777586,11.381029069793499,0.5438933930558608,5.286568933702653,-2.1325118168743438,forward_head
18.629656439893942,0.4853555875210163,9.38342998769156,-0.35478888535830716,6.7748310937051475,-0.317402947441797,forward_head
17.670098258817198,1.241454092208404,12.515823782670367,-0.761337354180956,3.600268313100992,0.43358841480835164,forward_head
28.063608168465883,-2.9419601033967555,16.15668866692281,0.27314087271248416,6.962927420898094,0.9091442583228047,forward_head
16.026813307112487,-2.1725754968391278,10.597597173690662,1.0243518240258673,3.530014047791645,-0.43004730943682384,forward_head
9.667591574551837,0.902494095480258,5.112489881448341,-0.09754102041958776,3.690094115584148,-1.6834300616047722,forward_head
22.614380926000372,-0.9763056589889721,10.991373965849972,-1.738565291116909,4.431855299719332,0.5787231339380876,forward_head
22.37859071711142,-0.6296532252471642,13.583284377067958,-1.035103795099007,7.633515656686218,0.23087722414578546,forward_head
20.160881359878317,-0.37354142897132825,12.818364311677476,0.682488649218257,3.115995501745901,1.0682930500242194,forward_head
15.059929409827344,0.9352190879164576,7.297285040425093,-0.5503937633348214,4.509125910925767,-1.346270630506303,forward_head
15.353493388426726,-0.11007881552339607,7.512475980231869,0.08641506206427763,5.194899428376895,-0.24714184794344227,forward_head
10.411469352094676,-0.25351595031133584,7.112391987172043,-0.491550369370723,3.0398599730311324,0.0979573087853525,forward_head
13.004381194922152,-0.9778538523582492,6.44192225660777,1.3173727907437596,4.67257034060781,0.32993129642299845,forward_head
12.703207867950812,-1.631125200422649,8.372802380736326,0.810105075195573,3.056188525740356,-0.29446581224180846,forward_head
12.793496990950338,-1.4563679052912988,7.353010905294136,-2.2017507408057657,3.5877589262885206,2.067545848368871,forward_head
14.956897227978931,0.9972353978442253,8.938505841182623,-0.7373486738811725,4.99310664067752,-0.1951389695300325,forward_head
10.134534005376569,-0.07532570787425391,5.134422113254403,1.154396360473183,2.035727574779657,-0.9219853760606168,forward_head
10.801334914083315,0.51131344255462,5.473475027158342,0.41579278991161656,3.0428733638812786,0.12033599087264647,forward_head
18.4243982059407,1.0713149515241247,9.130829275034934,-0.7815436800837624,4.4615760077086435,0.3976461337784692,forward_head
18.35984140291348,0.8476351509467382,12.199804899121347,-0.22909620535408642,5.229139165945294,0.6283049515740762,forward_head
12.511487278465147,-2.529069439813298,5.462442460107861,1.3682216542852341,5.751799357461675,-0.12539670945567785,forward_head
23.88525991635862,-0.8115924070431447,13.015023813353935,-0.804843031969158,5.602798310906155,0.05396485828805174,forward_head
16.709383149603447,-1.1677145456703626,7.708418062455696,-1.1161715505145098,6.074033480448346,0.800335934063959,forward_head
11.621365920221226,0.04768584697758785,5.912756231798991,1.648739243678899,2.395787271340823,-0.7130135990806052,forward_head
12.945441254273689,0.5431307360358216,6.933905490217915,-0.3170187892388608,2.7312344306066274,1.052706099947102,forward_head
6.8125403481049895,0.7247823997254778,2.5948843296074946,-0.9067178551171501,2.7475335703007735,1.3621870179657956,forward_head
15.337701763123434,-0.011649856043324549,10.192625608107678,0.7089046821663387,3.7913047934005135,0.7533189936724132,forward_head
7.250243414319993,0.7816825549610854,4.272647429836114,-0.10436209011388947,2.459642418479576,-0.5116119436119678,forward_head
12.827283397612304,-0.7154073971312489,8.317336864919612,-1.6321236251461286,4.299483305315017,1.2128191242209372,forward_head
9.722200969286376,-1.9384602043805272,5.076825340390752,0.44311027945713893,1.4859999790454985,-0.8023557643082647,forward_head
18.808107502092987,0.7504769355055728,12.23736376458278,1.6392551883534265,5.89535815324935,-0.6778698540453537,forward_head
20.147954984419847,-1.1448298012715064,12.63541078490046,-1.6251830965448946,5.362949479786666,0.08185194706902679,forward_head
19.966343334346735,-0.47447250663708584,10.80457351410972,-1.1276438744213915,4.628573587549342,0.5227100109088307,forward_head
23.573848388462867,0.34593473377043815,12.510464411101298,-0.31957681141648847,5.468382610233175,0.9876888928664228,forward_head
24.76744333963812,1.8731991120617244,13.687691263780268,0.2860559027718018,5.797361161850835,0.5636273540849269,forward_head
13.024328394368537,-2.0599218750866384,6.021874899888589,0.01781666860025126,4.217111247285922,-0.32332357365486736,forward_head
8.704845469324757,-0.5611176788112657,4.35525830263203,0.3765250952542864,1.7121919854046186,-2.3136497467663433,forward_head
12.958515381512635,-0.633122761881826,8.733551179608455,-1.2796574219664776,4.1825329315790025,0.09251915580063733,forward_head
7.362469872992378,-1.7202514982437282,5.1752438796629585,-0.42601509129335396,3.6611944420335725,-1.0545515934902403,forward_head
14.526880229220028,-1.2460687893350504,7.497953441006052,-0.6421501120706438,3.9111197221114207,0.0822303690083634,forward_head
10.412287950157886,-1.6765702898323906,8.737988099150813,-2.161284442424959,4.806839632933894,-0.01511942112608886,forward_head
16.261341265855126,0.1072117418436901,8.080320601858357,1.9613102346783406,4.042402122878117,1.05445598039442,forward_head
16.878605835374973,-1.1264824370528022,9.479034733810051,1.0889724875547564,6.5133162055762455,-1.5079846145569353,forward_head
10.75140337565549,0.8222040289780973,6.717230196770614,0.3815092334728212,4.093259151896099,1.0087737021684537,forward_head
15.722139422613424,0.22090890829718723,10.463418800671185,1.521719806377969,6.038761331322828,-1.5882623793296398,forward_head
16.94665657782801,-0.7255070899891914,8.875715649346047,-1.120426291160333,7.410400855322165,-1.493597861677028,forward_head
14.28545024552695,1.7898248890632766,9.79938488758158,1.070619711492506,2.7780894431144505,0.8905258151961505,forward_head
12.044085160691893,1.1344650198375725,8.27493287330751,1.4376967984251692,0.31790099600702293,-1.9223976891394958,forward_head
16.058857042965755,-1.4697622617666977,9.116894320877476,1.1092719494831613,4.0762173902097,0.03742839494154261,forward_head
13.562367015984687,0.44715994150187827,8.552374755594302,0.3246453781695561,4.398941734338536,2.1756980708977207,forward_head
24.187297138225645,-0.7596152920167564,14.874101754364474,1.2549057185782544,7.965081596371018,-0.6793306129124438,forward_head
14.334763271554152,0.22313500040524015,9.316985622206571,1.4068232540641257,6.283483146854444,0.8431954408253333,forward_head
28.260131434241032,0.6801709228188083,14.496218255546435,1.6975673782915475,9.81300374304101,1.1384582309788087,forward_head
21.71818893583702,-1.0302121904690704,13.357651116882733,-0.06900390545396595,6.080417013586496,0.23804224114451678,forward_head
27.6049794448242,-0.465104869267663,17.604732353002504,1.0385981425482258,9.493855131561205,2.0834189654424082,forward_head
18.50022531996888,0.17428988363319284,11.323795817954483,-0.6320223891350616,4.8980280371982765,-1.0513473341613124,forward_head
16.776477377974548,1.2902056622221343,10.571850946149816,2.6435900437015274,3.8616273153029463,-1.3649837583667803,forward_head
14.928853676677097,-0.6935078246193481,10.212781423346026,0.13095182563849828,5.456037955187003,-0.2917123730360456,forward_head
9.130085037136302,0.023422503616317456,5.0116625513373405,0.8439724220690917,2.8060981422970355,-1.6508225782150414,forward_head
8.625397637801408,0.8552997661236833,4.418347568669694,-0.9675933293266166,1.2137564228572306,0.07442124257950822,forward_head
18.001386939736207,-0.534549124497632,8.137384077692396,0.04141496726291841,4.14471041726006,-0.1280002286491719,forward_head
7.332664301823602,-0.12100855311228347,4.089939037125802,0.1178831615157217,1.7602074739894602,0.13341771483217235,forward_head
9.55642690303415,-0.010644529131924967,5.652627898552122,-0.5345125416408528,2.9015152834634406,0.9098783683573577,forward_head
8.945991356731785,2.5970569234179504,5.45826082990658,-0.46559277186584397,2.813928919692754,1.5219983264698578,forward_head
12.294480907962413,0.21981101760077626,9.34722992851456,-1.9076687333940698,2.138525489647485,-0.6898871145845785,forward_head
11.402177923282622,0.1182742665575083,7.008880625854969,0.1157200391085062,5.301844100332744,-0.3645498814998908,forward_head
15.904387710579996,1.0592211138917633,8.815006112112366,0.03417446826592635,5.1822937753957925,0.49703826433337817,forward_head
20.20459780588155,-0.27947960369099667,13.92951861639803,0.06977804831612562,5.851345156226641,-2.71345006600244,forward_head
21.692820958099958,-0.7443811738951007,12.572042031942342,-1.660113110520083,4.471441818991373,0.12021134455424821,forward_head
16.310734686217366,0.07741886418705037,8.782121462442722,1.2693085568560392,7.263675712823867,0.10745037393115874,forward_head
18.559112625294436,-1.2227910348216389,10.385965032259602,0.6116630973328852,6.111501972453314,-2.461081240815044,forward_head
22.44564539621102,1.6288510871006223,13.673925537154425,-0.4559843784961935,8.024115622910864,1.2962301310840991,forward_head
8.445073252379053,1.0191306313515263,6.3592229413802235,0.20089287136943582,2.2270188805059785,0.9775379991143565,forward_head
12.162174454369428,0.5673559549675596,5.692376234173317,0.8905672479908953,3.8115057584119842,-1.4810736155072102,forward_head
22.109050449863382,-1.117671768557983,16.25979039046586,-0.6046915342351815,6.901504735794873,0.12302912294501367,forward_head
27.536256414259437,-0.5438067263885337,14.013134788753872,1.2594040821401737,8.216026112251127,-0.9617934202952142,forward_head
22.506210597276088,0.028789666065523495,11.384391709788233,-0.29191903278941306,7.3383569343793935,0.02306154499436212,forward_head
19.18120855721338,-0.15879631062085198,12.924150010662595,0.08626098503503905,5.933823033274095,0.8300661987653298,forward_head
14.4282143770102,1.321020604175881,8.19757245954448,-0.3352609729506816,1.6695306919095003,-0.8309021232640711,forward_head
14.572818044778607,-0.22788763877573082,9.791161778350885,1.3624813090151702,3.8091141254949137,-0.6392521740644196,forward_head
11.324818984465924,0.8011608094885971,7.404704321027265,0.2077498457770288,3.154583368927656,-1.6214573800287169,forward_head
10.38734436634335,0.20084976553684686,5.511626684460648,-1.282918521803788,3.108429138937523,1.722508360589718,forward_head
19.84062400363984,0.4286558641991673,9.75498536658281,0.5938469735025503,4.753439708077471,-1.0949610973837518,forward_head
15.950711472987948,-0.37736537250023305,10.766935667270271,-0.3272459913061339,4.683419623654541,-0.2689913319708908,forward_head
22.02660877881485,0.1956490438371244,11.79328589308002,1.9367588468713184,7.37555494484241,-1.0750158254617792,forward_head
14.08843890639711,-0.9547170494008557,7.988247182394994,1.0525132118455167,3.614285286114109,1.8372246552911933,forward_head
15.596971669455348,0.26338057184427627,9.253110043132287,-0.05286362775736914,3.341909425802973,-1.6783963634077896,forward_head
17.9662592130574,-0.04793974648888879,8.896597831231269,0.15631879354183395,4.557304263443339,1.0397316593093813,forward_head
6.528720950273884,1.6455666188856775,3.080776905436053,0.6458853786022798,1.0252843465746682,-0.8622480557958428,forward_head
27.10278929344608,0.3378857737455036,16.971139714612505,-0.6603476205414232,9.77765149056721,-1.4061356144194974,forward_head
10.512379359523976,-1.5911357272279794,6.152248873988084,-1.2559761724924055,4.580164926771799,-1.5022911704516722,forward_head
9.576449928703036,-0.27682043829981834,3.574550101802426,0.3223857072421493,4.466414196682177,1.6089465542645496,forward_head
5.994261207553903,-1.2799748226221266,2.5847849768357105,0.17555194736688445,1.844703164697132,-0.16545020423262807,forward_head
21.644315838784177,0.48558661977695394,11.812275383178177,0.4331010555348511,5.083707470269158,0.958335964673947,forward_head
17.18502408721135,0.4610397477795232,8.122452068220625,1.3218990483889441,4.347643776794173,0.4635509298764834,forward_head
25.667391763532205,0.22414417353623167,15.445904399600082,0.10158568745443855,7.358631319288476,2.0738009563922333,forward_head
6.217023554961429,0.23151024999107297,2.8620564913317343,-0.508181626400622,2.538985604936689,-0.1935947847463612,forward_head
19.5664050839831,0.41424455151883915,11.335111109040762,2.59430905417048,9.521433149975083,0.007942851054765167,forward_head
18.047010572917277,-0.019787523053906828,9.838274773620249,-1.2838923858820874,4.296190014878246,0.9526838891405391,forward_head
10.581489226158382,-0.42790650196898455,5.458481995845581,0.018584691447410054,1.600855984606429,0.07303534673691142,forward_head
17.434231654041948,0.3163211476539077,9.208744303855033,-0.9130967795872705,7.189801853562131,-0.9533635245936892,forward_head
28.165020245748437,-1.3161191210043435,16.35431157815099,1.4604482464256126,6.634997477231253,-0.8320655786849529,forward_head
12.486402513135925,0.19670787778501433,5.725927391354206,2.212361166384741,3.2126899576456753,0.33833088456937405,forward_head
18.352571138767537,-0.8846925766646532,9.604944073455965,0.6389916077370266,5.4869711981228315,-0.9056897494294388,forward_head
24.750620961725037,-0.14632084991265276,14.641851935042736,0.26458401339095916,7.814271979467727,1.296659900457594,forward_head
20.15780804566291,-0.156933388964853,10.130577939195168,-0.40568252590812526,7.730936347447758,-0.5444974928792907,forward_head
17.27870839764113,0.11754908185645202,7.763684802916266,0.12850727574416854,7.089506553705158,-0.9567603955221031,forward_head
9.25761026827352,-0.34913191294590834,6.136246105781769,5.966031479936288e-05,2.860121151917966,-0.5228859643434393,forward_head
8.551446071735821,0.5749246001730537,4.86345512731298,-0.18069568720060833,2.9564451859276155,-0.8914041295226098,forward_head
20.895091429923465,0.09691542582400421,12.088263180119196,1.788693455907879,6.818886415620396,0.20754195323858682,forward_head
22.647295766749,0.9414130463608535,14.437581419492687,0.9457797784838078,4.525873194140674,1.3453360563845695,forward_head
18.123096050484566,-0.6680213214393088,9.638761749683702,0.25380983238540705,6.112075697620189,0.4354466957701263,forward_head
5.266521494023793,0.7647753281923031,2.622600578187554,0.2545078956414745,1.9082793728543892,-0.3379563382692408,forward_head
11.60504204357518,-0.5287223799562679,7.508878042001417,1.3271606187117466,3.033022256875731,-0.14960366028906877,forward_head
18.244328150991322,0.20090241953917132,9.753332297367724,-0.7602746372439191,4.867415860597171,1.3445702691119925,forward_head
16.51636266406643,0.07157591749660351,9.153749604973294,0.016443181176083798,5.984660898122137,0.12203731427845638,forward_head
10.521740235902984,1.2168888293690645,8.134976490337014,-0.2547761837176644,3.907387445578688,0.4859620056538132,forward_head
15.03237883456829,0.9548749604128361,9.604919698937076,-0.17730012809497506,3.9694580112105733,-0.5907541536684939,forward_head
13.263809960565998,1.7980933362835922,8.718126374917581,-0.2513646905553829,4.93946117415178,0.5369986846167689,forward_head
28.67925342845725,1.5817053985985494,17.829150314851525,0.3492578834689699,11.567472485594676,-0.9521555292333761,forward_head
14.399496641987174,-0.15514462246379654,7.5668221780132825,0.5741142031750626,0.846022590211216,1.564909816238187,forward_head
30.56687141571628,0.011829229916608846,15.259547957636133,-1.1730671733134628,6.8317620153502325,-0.8591838057305043,forward_head
10.603433768312453,-0.23595072491327204,5.310168859675662,0.1281981680792711,3.4092336528139953,0.6552505353230563,forward_head
15.888117675244976,0.9366898142962607,10.515985629755175,-0.7890100790846751,5.60410580918879,-1.3601624718591159,forward_head
12.201994122841208,0.14639611945987482,7.788615909238204,-0.2625537947494635,3.38516148152528,0.6590490986786779,forward_head
27.433716058256266,0.2940145156699229,17.653850148193758,-0.59795124838871,11.449809768880446,-0.3248713734957677,forward_head
25.097257301339848,-0.5685797556005794,17.768322077789023,0.2101750218810304,8.75900603112057,-1.0928726023996012,forward_head
18.256579745458552,-0.00614990229818735,9.168497657367784,-1.7472655818140859,4.97218165498572,0.07664734216989405,forward_head
19.437275008657352,-1.2159867441220573,12.6295298279712,-0.9264661603693216,5.796674794907258,1.6583932166460096,forward_head
5.53546559310759,0.22232773528070054,2.865178335445972,-0.09976072984883243,2.3144738300665892,0.4978729550719066,forward_head
8.594215533759758,-0.08398617879017221,3.7595892186584687,0.7844407996313543,2.40076713743275,0.44404776522676526,forward_head
9.729919881204504,0.1470199673656063,5.5615920598560615,0.7951054697391086,2.0091438382790914,0.15614601102265047,forward_head
7.419216103840424,0.9517607759557869,4.09355662279328,-0.37395018631353477,2.038944866329591,1.9246087107499246,forward_head
11.320792431765328,-1.0075254326431675,5.488767135374882,-0.31956396733459363,2.4148670161195316,0.5542950905859657,forward_head
11.206960623321512,-0.7526506882339549,6.321180896307178,2.005027805824883,2.992568712274591,0.42086226432280377,forward_head
27.52599552161879,-1.100374374096439,17.910620279521495,-0.33831451213405406,6.341443657442974,-0.4179472717280211,forward_head
25.0659471298841,-1.5164507204921513,14.610936167288402,1.1417678905208277,9.337182544651828,-0.06064215415663978,forward_head
19.90059679448179,-0.042428591416528307,13.92938811321153,0.683531356112129,5.442415991562154,-0.9796938708042252,forward_head
18.62676785722939,-1.1515859491311302,10.089007590816381,0.5242244251503546,4.047505957921168,2.4450283292820028,forward_head
10.919967952167136,-0.21508699868077033,7.520484678828054,0.7955094211041225,2.3680059436774488,-0.5182497855830692,forward_head
10.61635084718587,-1.3258256799506374,5.411294624051081,-2.084882470623503,1.3231107788969751,0.5447479543009813,forward_head
8.869976221873364,0.5684452303945425,5.835940245226405,-0.060972591081720436,3.456066800951249,1.3897890257094738,forward_head
11.076988516114525,0.5573875662729886,6.227416171179855,-0.2464241632122124,2.993568045580379,1.2041230159607017,forward_head
20.313105252633726,0.7106714500829792,13.112071231441362,0.7404370402196274,4.573037680595208,-0.7761390590259813,forward_head
16.371709996913612,-0.11591298369925847,9.859274146995872,2.226249219280814,3.7903270730865963,-1.6575738072110784,forward_head
26.49454712396566,-0.8977784353491998,15.070875439779233,-1.0296965428063078,5.61731608739296,-1.0573321106812774,forward_head
11.100026430799623,-0.12766508317943828,5.583439403269933,-0.256621724442736,4.189804216856323,-0.5913917859753587,forward_head
14.274193513944894,-0.38310574347449716,8.898936647473793,-1.047914896907155,2.578539978159651,-2.732144353758095,forward_head
24.557587859244855,1.231668706362211,12.164932179842243,0.015923309097887136,6.05662731623048,-0.2606704163180084,forward_head
20.780546026367162,-0.36699359739575294,11.119974843076196,0.12446759535877265,6.227506419594413,-1.5757772742614202,forward_head
25.292171074864598,0.33744628586367736,14.356795241915632,-0.2402652352704677,6.342319266208814,-0.5245116033757363,forward_head
22.52613114830225,-0.15982652660411203,9.596149375587741,0.7523365225176418,6.977915791421165,0.9725467480996155,forward_head
20.677311189864888,-1.0709135146019655,13.246721522458166,-0.9660165850307637,8.552355460067403,0.48766778886862944,forward_head
11.774819143054257,2.1199973005197816,5.723280008825581,0.9499150319245797,2.770033347947661,-1.4283968900218282,forward_head
12.20941424653544,-0.7070668198069945,7.043915315404405,1.367836103116689,1.6733338067176247,-1.1560316711632221,forward_head
22.516729812746405,0.5454678415823476,12.443190861694164,-0.6896531100869644,5.969196643399585,-0.47575889366013313,forward_head
16.350716897946903,-1.4255468150562884,10.427015256795972,-0.5022754140960968,2.466128333156577,-1.1082243489212928,forward_head
15.999689157610018,-0.824413482814038,10.266696273652075,0.962329141789661,5.571430724232648,-1.1303918518625922,forward_head
13.991533429775702,0.5132930757387072,8.896801258355978,-0.14992756529550885,2.889081852075059,0.003774190137792517,forward_head
30.13462366540847,0.6003308625751959,19.310906337930824,-0.3481447998710252,7.491109503237733,-0.5891537683339629,forward_head
11.610667219793335,-1.4187874518068497,7.45358735211341,0.7199366252856817,4.2162771807088255,0.5593831800215376,forward_head
20.221706809184937,0.05998944466124067,12.000751969746354,-0.03507639934477235,4.312496089557628,-0.016887419141128585,forward_head
7.90446963614856,1.5249878734917528,7.380640599599342,-0.006423587159099665,3.894846314986565,-0.5359166130054689,forward_head
11.055690316779208,-2.067054363887692,7.040814024570955,1.0395784311908218,3.0581745125261977,-0.5936603250493109,forward_head
21.68631645551849,2.7066381624293805,13.773750579468905,-0.4823880845045114,7.403709386986198,0.09857525793185155,forward_head
15.097969377008443,0.5170918451880218,10.03339367906109,-0.9646302268408281,6.160036134026728,-0.16253483902999935,forward_head
22.591321571334944,-0.9282797573647026,12.58035429219864,1.2848959530571964,4.53097042448587,1.4181646353252808,forward_head
11.339225651584435,1.6245994729229258,5.893004435606929,-0.36510893075354317,1.0421996074969937,0.6309155831841096,forward_head
18.300320786928175,0.8134382728697722,12.220073245903848,-0.06699501701671626,4.2322505025843835,-0.725168207032609,forward_head
26.058498815455433,-1.0551206101437107,17.530810289667368,-1.8221540963421594,7.764815071007783,0.2554086976210555,forward_head
14.605997812828997,1.4472480619506298,8.857684605197834,-0.37329771186947686,3.4870983753398916,0.003769619172482887,forward_head
4.767678053504567,0.17467646538246473,3.0668043171023154,-1.0791219684386872,0.7290757865300701,1.4701232379749254,forward_head
22.99866839225542,-1.2930694951427446,12.538695314600554,2.839901260722455,6.674887509663992,2.376707858635963,forward_head
31.569773441043967,1.5748448559478059,18.815415070201713,-1.4420914837876935,11.965122186896822,0.649544239899424,forward_head
13.283596737840732,-0.26919584595197615,7.776462852985803,-2.738163632801639,4.167170402913186,-0.9948629863343593,forward_head
15.943700827843404,-1.3177544594559927,9.07078258063045,-1.8318135249964222,5.448573010074098,-1.0705445200023553,forward_head
13.239258869649566,-0.13488237472940393,7.554521812147097,-1.294494191536039,2.520988617859553,-2.690014217679281,forward_head
10.499666377641137,1.4380940265838102,6.30414601372261,-2.202371464153163,2.600757327151442,-0.7104069801952712,forward_head
14.813825533626218,-1.6634050450515812,7.200546115266521,-1.455590836388065,5.0006692219886375,-1.0880096040297595,forward_head
16.216007172670967,-0.013213011738120095,7.5904306646159565,-0.5771893520364989,3.3621832213958807,1.6356833167035916,forward_head
21.28544621245122,0.8503137006877224,11.840382498274458,-0.6137829542869748,5.482982663825031,-0.18433964009166845,forward_head
15.516927190897514,0.04875567624080793,7.079565395537418,0.5050735424839965,4.394085981838524,-0.5116635691142618,forward_head
17.703517919417852,0.15887380903994716,10.373589050260037,1.1784382829719777,3.86153781320753,-0.8207079482469287,forward_head
8.304837306610025,-1.3640697116261276,5.1563995132324685,-2.8927735952945857,1.2408891207443318,-0.7439864277458037,forward_head
10.293939489092502,1.3093999081854253,4.056491166772107,0.19973684974030312,3.7539657259047656,0.9648698929164248,forward_head
11.600293864745588,-1.373687531423218,6.850646187842668,-0.3728533801166094,3.1407274494611075,-0.35613634636130276,forward_head
20.78568889857469,2.568718911403891,11.29191629101904,0.09281105245080006,6.408947298357413,-0.24343757504810626,forward_head
11.246622858921707,1.9941908811408198,6.131366818509142,0.13917068759543724,2.225709254272738,1.8364591293535169,forward_head
6.0257394822278245,-0.6134190871091123,1.1876391407568467,-1.2964876886774521,1.457051112988572,0.4871980388649271,forward_head
23.483154305334974,-0.9224898960250193,12.81747865162413,0.09925351338194299,5.479111825474688,-0.04949322329415194,forward_head
18.226996090581963,1.3698606927977426,9.02237607757151,-0.6126944163091785,7.415192149278273,-0.1544828295146864,forward_head
14.330418210438534,-1.8903727181120946,7.739258957822545,0.47996367639999177,4.9125021931951025,0.21836715275837026,forward_head
20.403583326608413,-1.8169151683751765,8.648309886182798,0.5480177509051181,6.168170104761084,-1.1347257966615762,forward_head
12.760734860905004,-0.48845806160538263,7.200964225072477,0.059446096827053596,5.129026126429494,1.7740513115836463,forward_head
20.01992371112226,-0.10513280494133308,12.841663287169201,0.8695825042090402,4.074471759677161,-0.2119832239834745,forward_head
19.33430407765819,-0.49815954390344386,10.226998204122024,0.7941792521316359,7.422312025328709,1.5928951180337838,forward_head
11.75027941657667,0.3190324832728446,7.433970542820313,0.06906984644858236,3.476616222022545,-0.5924779735874447,forward_head
16.286752571854567,0.29246872408210145,9.03519434300683,-0.5798430102169342,4.486725981018416,-0.39633616304399405,forward_head
18.594538684151914,0.31636260671979444,9.692613081013558,-0.6471775393842819,5.8856372647712645,-1.2813665006143202,forward_head
8.428787218104523,0.35990463625299535,5.631936268213058,-0.3991222083167942,1.4473590321728165,-1.1117706139694068,forward_head
20.02843586658146,0.3686745572019048,12.90704867147936,0.5763534464782991,5.564744850119996,-1.707846798634213,forward_head
12.750582718030003,-1.6850626815730774,7.4836895446774,0.00814197179558453,3.5164910588694647,-0.755701650743484,forward_head
24.398513245932367,0.5717141676427112,13.5283174947967,-0.6322311107151302,8.809806784608385,1.3360854925019234,forward_head
21.08190143838413,-0.2917808305651609,12.031443122264164,0.32189665196012235,4.22298384651214,1.3283449199422235,forward_head
17.705769382727404,0.9128182032765721,9.861873877792412,0.4322508018523881,5.984519897002334,0.0850634020344228,forward_head
15.568311637677004,-0.3032581422036837,8.45185042834864,0.42538421837024615,6.434797964214089,0.10861005540948782,forward_head
24.542717852577162,-0.5561646547230115,12.482643464188433,1.3908548299786019,9.337169302251167,1.2043863683409952,forward_head
18.996841197629717,1.3414697182460524,12.439412886241607,-0.04367853416627683,4.76183539903337,-0.29429766102085086,forward_head
18.087532565640505,-0.44825010764116574,10.157274004412407,0.9492330228446778,7.009386873253969,1.0754886823617889,forward_head
12.151612323743603,-0.5681755648781108,5.915193615955622,-1.2149656965480533,4.6283394642306845,1.829516881360105,forward_head
15.54651550141917,0.5918259056673477,8.970079594596882,-1.9417240937816695,4.5336859315385585,-1.0667623993128017,forward_head
25.531061349009427,0.20853349661042686,13.681179768007528,0.13769032047656535,9.51024254757591,-1.5290347961045463,forward_head
11.901962402662585,1.1155591605019877,6.50172291999423,0.30552155251352986,4.082585766466879,-1.2133455694328756,forward_head
23.598476102338626,2.5437486836594903,13.162344020360049,2.391082296281602,2.072487302833558,-0.6460636251509637,forward_head
17.640965153222385,-0.9454366311105781,11.142814631284738,-0.6447186985936608,4.361144262834837,1.3110109083758432,forward_head
25.547402423300827,0.35144061284255557,14.592571204224514,1.827857105803041,8.877738337078135,1.0767014558340882,forward_head
24.463580785473898,0.1634560608125362,13.031190466363272,2.1891572713203273,6.255265719332343,-0.08502849876527951,forward_head
14.153410630426189,0.7272560090411614,9.225095444099031,0.47999876545701065,4.355208072218641,-0.11481165003146183,forward_head
21.599206395372928,-1.2767361802263582,14.342333930405399,-0.5606861442092855,4.946356151903202,-0.28470603951550644,forward_head
13.725672325582261,-1.898069044992017,8.062229061389287,1.3862099082935426,5.6580288396083365,1.0435827024561908,forward_head
15.154913664434131,0.4637610833984914,10.258457783129362,0.3566739347810464,4.564581873036595,0.9043584680218593,forward_head
13.732174714908577,-1.3282741364019819,6.881386764575464,-0.24477565107712476,4.694829630426051,-0.42082195673435774,forward_head
27.673331138816962,-0.09595606397085749,15.795165095861531,2.3254995178573656,6.812071609721304,0.8685687610143468,forward_head
12.129208512988061,0.782038463187061,6.710697705135704,2.7320010122004623,5.422172556290709,0.40932064696134507,forward_head
9.85548454691661,-0.4263786020860245,4.110950769359615,-1.022668943563943,3.1195693120996575,-1.2054713120154232,forward_head
20.638129604451823,-0.21271506618613,11.479712347745458,3.1933317677722908,6.601127143494448,1.2710897247567303,forward_head
22.8274824624874,-0.15464106781515494,15.850123545297182,1.615056207373931,3.80780447069127,0.6365718942295442,forward_head
23.34726276400666,0.9407341292442191,11.571620028395886,-0.4432458932393108,4.036547274385559,1.7050214760808142,forward_head
14.64789932546705,0.3739697419711484,7.4620782399198,-0.06719610784819272,2.2828762731617918,-0.26796861289982327,forward_head
20.87229760485468,1.6339865783723841,11.348772943623965,-0.14779970003789258,6.777335733713474,0.749324737331456,forward_head
25.89797902472235,1.4864098861574555,17.306636879979052,-2.736491742541911,9.005921243938236,0.48753045160816194,forward_head
12.818184324533544,-0.849838879155411,7.960382445401026,-1.1772916564074276,2.4440112965302223,0.9197600234533989,forward_head
20.755214564665046,1.2234686078002708,11.637943542923994,0.5379954851673818,6.458848883835603,-0.8592656997031094,forward_head
13.703141496024319,-0.29608476199381467,6.4519111493537284,2.2026948134163713,5.852264343407585,0.05001169665758991,forward_head
16.27276702028677,0.5874745990105207,9.496877173879657,-0.46080051711190423,5.284683243295663,-0.5336836175866589,forward_head
20.005396235178104,-0.2922505046030728,12.196587685575457,-2.0366737964895223,5.659220167470643,-1.363358768063648,forward_head
12.01863040345773,1.4727731160981108,6.518642473784031,0.8012316786573992,4.498731939527747,-0.8350706980626185,forward_head
21.270775866499942,-0.8439938691413895,11.885728018063263,-0.5222812727784418,7.531661728808967,-0.9150726981964098,forward_head
21.043807408220978,0.9333009595926393,11.229452836611669,0.3341534868450049,5.450099776763822,-0.7651103743704749,forward_head
17.666765082669798,0.4873488115636411,8.544337569806528,1.1498329374756213,4.317323808765454,-0.2614140391266537,forward_head
9.762381059538907,-1.043709649779667,5.422559072011099,-0.042154511436880614,2.994338284019538,0.05465703777703852,forward_head
21.33044084992608,0.9321582167956708,11.512904912104712,-1.342281619972122,3.110208179362858,-0.41334067423862786,forward_head
21.41453534853413,1.153925984678248,13.1896512852715,-0.33582914065170405,6.716165424434716,-0.049550959426929435,forward_head
10.86076873333237,0.872738209086003,5.962349343200555,-1.0250921989017965,3.8218019809342407,1.8974566799162338,forward_head
21.509071082448607,-0.47200840906082286,14.138176093213904,0.8421951003940317,4.835082788901986,-0.3749041976353263,forward_head
26.299079632006706,-0.992424190209385,13.805628898456579,-0.22193184177487155,8.89396029534746,-0.30768213470835487,forward_head
28.715713824662288,-0.6578821577803282,15.620874173343806,2.356229676921831,6.039752253673049,-0.07351020362553724,forward_head
25.915218372992285,-1.0089634056224994,14.065925831407979,1.0941062588846628,7.420672058245253,0.25685930931113,forward_head
17.4014582914763,0.8415636565515608,9.903226975008195,2.013603235707255,4.953474196307198,-0.2316126812433252,forward_head
10.904416523003608,-0.888254143428364,6.470744079541446,0.4974070453262048,2.128248718980877,-0.32090113253490593,forward_head
17.57589671638343,1.3081598876325893,10.04479218793732,-0.9937427441033627,3.871151381409691,1.3615553518942063,forward_head
22.614383620173484,-2.2891605720607906,14.328367204062348,0.6353243757517041,6.95581190540989,-0.12584768295650525,forward_head
20.1033478301357,1.845529784354194,11.565581006220048,-0.5307920318770276,5.813445851775119,-1.4098032082421088,forward_head
17.80446772098037,-1.5125012508081248,8.408567712898154,0.3796720617187228,4.791075790090293,-0.6072436454295584,forward_head
13.159905545218122,-0.7975563526703294,6.706697517519471,2.6909813222624233,4.079146562725837,1.345760419128417,forward_head
20.95543657092389,-0.6835703361407006,10.099460108689422,0.175538700702276,6.6253330366655705,-1.1239428187509333,forward_head
20.162201920816337,0.5394733446716398,12.52794124928202,-0.13139642975330676,4.8892382405984565,-2.17136716488981,forward_head
17.59501007522021,2.1318488129376805,8.547038050229393,1.1848116572482787,4.802488038881267,1.739490415166647,forward_head
18.873952568440284,-0.2234428352466449,9.026409558376686,0.34191848039336337,7.516966672458217,0.5077401550042168,forward_head
19.883175542756703,0.053765219797950195,11.370805001257498,-0.10098783937265193,6.6428626880768,-0.8957437147559564,forward_head
10.07553212883589,-0.15701573561698962,8.315967526358339,-0.4801988804003396,1.4296443364156028,0.1392473284446283,forward_head
10.038395446169925,-0.042389385066994544,6.977107553596431,-0.36654777489228385,2.623875594924843,0.8717260375608625,forward_head
13.526247324066182,-0.03533041609632876,6.231854036771173,-1.0074782162030342,3.694994905083514,0.21583121461716778,forward_head
19.181673656899992,0.6782752741611453,10.683185025587008,-2.0648740844168674,5.132325041330131,-1.4713761250542459,forward_head
17.7595148487258,0.5563557835948522,10.039208871476227,1.1699411321155897,5.265235803298731,-0.7124303201431025,forward_head
25.12227721207655,0.23915444977654238,13.960469900455662,1.313067161897664,9.685652239797047,-1.205927371338456,forward_head
8.545606383253546,-0.9139045274992471,5.465905209283693,-0.9821111526085611,1.7109688811050425,0.6442348578885793,forward_head
9.726819239467758,-0.3629211220539318,6.190952845799843,0.5876527707123368,4.454440975172398,-3.043403458318038,forward_head
12.14100091173158,-1.219861857501173,4.953321088324005,2.1965883290999906,2.4929598788683367,-0.41133218221658546,forward_head
19.272201018061537,-0.2584826484963506,11.887681702969779,-1.0332000157768038,7.159583017578153,-0.5322061715558405,forward_head
10.115072989766537,-0.1646379437128953,6.439449503029478,0.042799914462309185,3.607091584249259,0.5418133504987768,forward_head
29.277564084763938,-0.15280631073544493,15.455967365078555,-0.5718763308975799,10.139309050880696,-0.47300378882031563,forward_head
20.603709735654885,0.8462169483102044,13.10205456258487,1.4183791903258378,7.031544798395077,-2.091249801950745,forward_head
25.036442983977455,-0.1305026483574264,12.296366719813062,-0.7103268815678954,6.97577451902493,0.8350693608555584,forward_head
17.564437589191122,0.6955083272271694,10.665703091262065,0.2692482997010145,5.431928554997295,0.5418067133073632,forward_head
11.352123726285884,-2.214901199482289,6.313974257788975,0.18528501613768467,4.673478893968696,1.9872644637478645,forward_head
15.348960490512884,-0.33643323351283355,8.056727411118825,1.1777673839481124,2.0714269947576236,0.1255829288823232,forward_head
7.417267063015239,0.23849255460478366,3.446437922661623,-0.016389483195097147,2.4874265304781553,0.2615438845012791,forward_head
18.48515390819477,-0.21544724581215996,10.035922209164616,0.6129703846493498,3.90836579834858,-2.009935744091955,forward_head
12.907253108340345,-1.0874934875357807,7.316148525532411,0.2903217053786882,2.924116786127261,-2.0468596191862694,forward_head
11.004944388046896,0.6602353937069274,5.090235065362928,-1.0834975624560765,1.705901296020632,2.0476223795997828,forward_head
14.140599699907991,0.14329369038317477,8.162018334821651,0.7029044452285763,6.453820301262471,0.7012291304287446,forward_head
29.39710884927369,-1.1748275560882124,18.639878856976225,-0.11434762772394322,7.96808362103187,-0.09567298195187723,forward_head
7.12443317567297,1.1533220223351377,3.9296746131617692,0.12444287766363937,0.7864392145239825,1.2577895197042246,forward_head
20.57111333003791,1.9519472902832153,12.957915948676224,-0.29799080243602594,5.99243126833891,-0.7485299682878634,forward_head
24.37916045571866,1.9997459913260291,15.750494897165748,-0.9267387554956212,5.363168476018212,-2.3938914873748596,forward_head
8.109626196238004,-0.10550626876979508,3.26727231575073,-0.9097611552512724,1.8007011780196316,-0.811189796952035,forward_head
16.340836295563555,0.11985675208665854,11.926763617183788,-0.290681644242504,5.40384669305371,-0.7304290254773497,forward_head
13.125142326083365,0.9962511486205227,6.70470091681445,-0.03028332998063675,3.3057356816519055,0.9285297493041572,forward_head
11.60275179012355,-0.01699029817419719,6.6007651745152325,-0.2093450067272736,2.8404832767846235,1.110554275957106,forward_head
12.525314636270698,0.8170277569515222,6.194400337308082,-0.589137740611878,4.328954258911656,1.1799778556603941,forward_head
21.955329923837493,-0.9067487366651491,12.20098428122671,1.435796078738259,5.547790332918675,0.2109739982523615,forward_head
18.37597936749614,0.1266172287145817,9.460413101241278,-0.9091281582886632,4.1951180347171535,0.8004945498717749,forward_head
13.909441015257899,1.6161726565528423,7.511655729185308,0.634214704772576,4.509401154600068,0.067879547879944,forward_head
22.381571603894855,0.47602917680975504,10.106420099463048,0.10422776648228824,8.775466040778582,0.6129314332265161,forward_head
19.952167298705124,1.4799982654242194,10.494837679036713,-0.6773995203919602,3.158502040313723,2.7906351037804282,forward_head
19.903134142931666,0.38652041738118914,8.459491193984281,0.3105823680528627,3.5146653868887414,0.11699917797574047,forward_head
3.340711706996567,-0.7145268803377668,1.862284124056613,-0.48268795563735667,1.7105398976081578,-1.3301255839066692,forward_head
9.077038775723123,0.0656002745354057,4.391158675893326,0.9769870762735982,2.6463281841954704,0.6485680102004585,forward_head
13.240656841662894,-0.8647048129884932,9.22708325147708,0.5769338649240606,3.9115995193877025,-0.260201074719664,forward_head
22.597352479197617,1.348611319089495,13.305466633286194,-0.9518902313940976,9.269777109053079,-0.8432467610179187,forward_head
18.54198361108929,-0.8064745365472199,11.385558512074478,-0.7090902731357612,5.723776546962186,1.5515973678607535,forward_head
14.99264870849694,1.877489707912844,8.235672015957755,0.24340579292944814,4.104752913913489,1.8324821581923934,forward_head
10.294009716227173,0.9706001221269397,6.801989074622584,0.03812343395455319,2.40697961130526,1.2648594145268488,forward_head
12.753238028071088,-0.6697324211859017,10.250292059683726,-2.155635695418609,5.169159769336798,-0.5970978435287911,forward_head
15.2746551090441,0.4685283698224156,10.576323856432928,-1.0234751664216393,3.527018790152369,0.5245026181066883,forward_head
28.547089330980175,-0.7607274938194054,14.887376510644776,0.045414583344011876,5.608879977896849,-0.48482882896848645,forward_head
18.908768021832564,0.17374688170789906,9.983093896645899,-0.8242344830693851,4.536496616683746,0.4887180262338281,forward_head
19.97940936436687,0.8388312749126101,12.355758203366646,-0.07845901350244479,5.484013330368412,-0.8932241272062486,forward_head
28.02882909878405,-0.38758071196679583,14.967762451609829,0.1700863362139193,9.006671478002623,0.9004197787674296,forward_head
15.29074940058196,0.3875308755411491,10.637229543506399,-0.6953442445638764,5.077522602455408,-1.629850738573803,forward_head
16.452993838334038,0.26004812598874955,10.047323192283729,-1.4480251462376268,5.248490215033311,-0.7728567660113335,forward_head
20.594528066892053,0.9669723323794378,13.008843891646439,-0.09613099953331564,3.55596652779981,1.6129645122818421,forward_head
22.436627403163126,-0.44219769568833467,14.368142190522905,-0.3183379101305815,7.190578738498218,0.1501414199309352,forward_head
9.040656777591586,-0.3448814647733071,4.1313655820181605,0.46141051701537705,3.463260991310403,0.12630312488553616,forward_head
11.95766012609947,0.6722163658896146,7.300128798074168,-1.1251326373519117,2.4926812619196674,-0.08715111325791718,forward_head
26.09429783307188,-0.7779030253196345,13.075780178578073,-0.38136961896416227,7.248183539392375,2.0255090639327658,forward_head
20.484786461749156,-0.034964287999863966,11.808021414958125,-1.2803537428327842,6.423067623554544,1.7338195235090983,forward_head
23.80818545286094,1.2463976603715436,13.511143714147686,0.4095979203592784,6.539650170204604,-0.7440597758419899,forward_head
22.838393860226088,1.1746919408062706,12.244756910860922,0.18751514866407576,4.1386524073853685,-1.335170367883127,forward_head
24.412065185660534,-0.21224491908372764,12.661012985246844,0.45028912950493194,8.107495547392016,-1.2194861884030688,forward_head
15.26337446166278,0.5117495164057835,10.362315649351538,-0.06237794482411544,3.8910510717214217,0.11823760185281204,forward_head
21.120337385353718,-0.7086194436829434,12.570433681545106,-0.9429720474619352,3.0326428314399907,0.5058781017831551,forward_head
17.191830504739293,-2.541669545724992,10.139707984727268,-1.9138289531412662,4.273630324664816,0.06973205284514236,forward_head
23.326442795453186,-0.32974958364934165,13.784991034779917,0.9835531397725182,7.786161117235811,0.8370840670765748,forward_head
9.235709425943774,-0.3468087271830303,4.617889489442306,-0.7552447108263377,1.8123463433950406,1.504611778890631,forward_head
26.276248794402477,-0.05095637657706339,15.609679376508193,0.8563327413048208,7.568530710267784,-0.9308028425978403,forward_head
21.66171818207163,-0.9207267354016088,13.544689735371586,-0.23114724272678355,7.815297140192389,0.25540045135887607,forward_head
18.535604380368337,-0.3875338394620264,11.168889710919784,0.12506107531842514,6.097942547620095,-0.14557809622357298,forward_head
23.23815649789812,-0.9931768619193034,11.163838360741364,-0.20624012503938324,2.9465964472015225,-0.32003608764399616,forward_head
14.402296477766432,0.07433285938467056,9.317447296735136,-0.7136189173163097,4.487427540161164,-0.00563755426871498,forward_head
11.917973820845758,-0.7781320168949201,6.051434542348524,-0.9887690482016659,4.390903151469527,-1.6976113630178946,forward_head
18.638962835885504,-0.19935245693735404,11.342950857219357,0.911335718870351,6.642055007118401,1.3027495111950946,forward_head
24.11560997844655,-2.172642042494392,14.062471983848846,-0.023333980104235416,8.201153079629373,1.0383872067307613,forward_head
22.21582590773647,-1.0430938904245737,15.348744532231525,-0.11911626175125037,4.9477313321319185,1.7094065230985758,forward_head
18.491296918543416,-0.9187364389133154,10.877010017828752,0.41981323619514993,6.147973028301802,-0.5321635038142465,forward_head
15.163658646870468,-0.9902794063442989,10.752609265708431,-0.780396152611794,6.438262370570303,-1.329887630452043,forward_head
23.7605909604683,0.5877664362534257,12.241202704090972,-0.3868117170259385,7.121362084301014,0.24171242430276624,forward_head
17.03166074064471,0.6639966052374737,10.861598499134384,0.5881331597448533,7.0089019075659404,-1.9298659758237033,forward_head
10.337948048462914,1.8407118539721141,6.277255218303334,-0.23539414309337586,5.391915627565549,-1.4575959075616116,forward_head
16.68907307069894,-0.7017822075237974,9.965034608102268,-0.24685491288191702,4.328861252603223,0.4627896978470005,forward_head
18.38258670634074,0.32269425749065656,10.70757512357659,-1.5528549428567429,4.001509133856382,1.0525153922932584,forward_head
19.573669740149544,0.9434725365483188,13.639765365223766,-0.8406197427049803,7.890788417067374,-1.23499441232294,forward_head
15.182364443617532,1.064444247053086,8.938273734944586,-0.08403387514355615,2.759485596529576,0.6486326336904474,forward_head
17.728125665450573,0.9363658708808015,8.529629016090365,0.9749691420041553,2.6067334210539013,-0.7168850499069581,forward_head
17.84638950626437,-0.9551876864621848,9.374116547064451,0.8954417922760826,4.931237286756829,0.27831858429708206,forward_head
20.367559862590934,0.19260367717214585,14.475358950146816,1.0111975408598604,4.937448020229176,-1.6548446302417554,forward_head
15.81536322078141,-1.1155681780098663,9.874695255928453,0.6408746980431669,3.8830661019627337,0.8719378373334011,forward_head
16.25018964694049,-0.7805686745457898,9.17241507359163,0.6998592704535513,3.9619743686983186,0.5882656457272665,forward_head
17.291247775406692,-0.4115718207024252,9.003841728427982,-2.1172762414656403,5.4500095086971845,-1.2617285492166355,forward_head
27.658514250547736,0.7597240673789958,13.594094854127947,0.3485419826789047,7.338211907179092,0.25205100650275813,forward_head
15.8992317072255,0.2155910406068649,11.250740800931611,0.01348654971881382,4.157545420134152,1.248544750075091,forward_head
20.525424500074493,0.08055466977480984,10.058374042014965,1.8752417404141626,6.980206376609363,-0.45377269560759875,forward_head
23.192252125119946,0.7916837486351795,13.829731985954298,0.22957963701475956,5.670450542711132,-0.6285140556198003,forward_head
19.275902630230878,0.006304926545023918,10.718376265282735,-1.0001163238530826,7.48093222156095,-0.8766166254302405,forward_head
9.38382511672094,-0.5607006758262717,3.7513479365753084,0.9993063523256163,1.1676805193518693,0.5028440010938725,forward_head
17.677674380576654,-0.6645262022786788,9.37939156676477,0.08319090223312868,3.182985011073689,-0.3419853376156974,forward_head
7.448822490219982,-1.778581775784189,11.702921074043365,-0.5089916775640605,17.416444934802527,-1.1621075682889435,kyphosis
6.901952949087461,-0.00701284205663387,9.734802367085418,1.0213557762914658,21.37461446857881,0.8614052862178743,kyphosis
6.555203366757059,2.1719790179154765,9.77511053096273,-0.7226896422611108,18.879316403898358,-0.44737461289224534,kyphosis
5.499430716295039,1.4312928351295675,11.708620776922539,-0.43147484458882235,16.423286220039987,1.03568884190345,kyphosis
5.024729815263886,-0.21059540131057103,13.335001934547607,0.5151146764462636,13.504133143145976,-0.2599895346332105,kyphosis
11.388139875550237,-0.6295251790743367,13.917036035481564,-0.3740576307361386,25.40422512841822,-0.0982611897331695,kyphosis
4.683585044874636,-1.3265811617006986,12.13801909601201,1.0263075069889454,9.270035045834536,0.10090227251212083,kyphosis
6.514843394278593,0.25990617298811924,10.400382234750781,-0.07909016275542849,21.804783815137817,-0.4995302286414901,kyphosis
2.187620335115569,-0.3971493701575558,5.612985512798647,1.7838815065053566,12.20642464042467,-1.8578877108016632,kyphosis
4.23368115036283,0.8371197905251312,6.302514157489997,0.2890221407643361,21.21720604706512,-0.031241693457898456,kyphosis
8.241750651908538,0.7965224678275186,12.479905360367779,2.255682154305415,16.510374284797656,-0.17822377780427884,kyphosis
11.205958137406084,-1.735951799644285,13.647885025454597,-1.1305101906042272,23.804469944595446,-1.1788743870800658,kyphosis
8.767462103049422,-1.6919734637404216,15.820988461283463,0.4913641225853521,24.16010977256333,-2.75393359448856,kyphosis
4.1816619849499155,-2.1026196508486277,3.1564421330252244,-2.3634254320391315,10.107399985175071,1.0899530016549834,kyphosis
8.846061107306417,0.3760370653441114,21.81041852202583,1.467135442146985,27.8222538865285,-0.13824319880877156,kyphosis
9.477483248015385,0.8713533795718289,14.339574182548496,1.6668617711292373,17.04517309167509,-0.6797766996918667,kyphosis
7.909442549482526,0.01955359522605071,16.76905263446261,0.5145412631119647,19.995275383405406,-0.286480349342866,kyphosis
2.4746372091219375,0.08350214889346647,11.060286877761223,-1.342099359833993,18.36850283564238,-0.23829175667884495,kyphosis
8.402160534424981,1.4959039253003874,15.287247977913905,0.119844500635939,22.8305320210503,-0.7645638838071187,kyphosis
3.622781243902054,-0.959237318017855,13.26612694309338,0.32813667721239664,12.812674238799648,1.0448070403519223,kyphosis
7.6169743520473405,0.193068314015423,6.262312349489747,-0.949104112002149,11.366657934835494,1.1205243836875667,kyphosis
5.04570991510497,0.9659166411828559,4.8314137611439705,0.8215694679065284,14.47137051488087,1.1789803167189312,kyphosis
12.514612657756308,-0.5274804040770599,20.072829265928746,0.8453359839300709,24.699501579860684,-1.7894046611527055,kyphosis
6.450428032349771,0.1256798181513545,11.162118929838913,1.5185584377181254,12.448225836666314,-0.9101349239459793,kyphosis
4.157684425474484,-1.6332272555506222,10.374494684860519,0.043831658402944014,14.635429565105637,-2.1140356525579853,kyphosis
4.411314560342177,0.2422936640354797,11.485107247416108,-0.953827226250755,20.49915227502039,-1.2823179206059558,kyphosis
8.86818425248238,-0.7314346991791864,8.420414970863186,1.2112719886919618,20.421506509216155,-0.5268167711163836,kyphosis
8.680112967013272,-1.3720783776803291,14.468373588007951,-0.8779710329789344,20.463850959113767,0.3240859148274417,kyphosis
6.401517829655223,0.29693653436267314,12.62274116038162,-0.9298206157800083,22.202928138041734,-2.740889720246128,kyphosis
4.747505220993683,0.620334347264895,6.207468300051619,0.08803423932456847,12.819354227143902,-0.9544703732641594,kyphosis
7.361076265178433,-0.1665348975359948,12.068274325340692,-0.6424924035456961,20.43041596381687,-0.5322718355264149,kyphosis
3.624414767266995,-0.4129848421602485,8.992957876330323,-0.6938327696595569,9.405162337430513,-0.13219662921491798,kyphosis
5.75192871069867,-0.6622963012219863,8.542315547137063,1.4934607462433829,11.062084507991909,0.09953103598468915,kyphosis
9.78297185440108,-0.05857252968319018,12.772044056302986,-0.1728992378360469,27.822676246770442,-0.7964011674533654,kyphosis
7.838288378269921,-1.3401334481706029,14.430244423302263,-0.16227085223983717,22.021275863506723,0.2703128649252009,kyphosis
7.453378619600022,0.6191903925661513,6.96415240712517,-0.6689144599438617,14.741404898363736,0.9097558537490779,kyphosis
7.13382839272744,-0.6802744981846178,12.219823068880649,1.383845811766314,13.316495461913012,-0.3459420167563146,kyphosis
8.893396683842653,0.46510775338839866,5.192558275444384,1.3805580886970443,19.458945997827993,-1.0894628208193202,kyphosis
6.593845091440275,3.051295892219657,6.989897422565237,0.9370904624624637,16.17062153938931,-1.0077860342193492,kyphosis
8.60012769440527,1.6411999881469863,6.574175788204286,1.127983088991736,14.853491025229209,-1.1160678641574502,kyphosis
6.50632491955891,0.964666785846804,19.553756259371823,-1.0815101924617805,22.86583888152376,-0.16557321541278994,kyphosis
2.51263661456587,-0.3444032844084539,12.413921376792878,-0.47668544079237246,20.805223978453558,-0.09162431090268802,kyphosis
6.864439416632683,-0.3673927179261321,16.994153707214455,-0.41931626869430494,20.311876090857062,-2.4108916978707233,kyphosis
8.618846431898708,-2.4904297261792903,17.377918581309835,0.011083260754408549,18.0165618248691,1.9900588656636942,kyphosis
6.409392871972557,-0.9865490844565378,11.182622800025985,-0.12492459853920118,12.369525933957362,1.1077254492334618,kyphosis
9.639580907694054,1.862009918862955,16.35261779335118,0.5031227443143184,23.97988649539572,1.8670049760308538,kyphosis
9.365502855400532,-0.05252986186533066,9.538759986491883,0.5994772891412332,19.508855457662136,-1.4034218325509422,kyphosis
5.633376362914249,-0.19959006881537344,4.184685194785608,-0.7769585707715575,10.704110966006326,-1.5400477602822462,kyphosis
7.42232387980387,-0.09454725954227729,9.701721792587161,-3.3306936344737403,16.33660412471741,0.4404668162173639,kyphosis
7.19611956865043,1.0663606218578,15.725239608796144,2.413738543958978,18.761927528983442,0.7194430910273981,kyphosis
5.43167091849458,1.592102117554949,12.175041865506262,-1.4413560770623273,16.32421550072603,0.4341522072220943,kyphosis
4.617655927573539,-2.026985661263127,10.500331625387718,-0.6896209922594284,15.095990703558488,1.6388711106286304,kyphosis
3.0587185889192146,0.5451576025294873,12.11580459742555,-0.31709863411584394,18.358851376209955,0.666743751278754,kyphosis
4.641047499065522,-0.4930602138026293,10.874352528224847,0.40578233498272614,17.470665842626378,1.1279485472508226,kyphosis
5.237664894610092,-0.726950484691973,10.545554661796778,-0.9365432176953774,12.134879296949581,1.065290910459853,kyphosis
4.504551909428164,-2.557507828155328,12.890655417860774,-0.3869422662885916,22.15900167850726,-0.5865858852829161,kyphosis
5.319405411928081,-0.15249453105076524,4.680984492696242,0.2703972011264244,12.789336829138593,1.1124605484032826,kyphosis
1.8332506898934158,0.8231125206529221,10.932283097928934,2.0912674801381024,16.31189154203849,0.41934723045996924,kyphosis
6.725519736652382,-0.032862937710428634,7.6275568193407075,0.4523762230073781,19.054471643758347,-2.1682310576592103,kyphosis
10.201189147015068,1.5347705968694212,17.377240312401334,-0.771804069464184,22.70378823583821,1.1391685297724972,kyphosis
7.6004386346079436,-0.20231204971054162,9.620954805841256,-0.055358161198060855,15.12006149179363,0.9712467592907514,kyphosis
0.18352781562758702,1.6586483413238973,8.488143928103629,-0.0009673227796255549,12.07559268728728,-1.020522739238339,kyphosis
3.229766973263495,-0.08281987974467955,10.636799141107858,0.20313143418755686,15.284634702305242,0.35261096912896334,kyphosis
4.691283420044873,-0.749756264304989,12.330610181682214,-0.7361520001211718,15.474093543941688,0.7533497979008232,kyphosis
8.831602405333872,0.10896030598663292,11.711155055913737,0.5278481711097526,14.177443121107983,0.06563416068523861,kyphosis
3.9163266568067923,1.9266268582057604,8.965275984727821,-2.007037172389923,17.127043206154426,-0.7305770977831626,kyphosis
6.482445218954509,1.0349877586532046,8.21407714529154,-0.18989139533030946,18.757386312612027,-0.05109386344796258,kyphosis
5.997871314277499,-1.4279202914974498,14.565239056281138,-1.2969358993996092,25.16909091061783,0.38661712718066105,kyphosis
4.387043587272634,-1.2250547398726157,9.687715354497723,-0.28861373900016773,16.5199451826782,0.8212546798386335,kyphosis
5.07772279023013,0.4892048610439789,6.735578288565599,0.5693539192675953,13.684515610317577,-0.9535689458334402,kyphosis
6.964744922892422,-0.5029375883163071,11.14259815874451,-1.359517805151022,16.715127398023334,-0.8730207446980783,kyphosis
5.1565276718434365,-0.95486142997906,7.363820270894326,1.7936637427501627,9.522881147143083,0.7801457095270367,kyphosis
6.226332583321014,-0.5312290613927735,10.332996327351012,0.5853219003416695,15.66541204410966,0.8602086869200234,kyphosis
9.47230122641955,0.29839678310875123,22.41152036666595,1.6070384305419663,22.181179592291247,-0.5881930432367614,kyphosis
9.03425169424146,-0.7552381995022767,13.094931029857912,1.8266112948340858,25.237352322200028,0.26420506158308305,kyphosis
11.006162728318758,1.6299656324111862,13.436909211291027,1.9584801992716587,16.1450316325678,-0.12288887750265684,kyphosis
1.796148212924889,-1.199838733716193,4.723533553690695,0.23118601738910127,11.290385686500588,0.10105377657695468,kyphosis
8.154764309551142,0.4397757678775917,14.053885520654744,-1.2807830764484982,19.362809607995647,-1.0555112315595065,kyphosis
3.105485024359931,2.1245899583368204,10.367901491751478,0.20742129395632888,16.613331181466485,0.16414790203563537,kyphosis
5.527339197396813,-1.3331984145239948,10.30400271385798,0.30540149397835714,18.517685679948805,-0.14235001761869517,kyphosis
2.289218715390316,-1.4063081333544287,7.980938192233081,-0.7967370168596999,11.718696599772153,-0.9511079032714846,kyphosis
9.40431111928206,1.9494516568087548,17.156088347906937,0.41418169670004956,25.316439165440805,-0.8794562095548532,kyphosis
9.701350741918422,1.147489685119127,8.645530021513801,-0.28127971792600137,18.78655189233498,1.163167034162654,kyphosis
3.679683861973826,-0.5743290739525233,6.448257855636277,0.5082484604916893,14.49978156293004,-0.6205020901257944,kyphosis
7.2992949055374154,-0.8549205407103931,9.869725036054394,-1.650676748675687,16.37803274720058,1.1506851757314112,kyphosis
6.936131360541104,0.41470068899220114,18.976809162661606,0.782853977953602,28.900902804765376,-0.32064614955630566,kyphosis
10.13645459478179,-0.1744507666686328,13.961824505987531,-0.8156873205825406,20.20579773747966,1.166468521075507,kyphosis
10.573973273164674,-0.07408962081064328,12.736161153202474,-1.2969907486926655,18.12386234874707,-1.0758593316099416,kyphosis
6.262000029198323,1.0079431749336243,16.58039588535537,-2.1982687781795955,18.1618581636424,0.5369027410815752,kyphosis
9.695454895390666,1.4575252537336547,14.395175607671153,1.1676734292660353,18.616895467679562,1.3838374650936596,kyphosis
5.527012991554859,0.9125942705413412,12.391920099107738,1.255164274168763,24.2317387121023,1.1435361029983484,kyphosis
5.982282431950351,0.7819192783784912,-0.12324299673889172,-0.3383438317022995,6.677102664111109,0.2568921882317351,kyphosis
3.8176362378656044,0.4472578586579009,8.139997481769853,-0.8348997140799522,15.78203732159194,-0.29514479618568024,kyphosis
6.501242773335748,-0.2579902128025477,9.879037545995178,0.7717321186729348,17.021171167022946,-0.7063616141272008,kyphosis
2.235576809223678,-0.4516388115470497,14.0969339484733,0.9043487768834414,19.215043155950834,-1.0697785821114467,kyphosis
13.14397988388503,-0.8413445446130128,17.714901483509035,-0.9784616459325388,28.253774102866977,-0.6270159082796332,kyphosis
4.8493371077765595,-0.22209512079877575,6.140667385426111,0.6342288337721108,8.416762325415174,-0.17661701415509923,kyphosis
5.4904479704112505,0.7461924342822407,13.80461398112985,1.4282451435559007,20.283914611257018,0.00813427469316655,kyphosis
6.689063144437394,-1.0770552273988563,4.511107331644913,1.6432080124946766,13.490201136549066,-2.7289485202189416,kyphosis
10.477508548272752,1.3159722829110243,18.559128455052594,-0.06495166621419947,22.83911817370877,1.7388291232141282,kyphosis
4.108769180456394,-1.409343084043873,3.181033510357889,-1.2758848320295304,15.08514150406602,0.4556581858908648,kyphosis
8.526099581330588,-0.41825060687794596,11.622532688846748,-0.2524259339502604,19.448388390878883,-0.5239439887742994,kyphosis
5.820560640058283,-0.7973572484605186,11.185175495173153,0.5266276180952953,18.310484952007645,-0.3725350325411244,kyphosis
6.738546870828274,-1.5908546744211611,11.214166964651067,-0.7518774968582075,16.636626266814122,0.27162849365554165,kyphosis
9.417558371739501,-0.31168453215215497,14.789081176365462,0.5911627503383889,26.48232022972343,0.5307252082310505,kyphosis
8.435622836124125,-0.8920725826815804,14.765920086949695,-0.030333736231624775,15.561021488422487,0.9005074165770223,kyphosis
6.87171527479564,-0.7226369672081246,7.489476488919813,0.5250338926172844,18.785805708773797,0.6384738238685252,kyphosis
3.415182156943522,0.24979840663612438,11.728698972620915,-0.22527675016988374,18.986745999230767,2.2948948830670943,kyphosis
7.44129965231145,-2.7409253017755444,14.519395549656666,-1.1354983217692443,19.640469299239157,-0.8348274033462136,kyphosis
8.41577460556315,0.9423985481388237,12.743546296960204,1.6055316371582962,19.0932242872144,-0.8430895349443824,kyphosis
7.9258495615003,-0.9895626027904425,16.612401816476464,0.8373463103346903,26.02680913576714,0.9901883980555456,kyphosis
1.012156012062413,2.9288470844036585,2.9905112683120643,-0.38645088448175097,14.289145385890507,0.6263876026181832,kyphosis
4.246625561175653,0.6104234456476341,7.50261577172015,0.928028495901035,9.466520282286638,-1.2152882485936838,kyphosis
5.087203984471678,0.6051040029874156,8.657116668353392,1.3777425469486266,16.476567595923157,0.4171203709064031,kyphosis
14.082622566505746,-0.15172678614439605,18.521986736497034,0.5310368200691491,25.178574978356643,1.4856568587844416,kyphosis
7.02575888480772,1.5156412742117236,16.836095267090872,-0.3776280741547254,29.0160350681359,-1.057218202601099,kyphosis
7.834700976286541,1.6150340059685602,7.191155529465725,0.04580328456728354,15.547424656229287,-0.06170433583364051,kyphosis
11.435659072967736,1.2685511862750976,14.846419287865743,-1.1051787546178042,29.183670167630545,2.358114878042145,kyphosis
6.179060994827149,-0.8039827497567587,11.076588549726265,1.0535455527584034,21.226226333310944,0.06815285739600013,kyphosis
8.46800273570003,-0.43782592899358125,10.214877369786773,-0.44720612744529914,10.507843973835186,0.3502316171802479,kyphosis
8.343804255405209,-0.5211937137128283,13.56633525156758,-0.07626742325570814,15.662164854085676,-1.356361125216432,kyphosis
3.303383903927917,0.873294587832626,6.5319754955648515,0.5209391233794061,14.630005727809273,-0.929260470624281,kyphosis
3.671164238570017,-0.6992844026046794,13.630099195543602,-0.08314772779898694,16.73901098381679,-0.9203040334066339,kyphosis
7.5314826427647255,0.15164962702931717,9.261388068495748,-1.525307854278902,16.242520208158407,-0.1849899574665403,kyphosis
3.318052610990402,-0.7265230280259836,8.966542660870704,0.8960319075840806,15.29258692716636,0.13418344248145,kyphosis
6.9763007237419945,-1.0203577141331313,10.838227147598056,0.3026197933773323,18.758546033734163,-0.6906501353950232,kyphosis
9.729804240270692,-0.6268028541392988,8.25822278203332,0.5396071359470229,18.269646040404307,-0.24170037127535182,kyphosis
5.571533064399879,0.3947403767679214,17.19968967355649,-0.9397218407358846,17.6453035711222,-1.0575442631769436,kyphosis
12.796540668327946,0.16626335969607445,13.040475937780965,1.865151383375791,25.03210873021441,-1.6249316987984659,kyphosis
3.138079330669986,0.8456437645539975,3.5659467783110017,0.690855786622554,4.947164878707336,0.5437209864525986,kyphosis
8.904690947003898,-0.7159945326229958,15.726496858213181,0.17622064667773815,23.778947464150487,1.2031743415750689,kyphosis
8.436394608960466,-0.15955188691582045,8.635372536435177,-0.3097163755290448,16.063871403839276,2.538810715978345,kyphosis
11.985489847479545,-0.6576533634316549,18.710063759734833,0.28893326837004085,24.759356584148744,-0.2848939806621367,kyphosis
5.785103615877315,-2.5221046772521465e-05,7.080588919474071,0.1064712033299681,13.569369163801708,1.3859670251183973,kyphosis
7.704453913769161,-1.3627207224512408,14.523038278730422,1.061233443187976,14.750479625724065,0.5039006441434274,kyphosis
8.206647272619492,-0.4400795959332195,8.951784556626535,-0.027103446744738385,15.066269563610945,0.30761101484838854,kyphosis
10.325227903167624,0.15307094625854767,9.746190166116529,0.7793651799140403,16.782349333960745,-0.803693099094882,kyphosis
5.909902136061277,2.0621908368292936,18.57862914400107,0.04273871646792953,19.156599571494603,0.7717706477439245,kyphosis
6.224006457590334,1.4589266533090923,8.463414724526805,0.04474459657122825,15.818930975789465,0.5930299974316905,kyphosis
5.996325731953828,-0.02998798920626934,6.312408035342209,-0.9548388761777862,12.669798924239396,1.0285673262824517,kyphosis
5.476277333584739,0.8480713749391816,13.719721126447364,-1.3828040485236173,18.566028893105347,0.14372159780370833,kyphosis
1.8263469234922205,0.7143668296417315,11.707290235508426,-0.9253627454747743,12.021025470205675,-1.6978997477950086,kyphosis
4.496337975656283,0.2431393466351748,9.057679196335362,1.0992800288153377,19.280040156464167,-0.6499192736436927,kyphosis
5.548709721427745,-0.13524711934779737,8.217483827020773,-1.4229606149725549,14.504588922422048,0.18010200734652637,kyphosis
7.27474461682125,-0.3507488150542361,11.500766223163339,-0.1750008809320887,13.961132380204836,-0.1917537718661849,kyphosis
13.080227116831052,1.6911380511238279,18.034309310484943,0.08106719080517107,28.609302777913395,-1.035961555584777,kyphosis
3.651041903885221,-0.7241260783562243,6.39075121859448,-0.9819131594910586,10.755403681114915,0.8599420898715319,kyphosis
4.968175731661449,-0.3205765128351842,13.292458182884088,0.6314816050257943,11.798637921610453,0.17698051675509519,kyphosis
10.692216339966375,0.9412268757960705,12.356327137392437,-1.3563366331572266,25.6088875443945,-1.595525045303357,kyphosis
5.241723135857819,1.415713486525249,12.590953202057138,-0.5587023753963543,17.468456596585337,0.8693470622244217,kyphosis
3.2084581119728366,0.6072550372827892,14.638389699733287,1.7319841521982537,23.997204600579224,0.775913598325157,kyphosis
8.41913487354408,-0.3034205027183931,8.51895002848168,-1.4010163481446858,15.100031736237835,0.5008317664438667,kyphosis
9.811505572439966,-0.9074714795414057,5.305819237740184,1.4643243885232202,9.321713035861881,-0.6083586472992406,kyphosis
3.691306991227882,-0.22699035856135966,4.494323623169442,0.34519191726758824,13.178841089926687,0.9910691291919114,kyphosis
6.554808594070765,-1.1709779308823491,13.109166212590546,-0.7809792446497154,29.721377763741362,0.4292737018286555,kyphosis
6.378215669069068,0.623013965022498,6.8540282163139015,0.14085758639109103,14.665023928989344,1.6551327280978048,kyphosis
5.300348139589432,-0.4121800598309397,9.99566581187191,0.33299702821415,17.94349115853067,1.5541106032952272,kyphosis
8.87641159165155,-0.8388409902381331,13.432546152915789,-0.5888598775739355,15.640164253779417,1.305059639498759,kyphosis
1.882828601239306,-1.0173475106887246,9.07501275972752,0.26761273220386544,10.73834608781164,0.47029047677158015,kyphosis
5.0126482870971465,0.25637471994355876,8.329903659761634,0.5700844215797956,13.896923461077066,-0.06001811539668899,kyphosis
6.990290817621782,0.054596273301852245,7.272397770507778,0.16743898044979041,14.44098841943589,0.37183884822473734,kyphosis
7.086143467669533,6.463907467911497e-05,3.319592016252235,0.7847651336647535,10.920038702500511,-2.109875602477686,kyphosis
7.08137142501201,-2.235834016368124,16.681757951137143,-0.23255265529260485,22.75437148548935,1.6955203575421665,kyphosis
7.311902100236059,-1.0085118208285866,11.044116970441264,-0.3334301618474614,19.671143245614424,-0.6506128426497202,kyphosis
6.834908917892921,-1.40176001166049,9.774940809653305,-1.1027877119960756,12.741854648268154,-0.1616714884339852,kyphosis
8.058263083305997,-0.7628935338958536,15.839692481482958,0.41327506554231075,23.269950197655984,-0.8207957868796375,kyphosis
3.2716520392013404,-0.613827855183093,7.053581140338414,0.726824708983516,15.606448131927925,0.06136519230871229,kyphosis
7.021524655537717,0.5441035277265185,12.755725095197125,-1.1857600685744847,19.283658436783384,-1.901996047598957,kyphosis
3.36169729780129,0.48990134050345535,7.70084213866723,1.1289032357897737,15.489701233617852,-1.164872008014637,kyphosis
5.670904071920145,-1.126676161804788,11.605968479730654,-1.6447541893723863,10.495083845768042,-0.2678123317956448,kyphosis
5.458138236812424,0.5110284970395974,11.368897693558011,0.006653785458865241,14.409252742595994,0.23852961943661613,kyphosis
9.479773286265885,-0.20044688264780605,13.769329720240078,0.679926399422122,22.44637946431448,0.33132732227526596,kyphosis
5.464139840572764,0.5795068611330649,14.006749735707364,1.1227097078347505,22.944510413069317,0.17266742340619012,kyphosis
-0.04275273410928149,-1.5811313022072233,7.804954009642331,0.01432601770589975,11.374111469092842,0.9422315331461516,kyphosis
5.6298121792605755,-0.7432936108600176,10.015390646598217,-0.6360029400450893,15.10625738111778,-0.5530019044329559,kyphosis
7.487841194667123,-1.5044324693448397,8.268117270213844,1.470733425951356,16.984017964918916,-1.3290851603006326,kyphosis
5.51311402299121,0.36876667248008965,6.387427575722173,-0.10645416313730213,13.794533171940655,-1.7896447810760827,kyphosis
7.669608792809814,-1.4604886429844997,13.636705764062476,-0.2438791596083259,22.160530494253003,1.2147767625448345,kyphosis
2.343280287649938,-0.35534578870585587,7.351650976770426,-0.9803803894246936,12.051851177538012,0.3109020254104337,kyphosis
8.580028741395784,-0.6329242204359463,17.25240504545242,-0.5465548310989118,30.036713140501995,0.7201305854366437,kyphosis
3.7828213758828717,1.6378990318002389,10.024629645065952,0.9634726940308436,11.470429925401827,0.3967105913801328,kyphosis
7.471401710940567,0.5775369208128426,9.949066482096157,0.18663140726052152,20.486144462737343,0.8547527130147062,kyphosis
4.941020029411418,-0.4614419917135446,17.105337853962908,0.3497163474081288,28.270139105188886,0.045309756342147504,kyphosis
9.626938024098765,0.9910264259999549,9.787260028406186,-1.0199134672593524,23.671787743218893,1.1288781143638964,kyphosis
3.7733454706043568,-0.6057085561717214,5.050341129671969,0.6945871899636917,8.475452027910366,-0.40834395706284415,kyphosis
6.052243037657925,-1.427752934322577,11.558376019799674,-0.6929770999126605,13.44912621756655,0.08365857876001091,kyphosis
6.576937260928878,-0.8634741550318088,12.165420963562486,-1.2164725517405377,13.130151869597473,-0.648079396102276,kyphosis
5.437848642939201,0.10432406409716877,7.670398656976311,-0.8742114065772036,11.952435298910412,0.39244416648486385,kyphosis
3.967619232957057,-0.7039719957135544,5.3705486098421185,1.1504918490312828,13.820654572570215,-0.5470663563554554,kyphosis
8.13153074792376,2.1627413148130663,10.52116144184843,1.321498785541947,13.10873192622142,1.2759435911407029,kyphosis
7.3212970259137,0.39724258244429506,12.980892628710059,-0.31755291198833246,19.129027038423327,-0.7542084382399418,kyphosis
8.374163383004303,0.05617140662894785,12.898359920852204,-0.6546010552161925,21.386109122934123,-0.8800213428960448,kyphosis
6.812855680684319,-0.600229157459023,4.000530351764463,1.380220282827819,14.594411743849301,-0.10593366532002634,kyphosis
8.538143218257792,0.5768128129910585,12.883356324269936,1.2286178132508008,17.86340468135976,0.10487220862043674,kyphosis
5.179833474393984,0.8536749138528293,12.99933281029955,-1.7631027477789258,13.688317202923542,-0.1321048219297025,kyphosis
6.351530054462426,0.231128187443979,7.136013189043943,0.42473333775214267,13.475703844249487,-0.9094241606606239,kyphosis
3.3738878585053484,0.5915893753890623,6.7564649884308565,-0.3538192553529435,11.198451913968709,0.4088713798340289,kyphosis
2.265080467671381,0.944168261478865,8.779381517016075,-0.43325316574455364,13.96190498214303,-0.10797439342796009,kyphosis
5.9004388298221215,-0.3634402376413241,11.183033013371952,0.05016564616247212,19.01670085269697,0.4692585164638299,kyphosis
12.653132000054335,0.23396066673371263,17.657326905880733,-0.3632184173936497,29.22642269452073,0.2229299891369878,kyphosis
9.331475956815398,0.10802389351472291,9.508339282414603,1.175053544086976,19.122837482515656,0.18827184399924024,kyphosis
7.874283145638035,0.21865072793092466,11.944988344218597,1.4296159257423289,16.758407574631658,-0.02431115069782364,kyphosis
-0.40044155485034416,-0.40104220897924503,9.14566578197549,-1.2546895794587845,13.616562640684506,-1.6690219149091885,kyphosis
2.6065652119768203,-0.40814246210066407,8.386147700384274,0.5078497555577614,13.450608777333894,0.05696643848953907,kyphosis
4.835237463117213,-0.6830733518180072,9.516723121066,0.15436958959436053,14.892395182202216,0.09301388033424116,kyphosis
6.261850837728396,-0.0930119272281377,7.071173481023959,0.21511492448887223,13.501328669762184,-0.7633829001704219,kyphosis
7.048928118788472,2.117757951894024,15.336409525915732,0.9585018382948497,12.689031224698615,0.22188190010783027,kyphosis
3.726855108871309,1.1452151301071058,11.749570465103288,0.7514126761297579,12.612416867621151,1.693717585573689,kyphosis
9.429048391015542,-0.9112596840940402,11.513019245880654,1.3914177707107453,26.6263817272701,0.5439097714452084,kyphosis
7.528718332514235,0.7291904357356322,10.889303155866145,2.224947551883994,19.514892338167467,0.4963313063659969,kyphosis
8.24786190673727,0.5343031350558676,8.555546896322536,1.9336973210206858,14.353210959028575,-0.2124530958568015,kyphosis
2.634121074136172,-1.28027117636599,12.184400673386879,-1.6286951425978937,20.16874213018828,-0.7293162975947131,kyphosis
11.922955541501047,-0.7315827482372268,15.615827860221058,0.39328465096892595,24.2203945041384,-0.3037969248715582,kyphosis
7.600383898206494,0.5989027489536762,14.483747024297816,-0.1610775089296075,21.35317014684067,-1.688982167611509,kyphosis
10.234782166016272,-0.8013021428500462,10.140816854734366,-1.6116800407122827,17.725990072256526,1.337479229605615,kyphosis
5.286238385626657,-1.1276709993071379,13.988601114099891,1.4517806029647808,14.416505105166848,0.06455929547875437,kyphosis
1.9049920496802142,1.018009489229211,12.906373443310166,-0.1360040010023765,7.4421163151858645,-1.4820674179887818,kyphosis
9.54126951125006,-0.9144785757382845,9.259943461633123,-0.7124539219473774,15.60937343864059,-0.0900189748911324,kyphosis
10.78036461585592,-1.326336209202486,17.708780121576318,-0.8325490007715692,25.521097466342265,-0.973524790484928,kyphosis
9.78525183143348,1.1686809849868707,16.392089177936086,0.3217359442324626,23.346631964154735,1.5359680095842692,kyphosis
12.592803698205875,-0.447429508412095,13.11976404261971,0.28314918405123113,27.277905003747673,0.12311748681650356,kyphosis
4.04350496704581,-1.2567005154666373,9.541610586708543,0.4779869254002827,20.42785492324765,-0.7680589393753245,kyphosis
3.0073431713092464,0.583045690645495,16.052244225837466,0.5533478663897893,18.758044499613188,-1.5244327847740935,kyphosis
6.241684893312701,1.1481528301163253,13.437566472936066,-1.0529746825252848,21.614864187620917,-0.8867102240001148,kyphosis
5.769395860032559,-1.047188987185156,4.376994056670925,-1.629453206031388,13.657475974872124,0.2482576948977413,kyphosis
3.9008877148755285,0.10393214777737576,5.5891072334190905,-0.5904298339675966,11.624090750614513,0.7008006127998764,kyphosis
8.129837741415326,0.315310356119398,15.01888101417567,0.25849601062423766,23.197691977144483,-1.1560263577588086,kyphosis
6.240327426493728,-0.04842315828420814,7.858000021354263,0.5461665675625694,18.198718626887675,-0.08635733787923945,kyphosis
5.208687889524901,1.139809910722869,7.813397778151572,1.4618630771019274,10.880881103441052,0.5611115302998378,kyphosis
8.997750300790921,1.190923815059181,7.060481998325348,0.7399014036220873,11.273882033254857,-1.749964690119141,kyphosis
7.615122656457428,1.0690290148789425,13.281844230849599,0.4104146540061954,20.30869847291892,-0.4936370227870881,kyphosis
10.981517368827689,-0.02944228457359205,19.32879705386166,-0.24369450191516023,28.490914788815992,-0.09391350129053645,kyphosis
4.554179122908678,0.5232235049194818,9.810138712510982,-1.6416790549591433,19.959075930060298,0.21294229819857938,kyphosis
10.980774776664054,0.2862488163297783,18.54581567873007,2.3240465065203657,23.90591904800663,-0.8335216092257318,kyphosis
10.258852755630894,0.7680442488571664,23.426764190511484,-0.03906059381178438,26.322291872926446,1.8596357112585444,kyphosis
3.8785832326010796,2.452034925827756,13.059483293804146,-0.41911183220456033,14.65289020720767,0.8703772594353105,kyphosis
4.566060503879635,-0.4797450936928667,9.03441038778171,-0.5677590093772911,11.780079989240129,0.6474350875698797,kyphosis
4.3359470595742975,1.8926944324605903,7.80330426782608,1.1579852162009376,14.117271521225009,-0.3972141660264687,kyphosis
11.906330804837113,-1.2842676494463976,15.668214548348242,0.32463857470512614,23.83070500509194,-0.40403880318613045,kyphosis
3.2153732866458085,-0.6668212329855382,9.529861009082348,-0.7725714162310579,14.752397608539027,-1.0489847877027294,kyphosis
5.198408290783537,1.2160347758338255,12.596110023888398,1.7603203349731285,15.383164995615822,-0.3343693550466161,kyphosis
2.28732506782021,-1.186878073628292,9.16177214641676,0.3191748081143517,11.296887295634072,0.6947058453756105,kyphosis
8.685395993274811,1.0871503123250486,11.588660963645872,0.2118308444445858,17.492616422202094,-0.17840340859944837,kyphosis
7.867949531022315,0.532024591058198,15.274146418568304,1.264616092877167,15.686285696887396,-0.46785384232395855,kyphosis
4.904218140773854,1.610039907309076,13.198206082449602,-2.435893840064915,23.032846861897625,0.29191228428192595,kyphosis
8.771190758346643,-0.18915114154675247,15.80032185288973,1.5353865371826443,20.114335619916556,1.0094872199482383,kyphosis
6.029079330176429,1.135502601914937,10.739228300933421,0.27870776624955657,11.36980658764807,1.9461527715455151,kyphosis
8.056825909712334,-0.8572170487951668,7.372808700082659,0.20512290886212908,12.437834544120657,0.6131786192904651,kyphosis
6.484330292963527,-0.6628695174108681,7.8585881787650935,0.8606539076460872,10.860153983278245,-1.1802611298917112,kyphosis
10.831273794532201,-1.2064658456700073,7.058444038873093,-2.227853190689809,13.692107203034386,-1.0199867284490767,kyphosis
5.671261783460734,0.04567601972124114,15.105513402859884,1.6955751540042918,24.721232757607766,1.9931766567687306,kyphosis
9.095579432882793,-0.7001561683585654,14.413705368954446,0.8933140847779235,19.606669762838138,-0.07828058759588175,kyphosis
9.436647873037938,-0.05311649767340047,12.58443156814182,1.1351810787650713,24.71942531230583,0.07432542330690294,kyphosis
6.292075231813667,-0.006240258746606523,9.724350180113694,0.02665010563914405,22.442000516607717,1.406882913747366,kyphosis
7.72914396733257,-0.09921481500280076,12.09927748945146,0.4335038499740238,25.908315137327467,-0.15507221570890214,kyphosis
10.336904026246993,0.12680925871423596,14.462090714844908,1.7148373623642876,18.191871879536297,0.21402261604004694,kyphosis
5.533743410850992,-0.8204077234175612,9.708700712166554,1.2895124822726156,13.609953286234735,0.96250376725151,kyphosis
10.808165152500711,1.6005168266213172,16.433385740528962,-0.5676677230170556,24.221518582824082,-0.4262914940928127,kyphosis
5.180006034322338,-1.0017558111695266,9.307194399288864,-0.4306025005763097,15.625554370436769,0.205179358985668,kyphosis
10.048942261685136,1.0559346956148934,16.47581474730855,0.43136921954074975,15.624983208383082,1.1171930759383897,kyphosis
7.765997600361803,0.37112325393868906,14.991600367565265,0.07077242929292306,17.09080330416257,-2.8514977186768777,kyphosis
4.225339980353484,-0.7405815508226601,12.47943640981157,-1.2406691665543688,14.623610409759126,0.43520354328621397,kyphosis
6.567970566258849,-2.929991215313177,14.74386206728457,0.328175430091309,18.935170390716454,0.8053346341306604,kyphosis
2.661850460994685,1.0907992694524753,8.949710608656043,1.352635056003371,14.658530160781675,1.033866819234758,kyphosis
5.073066270407459,0.7949526943729888,7.239964344634493,-1.0650544639457276,16.558092605990954,0.566358342139738,kyphosis
5.496290356062835,1.5284221172859243,10.056055980541476,-0.23346636507588478,19.041315514997002,0.7899783611773792,kyphosis
9.412503597255906,0.7255913981223358,15.023200679416803,0.1486873148135477,22.28758820090851,0.9049673878627593,kyphosis
8.051651812488874,-0.3739221355434768,11.897891458562839,-1.2244556866025997,16.121341146866488,-0.06446534827208937,kyphosis
8.349133464214031,-0.7846943010321492,8.45377106320206,0.32220981428834344,18.554441687883248,-0.1973524623555514,kyphosis
4.568739788955818,2.742137016700322,16.07019974056594,0.003099277432512155,20.109047670384783,-0.21902755733119647,kyphosis
6.847732271815043,0.415995744682282,10.50563960811106,0.717314614244019,18.30075369531872,-1.6323740504385473,kyphosis
4.219082224982195,-0.0038207163162407016,8.232594050219364,1.1029112395294756,12.398084493559313,-0.31039057763188943,kyphosis
8.890760378489318,0.08841322297230107,19.034996007421835,-0.6799625691874667,26.243390318447773,-0.5589340123267097,kyphosis
5.906032244526533,-1.2194558595182814,6.18488035327704,-1.1760105733150141,12.125347841560599,0.6620674940352059,kyphosis
6.7744581712787095,-0.9046462307322046,10.017176254772279,-0.8894515672706691,16.62651767826846,-1.0226283168494492,kyphosis
6.714824358776411,-0.004200713369505123,14.650935196177114,0.3988643919954582,13.504440702932941,-1.3029513295724608,kyphosis
5.044615126383664,-0.1635517885016823,10.120701401207905,0.02690644341180303,16.036070346764326,0.14014628374941152,kyphosis
2.4192916353400644,1.2116789822814993,7.776326864253541,-1.8888766587139543,7.5676558187499126,-0.8697654251933583,kyphosis
9.196663142705034,-0.530942787818091,17.347908102552136,1.275921481794929,16.40758852423335,-0.3301765619561423,kyphosis
4.822818111346066,0.048047692877934055,13.189283136401027,1.4734794464565935,20.51871122380507,0.35098668777740816,kyphosis
10.628850741088486,0.3218660495331319,16.28828315532176,-0.17016399292750553,22.4772317008479,-0.7076036115517935,kyphosis
7.9537203714686395,-0.03628075850680388,8.26795362509186,0.6040542691480144,11.38214555143205,-0.8114177455298172,kyphosis
10.733512199580058,0.7886795241685667,18.277549269636946,-0.8994567619288615,29.980325929275914,1.3940627264318546,kyphosis
6.077607522705387,0.5776114472011373,6.366625729146932,0.5218969284256515,13.172588137461608,-0.05640467329663981,kyphosis
9.56125081187378,-1.1060375339786084,7.091091471604703,-1.0556060556956397,17.27123304410257,0.7202163872707396,kyphosis
5.127611480668634,1.0276001007332423,17.511943412479543,1.3835642094414018,20.396603672024867,-0.5119632947702222,kyphosis
7.905963354108768,-1.9383189097398228,7.91114764212154,0.9641966206372876,10.448809494977667,1.7166195211989759,kyphosis
11.7645565785568,1.1826522227520335,13.56677160405269,1.1134768396349404,26.697057481690948,0.6192704509519859,kyphosis
6.373449245719938,0.9738249748000074,8.254974985981482,-1.0716385671335134,19.07122581678412,-0.0169690367727482,kyphosis
6.645008613285047,0.0991325895836062,8.373282371347523,-1.411006042715172,15.756574043130655,-0.15540200319282024,kyphosis
10.313616466310076,-1.6834818242913376,18.248914535322605,1.09084889891643,24.551481588407192,0.3053375829305472,kyphosis
6.4084627625739135,1.0716319240043974,3.546833154322152,-0.2937365648621163,17.766830917429594,-1.4964089341547875,kyphosis
5.506693002921704,0.4983443561468512,11.457925740677165,-0.12619059250026637,16.094086235093375,0.4795824852307494,kyphosis
11.372060688210366,-0.32799317873568706,12.888928397708952,-0.025741090626249984,25.564225419525748,0.341934983361145,kyphosis
6.4849526937752575,-0.03428456208869105,13.173040591512164,0.03214014592505853,24.726259135086053,-0.2427606856536123,kyphosis
3.1391216764865177,-0.15008722391462162,6.164398505636353,1.0403380303655807,13.664168168243968,-1.316921904912015,kyphosis
5.531700334229824,0.6535735721149565,7.534827485479,0.12354555524377175,21.162769055103894,-1.4485926722870297,kyphosis
13.423525520769822,1.2590460771611114,12.54760000802687,0.28312226937427976,16.97835311145772,-1.6471936965513332,kyphosis
10.68715449131134,1.0137740999497586,15.39012148081586,-0.47050355788040876,24.97639280277275,-0.6009703254609783,kyphosis
9.197865549073377,0.3577368309722464,4.282189591718353,-0.9924765883669282,19.102563815045553,-0.9523905555796753,kyphosis
9.250666166548005,-0.822176467419822,9.55557466832174,0.4216086209752675,22.840847188867112,-0.1010255155129221,kyphosis
4.540300904498929,0.8789425137009127,10.509073347491865,-1.3584810618839807,16.766016663009506,-0.10141966587994444,kyphosis
3.387334381359245,-1.0383582042154602,4.721756977764263,-1.4864311911853314,13.14605378003924,1.3548258239676743,kyphosis
10.464552393837824,0.968953227794484,16.681801353356203,-0.2768565032116306,21.308567028505134,-0.07429212685021092,kyphosis
10.365608249576235,1.3021059310495628,18.881392025297174,-0.14971709211272097,25.295839826430214,-0.8851732281899457,kyphosis
6.745241054341171,-0.5220940335097722,10.697659203180939,1.1494603607240514,17.85639986277403,0.21084540041418198,kyphosis
2.438078280042518,-0.0384130056819928,10.615302783855238,-0.8539801771376766,8.774348540021952,-0.10796725439828075,kyphosis
8.828461569188578,-0.8767277804043109,15.759797324387256,1.9163657495435316,21.95029120889067,0.5699653899335565,kyphosis
10.086398433431176,0.5460381019707934,18.778539468397348,-0.9650779328940498,25.774907375377264,1.1305835393567547,kyphosis
6.190471811553385,-1.768141302379997,11.724355263778335,1.4363442002424578,15.831024030489834,-1.6153848253448464,kyphosis
5.367094146154632,-0.5434805352371389,10.850356376609167,0.35649808540322864,14.979940972303002,0.743687979944652,kyphosis
12.191063363822575,1.4447241097728971,12.941632756203896,0.052193666272285326,23.90544909560465,-1.4989173170120307,kyphosis
7.06357364625257,0.8124365928005659,14.864927978768538,1.5154310914610687,18.09097039513729,0.11556644072932303,kyphosis
9.326455184484574,-0.3128479272687302,17.080986713305425,-0.9555055322886405,30.27592156878499,0.44014781529589897,kyphosis
9.237146116534827,-0.39848211054386046,9.825358526681145,-1.5053489474578199,17.27030463994831,-0.6351737522452393,kyphosis
5.180989425196757,-1.142761779260458,10.936344512279337,0.35258326451243455,10.882221626330676,-0.03324475948819245,kyphosis
6.950588395865149,0.42053968932673697,10.259724537025338,1.3920211063720331,14.159434967863145,0.2922562010517851,kyphosis
11.334999720776786,-0.46830237372207867,12.024720094225998,1.5516256094998984,17.156269313670645,-0.670690199375144,kyphosis
9.339674164297561,-0.5280969852055369,12.78912899667079,1.323141717090571,23.0246369185206,-0.33001011980503586,kyphosis
7.202883558598269,-0.7764715957447071,9.166351832455993,-0.07171345030971461,15.420694573433273,-0.18227617859146747,kyphosis
4.398735289691853,1.126973813129632,10.050374232123454,-0.6483554728638338,15.141066324684175,-0.4097710734515934,kyphosis
7.551036796342351,-1.6664120399248947,11.318157046123769,-0.5026235134676746,13.589782313411202,-0.580731331112944,kyphosis
11.873749056515067,0.9109341401601679,21.17058070323739,0.14237437336107173,27.503739313296087,0.19019460326451204,kyphosis
0.9502250073781835,0.06924100742337815,4.886916442659108,0.19051492203117917,13.882173198797505,-0.8194110089042516,kyphosis
6.016763987431846,-0.4652801951486942,14.250308263748188,-0.3135229777238967,15.462430521924206,-1.7731452164463077,kyphosis
9.900719534796284,0.03794832473381738,13.362595044152291,0.4333645007051173,19.15493350456719,0.7797555020275726,kyphosis
4.277580688761403,-1.6917758275697274,9.252168541955575,-0.6731403621084099,13.383049397945559,-0.9176077290230079,kyphosis
5.4676813374696005,-0.11859608901511662,9.859669360775126,1.0261561243445187,15.58959361465313,-0.990169142997787,kyphosis
4.128566850185851,0.3740188899799878,12.579039354885754,-0.6561844365271635,16.899955382410738,0.7939389931459045,kyphosis
6.923696720018716,-0.44991527391188035,6.382869001245689,-1.2301691848340122,13.24146687962587,1.2601873157053034,kyphosis
7.113503964790211,-0.8057300396956435,9.013814368628344,0.5718379462999532,16.01258741432459,0.519878605712257,kyphosis
9.408634166962829,-1.6027007481472315,10.771120394816544,0.46048015943769544,20.439948073363997,-1.7695673139259511,kyphosis
5.046490682668016,-1.1566609187986467,10.735184364591031,0.7540965633980192,14.146730324855724,-1.121896560795164,kyphosis
5.166188344331019,0.5029413432784781,12.271826005818617,-0.1831641117380902,22.37632975358387,-1.2874546425498679,kyphosis
7.338084132367727,1.591267245873327,9.378020981277661,-0.6363864618732811,18.0600489356637,-0.7612068892481811,kyphosis
6.485210452332954,1.272801831256682,11.703269413586003,-1.8057786246388097,16.49450945818318,1.7359897844093095,kyphosis
9.285626268385199,1.0577118337641447,8.951277176878804,-0.7908271974774496,17.32256915637943,0.1277471277537644,kyphosis
4.0890090069603495,-0.6752895623479088,6.040517567842545,-0.24476507145829654,9.45957108923431,0.5457755358582462,kyphosis
2.473682335122257,0.30650219877678786,10.230772165771738,-0.010808276861947795,14.893935482208775,0.6603446555392523,kyphosis
1.9897751043702692,0.14505585739262508,9.243871376828848,1.3227128436513729,16.187290601321028,-0.956134889624978,kyphosis
4.984848751753399,-0.4612221055232688,8.798677526692734,0.6605280287813158,16.4140088445649,-1.468666107521066,kyphosis
12.872157701551291,1.3209402539495905,14.632015621541012,-0.8437055028918027,23.586804290230727,-0.33991138756268435,kyphosis
4.230711339896193,-0.39989670117583775,7.079571728874319,0.048454097925324666,13.669434535865074,-0.16728953316049802,kyphosis
11.087042621828084,0.4029238132996099,10.414448852807958,2.9988068129461642,20.181976126075376,-0.445041942402794,kyphosis
9.16238990955883,1.0352531821466928,9.50475804789391,-0.16225254438068,17.750385736326677,-0.2840536714639359,kyphosis
10.132535816549405,-0.551471502930332,14.378943994823418,0.0009811377883758232,23.016611994818575,-1.4562261700728583,kyphosis
4.169458937000002,0.5287026750080644,9.814016488889907,-0.5485751100589936,15.423647210714995,1.1425499381820516,kyphosis
2.537985294894588,-0.27995535707847996,12.66100857122882,0.3669339250755661,12.5252740553457,0.8145046094154129,kyphosis
9.068873932412307,-1.376671696192262,11.918186400387711,1.5659667048947912,22.307278925577425,-0.251936039939599,kyphosis
6.7290706991203955,1.930428970441179,8.08670130471888,0.942216363873665,16.776389883808296,0.19546557644587909,kyphosis
3.8947599041768264,0.8310997228922514,11.04844723689591,0.49796122196220777,16.11722069785101,0.02287510995439096,kyphosis
10.006075179334346,-0.9240547834530383,16.05521739524229,-0.36338715545942685,19.027892324461753,0.7529331967560047,kyphosis
6.451348782357032,-1.779676981219535,11.515057778268673,-0.25800647013199324,14.712168558825086,0.19919457066984533,kyphosis
8.188412821233536,0.7571431167983054,15.89390916974805,-0.00582912195674036,22.24080295002168,-0.906968531212131,kyphosis
2.2810345704972903,-0.9289624796866149,15.366397110378623,1.267046650703725,18.491159709252322,-0.9417220361486951,kyphosis
8.385581608755624,0.34721342765233704,12.28295532511376,0.40444831855538727,19.07762061366691,1.491682450303938,kyphosis
13.557350913441054,1.4653854644720277,19.037247713771084,0.1846570289760584,19.93747538314583,-0.5936652066403181,kyphosis
6.632611038194847,-0.32153319933661634,9.717863110184865,1.6809647857971852,15.05144842004164,1.512071989806376,kyphosis
12.53384212053971,-0.3848155968021266,10.674751094111429,-1.816649073958353,21.155553641567487,-0.522103817040693,kyphosis
11.557882686283476,-1.96425023360247,16.186248935785944,0.9431713238433093,25.978818902652716,-1.1065344583260306,kyphosis
5.078679110215169,0.18199782002176831,12.6557793638126,0.5350949008487698,15.808979369590165,0.6859847358919161,kyphosis
2.54381734038562,-0.8494523239303629,10.2488933860253,-0.32447955714796844,10.295921735462805,1.3959978347799473,kyphosis
5.959933402234504,1.7653774940843667,7.561455398590748,-0.18333054036549323,20.53374382306223,-0.8458743451950775,kyphosis
6.38164173339297,1.197065428040871,12.214492626266743,-1.135573325381819,15.46429748933333,-1.3251210463226268,kyphosis
8.929092503654335,1.0843549001640898,11.339712126045217,0.3381678032415189,20.30994002906031,0.44376021245401553,kyphosis
11.307636898070266,0.8359019046172564,11.360833425666906,0.2164584289642921,18.276175276835605,-0.24086459324075976,kyphosis
5.152092652305869,-0.9349794440679964,8.913856094638273,-0.253101000388461,15.612001639053824,0.6380168011910988,kyphosis
9.915767328916962,-0.10505101065148967,12.780713918957536,1.5528419261884068,19.367483263425928,0.2971340409980623,kyphosis
7.342737135236003,1.8775663125596538,9.87449623190399,0.3170641543149759,16.685108695437865,0.5023372113695315,kyphosis
8.760531145503533,-2.1916469697499523,11.156084480319631,-1.7203523803804235,16.474526163218272,-1.6243228982521527,kyphosis
7.1147586081802485,-0.14262380958904522,16.198912883991802,-3.254080926007061,20.973522326127846,-1.8613473842535868,kyphosis
7.566366543473981,0.01750396301106747,15.73745167796431,0.8452159347378054,26.696575705009742,-0.6351738899671615,kyphosis
10.7153808016234,0.8834584584157608,10.203493211409539,1.4229478115671714,18.349473502366532,0.13191235838607693,kyphosis
8.530670031653036,-1.0791064092004519,10.087791735425535,0.23115099866285838,21.378755661503575,0.8357469259699178,kyphosis
6.584404918546647,-0.49184063471822925,7.8986786251870535,0.9267396757794526,10.914685687476583,-0.2612271712547838,kyphosis
5.969928912858572,0.005024102511056506,9.9335846682844,1.7608886437854836,16.86958049989967,0.9741759827305447,kyphosis
7.31795949667038,0.3188089633926152,10.408641285351457,-0.2276921276068351,18.838425980734076,-1.2222598948094867,kyphosis
10.116837567387748,0.3356226998377177,18.70442088794905,0.04391466449491853,24.402137847503067,-1.410503226496852,kyphosis
7.443578321977049,-0.390972724198249,8.368991886602327,0.987877961400736,13.570971550946489,0.49621996824701586,kyphosis
6.7522877865915145,-0.2514163671352664,11.86619866557496,0.18361561219930286,17.17114281247807,0.1068671502265321,kyphosis
11.304037153363659,-0.38769665064286224,10.32159968566389,0.34831364883891336,21.607722915552202,-0.03723730423975323,kyphosis
10.743052878618247,0.2242049125854982,13.587770385034391,0.09588848782856677,19.540758434082242,-1.2596622784857028,kyphosis
5.809124170801945,-0.07594832214311555,15.30601981921905,0.008762291867347036,17.834221011056158,-0.6548699178415758,kyphosis
8.966987267277345,-0.29628054223672434,15.325433783583705,1.9455253673416844,26.98216565595007,0.8948778764462689,kyphosis
6.016682596784811,-1.2654019127284868,15.738441196586553,0.25063340423914654,20.511246270963102,0.8327037294201874,kyphosis
7.886597647848685,1.0181850026761283,13.286956769370386,-1.4222985785296878,19.422198940728876,-0.7750810214714137,kyphosis
6.7229158318971995,-0.6961937849012091,6.719152227805092,0.8586225124333342,14.785831802709666,1.9241199539301437,kyphosis
10.502440421767256,-0.9017116770164529,19.319528945162276,2.1126133648704104,29.227443147588982,0.35936811465126667,kyphosis
6.499371081875303,-0.20714794487623922,16.188525198305335,0.3172295950526683,26.82423701824615,-0.057353349982518426,kyphosis
9.64174242804518,-1.4708700629711626,12.832660217775274,-1.1592189176514358,17.019020360245122,-1.1860590806878566,kyphosis
8.044793243662488,1.2084585641308647,16.244001918998265,-0.1657549931968806,20.07400898740551,0.7396754616970275,kyphosis
8.950701667500674,1.5583110710093018,11.459781234316258,-1.0773914500412558,21.90609036465291,-0.42477273885864786,kyphosis
10.196131887301874,-0.4479331715923946,12.762585824150053,-0.3168815779067625,16.062478170127598,-1.0698846944758384,kyphosis
10.795992556201133,-0.8044255781934276,16.13621785553706,1.4474009609245988,17.03733089075996,-0.6053077846412942,kyphosis
6.590305699723487,2.1666673677414594,13.173270451014309,1.3052361874367955,15.8627832157045,-0.3268151061249186,kyphosis
6.9276827440947955,-0.7306991632213851,11.128964515992536,-0.9991241029796293,17.608072475498123,0.5470737480563698,kyphosis
11.411536259526208,-0.8586616611496858,9.102841353279146,0.17729732690711858,18.522725901977935,-0.9925275947282571,kyphosis
6.922817052677455,0.3723070415104813,12.89606541597768,-2.6566139410392067,17.36236985418516,0.4434561060132515,kyphosis
3.409498987453202,-0.024850612065107816,5.260727368467086,-1.140301865818759,11.913485977088552,0.5298591232023137,kyphosis
2.5274894919286846,-0.4320610674125765,6.448174707158128,-1.4887024356204084,7.84025582147027,-1.3498853129793051,kyphosis
7.828919685255649,0.19666828021218397,12.545694259284208,1.387198723827325,14.1379903712858,-0.9386478485517442,kyphosis
10.38790637650645,0.7661595221385085,15.639508669811942,0.2984172188263141,18.243616306105235,-0.9881763626073492,kyphosis
6.381042463348472,0.8525641651708618,6.048372177889243,-0.25943380192951443,11.702937004911508,-1.298717355671328,kyphosis
6.270629019104932,1.628053743586026,8.446561943232194,1.6148932274516357,18.703204716367253,0.4100804333148864,kyphosis
4.634266132833352,-0.4570880225915644,7.707591304377158,0.7627087873998919,14.498765430199114,0.1843765914336219,kyphosis
11.009349867321108,1.4631787237516252,10.793117365967582,0.6663891641923575,18.816499355007956,1.4095300427936774,kyphosis
13.133776343535825,-0.1523008317382591,17.139772989947332,0.7879461541727192,23.83863278963817,1.5817749180417362,kyphosis
3.9461519704870645,-0.13851025881475382,1.0320176988388527,-1.481629648038966,9.985586570962688,-0.315975601286844,kyphosis
13.79349192929923,0.09017895224026089,15.225262434189107,-0.2822763441340047,21.329290197918322,-0.7858619168269707,kyphosis
3.402853750655212,-0.04605876370982293,8.507127552218918,-0.48738064214305227,21.092974777131936,1.0019841378928036,kyphosis
8.192700010457479,0.1036066160624998,5.135287940243848,-2.515844791304409,9.404222978435056,0.715801443019908,kyphosis
10.556529676611012,0.3044831534796883,14.748295021096023,-0.543444794439848,25.993999503152665,1.026319777142607,kyphosis
6.98120914069222,0.3957735093328879,9.863757032312716,-0.19075945252084633,22.696583508811315,1.0275819688031034,kyphosis
4.736674004105911,-0.026728809950264876,13.654883293380754,0.3126491847540549,20.75284562828497,-1.3481772142193893,kyphosis
7.282115178554571,0.8984662251781975,10.762587344038844,-0.637631744601511,18.349173078527958,0.17345962401016324,kyphosis
4.726902099438833,0.06446773792838392,11.904431587234034,-1.6973206004985544,23.076449534627542,0.24462957608834474,kyphosis
4.788371196456116,1.4157371424714158,12.411070903477063,0.5182349148205871,12.137200819528331,-0.19770177929640723,kyphosis
6.449765211315144,0.0016969422595547166,11.481596124192745,-0.6929722474554274,11.160411304353401,-0.8155630659244439,kyphosis
6.9704553708616945,-0.12123210993918465,16.11960768869915,-1.8027107188874678,15.571637872697934,-0.08570048993462817,kyphosis
10.024750034813582,-1.849996628725545,13.402202721740759,1.4234652412166329,18.46610030595705,-0.5111105649212816,kyphosis
6.972070212985285,1.6909075106671883,12.802481680946302,0.11725475181722454,15.94858123542942,-1.3633515268361678,kyphosis
8.705189648657177,-0.372735772377159,16.93107682728691,0.9046865897075451,24.015872051186808,-1.3986750021964067,kyphosis
11.722626640027997,0.15022445349543503,16.749749506384116,-1.26993570126293,22.448722749402116,0.6336018594076143,kyphosis
9.962425165703834,0.059982919883969546,14.88761279454079,1.5013810430836556,15.6353236072862,-0.6810939299210563,kyphosis
2.3085746647836363,0.056345120894978944,7.806225056896622,-0.33042528471797783,9.650549299068473,-1.3918261338865063,kyphosis
7.982790039299397,0.14359770267119634,14.269902697110298,2.235224243074727,14.608011479196863,0.20950531585179571,kyphosis
12.682900930167134,-0.06567774664531302,15.356890532473868,-1.2429487038655567,23.75753265471408,0.025287344233205295,kyphosis
9.363371187004047,1.4765860001682047,16.224759857766895,-1.613264983312148,25.54036307978221,-0.031864778866760105,kyphosis
8.521599397794025,0.2678262112574185,12.06513788710636,-0.9847545400126007,23.211131033250318,-1.9874706883695097,kyphosis
6.683661825604297,1.084998470477295,10.26294611176565,0.49630740783885263,15.655365008177784,-0.599979574422365,kyphosis
3.0321298543875,1.7558898596209722,5.720750500631336,1.3517440575104473,13.78804531576767,-1.1894984723183641,kyphosis
7.561202633690305,-0.6411839808242528,8.653430566026362,-1.049093463962285,11.589192462110093,-0.2830959350300522,kyphosis
2.4205410846219846,-0.4236148925606516,5.7452453404733355,1.1152502017329127,9.483933137963522,-1.0542249281077938,kyphosis
6.635418808120799,0.014939560555093493,14.485329766859051,0.42110438466971684,18.63044792541584,-1.3483859438461694,kyphosis
6.282106348961632,1.1258494615175192,7.827173170822683,-0.07511766780680505,12.922299848558447,-0.865131966138953,kyphosis
7.6427935972769,0.3113660255055134,10.355971277947626,0.10259438162483085,16.07485747101113,-1.1488212234096702,kyphosis
7.822035108262456,0.7523750374744564,21.158257846386174,0.22268904061298303,29.591292612499466,0.4165801322375805,kyphosis
13.172016073287251,0.2592217264569688,16.472506314469022,0.08528667089721192,21.928666130452797,1.1316076387835818,kyphosis
8.539705597788956,1.1951583324983794,18.99263901779824,-0.09469273334809195,22.104318202820856,0.4036808560971585,kyphosis
2.4530933086766544,-0.33715428874540454,3.7710435149604944,0.9282116908354453,9.920652753839546,-2.1046867737060397,kyphosis
4.316789844536361,-0.39035540111519035,7.42321169074542,1.4603066585375177,8.586562310112704,1.5073425481329679,kyphosis
4.624875908071651,0.7679733922273706,10.998769464602754,1.3703919425172104,17.608710411508643,0.5632053249856227,kyphosis
2.8827148070319795,-0.0594755107321631,10.722251977385243,-1.7586519581453746,10.38891341422128,-1.1393426553965451,kyphosis
8.687517420678557,0.8617078029134809,13.085793364272837,-1.2214070367937697,21.61094872458417,0.6674720097473074,kyphosis
7.53204810015243,-0.22882665333799596,10.387710955217925,-0.14092791365861915,18.45400038093275,0.7250380178764056,kyphosis
9.190086331133948,-0.7667713426682832,13.722790598230967,-2.204772884902987,21.248824242373455,-0.5346005430684944,kyphosis
1.3606567017290412,-1.8253871416897751,13.44633456967883,-0.7775948100774628,21.445388582058147,-0.7808565967381174,kyphosis
7.97892511673098,-2.131656841453404,8.595785797340763,-1.0044891937211886,20.203116767008066,-0.14840306098610673,kyphosis
2.927214040695754,1.1619879264173891,16.007689770804106,0.07223792690022067,20.49494249304749,-0.06512726880077303,kyphosis
10.975425983750242,1.3892758960513205,4.414754431821406,-0.37811028520195056,8.090032011263757,0.34378525338664406,kyphosis
3.4089126026155347,-0.7099817891641748,8.380955000577393,1.2280890534541766,10.689806909126492,-0.46971052295033877,kyphosis
7.012677968913131,0.7401436489292486,12.541909027860521,0.7898761484622279,19.71076874239739,0.8468009977933434,kyphosis
10.137265873151167,-0.3728087779199437,11.18655756930086,-1.4753026420309208,23.44339912671429,0.5893688305452475,kyphosis
9.434953060267077,-0.4764189520519823,17.66609885166461,-0.764035469949635,24.80913155453615,-0.5650265888973589,kyphosis
8.287601525205522,0.5669536542253503,14.191303345003151,-0.49177471055436583,25.45012807374432,-0.6258420685774791,kyphosis
12.837634746071652,1.5674775649761714,13.144822757746049,-0.2965509596093415,29.47407463232706,-0.08990211742139963,kyphosis
11.212266765806659,-0.5175583237336484,9.651480369499096,-1.946663893741508,15.675294597262827,-0.5019327993257066,kyphosis
1.884392428687364,-1.4508627064411825,11.123240605568794,1.1303355493067164,15.503229194893402,-0.7417131904794045,kyphosis
8.883639721797497,0.52798777045024,17.54244070287358,0.26575550950480253,26.787874238936176,-0.045644070744551984,kyphosis
5.380372301177777,0.6756064125900719,8.986342243211325,-1.5135793655297913,11.146758089312284,-0.08672567601149818,kyphosis
9.85335284431321,-0.15096189422150683,16.83587647584262,-1.12170452340096,25.93568632242065,0.4665666895336608,kyphosis
5.154508027814046,-0.07450030621856889,15.72567294224093,0.9215995536791058,27.69148860414397,-0.1192498458339544,kyphosis
3.962881095138759,-1.328340224029111,4.878934159951354,-2.128223977668006,15.497672897397981,0.603187202738363,kyphosis
8.060879231820088,-0.1568832795536248,10.995180847068513,0.5815066916719115,20.72118363124551,0.07881594880772567,kyphosis
6.210433964438856,-0.7613285406735819,19.508052259064204,0.6176074275842615,25.24908628305303,0.5342663996554387,kyphosis
2.6106159707382544,-0.7495435213055348,8.943561302398606,-0.7153614988870273,12.231880992000093,-0.379965429382309,kyphosis
10.453559480790672,-0.5763982878837092,7.495863820080655,1.135355470924936,16.808502157971976,-0.03216451361854356,kyphosis
5.23552720088208,-0.3670004018176856,9.796834672181275,-0.8402091267035774,14.59361020746707,-0.7258174070910179,kyphosis
4.425798430541903,0.12871025941630312,9.689085681331093,0.06825387094135758,19.441829924909726,0.06827722832656767,kyphosis
4.06438429767605,-0.24606068758090954,8.1537737794487,1.2644572488400527,19.435679699276946,-0.5532355546886993,kyphosis
8.926221465708448,1.4309332878962078,10.493420680833706,-1.3879587358613792,17.800387164977096,0.4872126121276826,kyphosis
4.342269889800839,-0.42579352890801464,8.346122228015219,-0.011851811177379793,11.225347952459222,0.6122718741381586,kyphosis
2.0676386800289284,0.32359139353024435,10.160791123762007,-0.9029118060642409,16.653585030917295,1.9311498299550158,kyphosis
6.241384521220004,-2.7106099206691523,7.424001323767845,1.0499431853871433,17.188021811498487,0.9043568391383052,kyphosis
8.120724362677047,0.39901602663058394,16.69432825876487,0.5034560674878377,24.589530667203192,-0.9092508401654876,kyphosis
6.192103577649609,0.6817005985326534,12.10394261084323,-0.025150323857757156,16.892399519583055,0.38892550378634155,kyphosis
9.398718084115297,-0.6827046157785236,17.42794338317422,-1.392995590743817,27.98380067560159,-0.6560999160344585,kyphosis
5.171225742085953,1.4830534801558686,6.416249183963716,-0.3551065281666979,12.88059225045215,-0.0930405078088542,kyphosis
10.0028409119006,0.7556534664466306,14.507997635096249,0.9747925823336558,16.884353752720532,1.3203200877343115,kyphosis
7.4571071825221065,1.0483962298558762,20.708837208436236,0.8189122586738262,21.564401459135805,-0.7558811892756268,kyphosis
5.065036515875565,0.8072885287626695,5.47065434443075,-0.3649138222938416,9.584560753990548,1.3749947729526244,kyphosis
8.160994249782956,0.7394560483283114,12.656645751416379,0.6119820944750606,16.955196274555107,-0.25140041953640757,kyphosis
12.700700350131974,0.37527490910523115,13.747942408957314,0.9327119131125198,21.861983419553653,0.12361155069578222,kyphosis
8.160193038990606,-0.22492105577285615,5.633248032553578,-0.9167942046012802,16.897669687360455,-0.7811261637382106,kyphosis
1.0264734791262575,0.28009533858762775,7.79710554154762,3.1645005862226268,14.001491758161372,0.6720793983272628,kyphosis
6.009709812615447,0.9776445030637582,20.014578137313737,-0.21161717818596157,22.704687904291635,-0.6651066162663818,kyphosis
7.62505130074948,0.4406775412549303,12.486641297858018,0.6982381770403226,19.802739530236938,1.3983523705022363,kyphosis
13.35331766087959,0.8881261485435463,13.411830365975533,-0.8520990637917234,28.358887756554367,0.2813343004520242,kyphosis
5.791275359942938,0.21321787366658393,14.547408735353045,0.0813992997761016,13.75513420929117,-0.2766729548834844,kyphosis
5.680008039599584,0.924490032660416,14.947683439494583,1.9899022925188212,24.447442723248557,-0.3869016876251076,kyphosis
4.302468147603463,-0.3356634546292457,12.25798917446901,1.084929382986779,13.540440071432982,0.2861178976289413,kyphosis
6.84485186712202,-0.6596655575842983,9.86460862838357,0.7557803953919976,17.36533558156385,-1.254191657930037,kyphosis
4.766386295224056,0.1280911433941547,14.270494322912496,0.5697337401357707,24.01570776283351,0.30903988294161017,kyphosis
4.724721005590367,-0.31994780595559263,6.510412495241834,1.7571314107933318,11.626072965567914,-0.8735309515786197,kyphosis
6.635831559094072,-0.8273787168762089,12.698480373270614,-2.1247743083190858,21.712536512861664,0.9796189537677699,kyphosis
11.936881299099799,-0.4451521336841396,17.763238858839856,-0.654801362675872,28.0410562365083,2.0508816455637104,kyphosis
7.156886854652327,1.0396744983102106,7.921186708170916,-1.20900275281406,12.390159036799282,-0.07094111583448261,kyphosis
7.058091469993531,-0.8044266964094385,12.536534487571704,-0.4584526389454015,11.254877352755063,-1.5404542417455078,kyphosis
5.766835243416985,0.9979369774358545,8.288094292258766,-0.5673181376423255,14.634653119453434,-1.8151470696250334,kyphosis
5.4429741491635255,-0.25181599350003386,12.503303482351766,2.212665412966973,14.215084905943032,-0.6971623807335677,kyphosis
-1.2429916839700574,12.200282560484707,0.46442394176274704,10.47012209578402,0.5936608006656418,7.910662516310204,lateral_tilt
-1.1487031500857765,16.270527686965796,-0.34301024231287225,13.086447293541465,0.10671235020622019,12.860040910792282,lateral_tilt
-0.13222894829483492,14.454739103377007,0.14037470794780255,12.470702030746722,0.21027054206216456,12.664501906326318,lateral_tilt
-0.23991144306778533,13.37990661173776,0.6845271630628263,11.710424419686237,-2.4062137822138556,11.850923029718176,lateral_tilt
0.6422856027804396,12.7046141035483,-0.14661446794364016,11.1021479228232,0.018192253996410362,10.545556272592103,lateral_tilt
-1.4994188490181664,23.842049230792643,-1.37193666779031,18.278673866189457,1.1039035736438263,17.836186872550805,lateral_tilt
0.46114772100347623,11.809072051507323,0.46593830913323403,8.717574735361692,-0.1875461086360559,6.601110862073975,lateral_tilt
-0.7526045919662161,10.543435507512909,0.11115801966439276,8.406659109077475,-0.20400722124663978,6.526539145592738,lateral_tilt
-0.912095265261172,18.46592556384794,0.6384077383230005,13.072707399527147,-0.13132028446369148,13.127999501230004,lateral_tilt
-0.14532017158190155,9.60805021561617,-0.18379175611840448,6.25290014819422,0.08310930346723584,7.748269487145293,lateral_tilt
1.1305601327514416,13.263612961202176,-0.23303261303296288,11.526848958099505,0.03534756195112419,12.786880953288303,lateral_tilt
0.18121759148890704,5.887673384434575,0.24208848876064548,2.430500892847573,0.8096511278324057,4.5690633666036335,lateral_tilt
0.9147151267046919,14.72755508590384,-1.057993415192221,9.089099653595785,-0.017019279552472337,9.61874369139091,lateral_tilt
1.5290721971516417,8.479763765613365,1.1382636679653009,6.754516614949455,0.05624642405723951,6.798662047226744,lateral_tilt
0.4357312855027668,14.638638311948785,0.13691983249487336,9.065139533589079,0.1673116376155808,12.097663817665612,lateral_tilt
-0.10397556257566223,7.10516416788587,0.8395987795268772,6.612071961565012,-0.35270580269206236,4.007558828922907,lateral_tilt
-0.9958107281485848,24.223199442789422,-0.7244603411443635,19.888321703820328,1.711189061649063,19.100575341624126,lateral_tilt
-0.849107021987005,13.334241261929257,-0.7498276464666982,12.54141731601767,-0.3873839522853142,11.148237488292358,lateral_tilt
-0.4244243795251789,17.539388173958464,-2.183504252522321,15.262689390775318,-0.4113322803866864,12.834133594005403,lateral_tilt
-0.7631814055293336,19.593432975937926,0.39474000143042054,15.97100386402711,1.0622841745285259,12.56165100505412,lateral_tilt
-0.07775559367207183,7.136633222675262,0.2305301612477189,8.112677551402893,1.2034442035064599,7.357380655022335,lateral_tilt
-0.005407807341869452,10.375970458554807,0.4227450926489609,7.717299240658452,0.10045615731508312,7.622647968019477,lateral_tilt
-0.7019331093911598,8.181185701055904,0.17685556478911973,4.205532739856826,-0.0819992154231251,6.421987177741784,lateral_tilt
-0.8490671151042659,9.983828780461664,0.13648116314542308,7.819334227145015,-1.014262779041135,8.230015405543972,lateral_tilt
0.5651439330396845,10.206809020071283,-0.2269179699232558,9.622186527489728,1.2046323272289876,6.946140106679142,lateral_tilt
1.419380749070135,13.348621129145156,0.4261366816632266,11.445830370880444,-0.016217058911218902,11.67882228582448,lateral_tilt
0.887693580003293,22.653113858311997,-0.49859287221636595,15.77054372104346,0.08802216229284793,19.030702128525817,lateral_tilt
0.038376179916359,9.289440401255433,1.3657251714502552,6.741537650518895,0.21438845503596796,7.750258649538619,lateral_tilt
0.7349848684269862,6.516392450664264,-0.09153379521280242,5.032971301823947,0.7374856970442243,4.919639331449043,lateral_tilt
-2.022669674219358,10.126767277314702,0.4304210836093567,8.92337718127926,-0.015250086754006848,9.828405738831108,lateral_tilt
0.08526834549188793,10.6924809826088,-0.8452320475833311,9.144689088091088,-0.26397657844786343,9.000374110541069,lateral_tilt
-1.010210273358411,9.185156649745469,-1.7171711652005923,7.362786616030418,0.3231930764350926,7.691828039366362,lateral_tilt
-0.6554777486676645,11.434078225584415,-0.6896344644528225,8.82238523126949,-0.44733463947186936,9.977590123873078,lateral_tilt
-0.46173635006503205,18.14802889660964,0.9244395053363358,15.756135622667749,-0.7878261191944835,16.18159724012754,lateral_tilt
1.2261687495553057,9.786325787299829,0.06535473213421167,7.601275138026228,1.506006237553365,6.167507021924971,lateral_tilt
0.21991244203056137,16.349793202057416,-0.04517100967280981,12.799028080183072,-1.0536117517461958,12.781462146046389,lateral_tilt
-0.597323414272451,20.33982595686811,0.7589315269257795,20.364270335732304,-0.9790785008671844,16.91343732631071,lateral_tilt
-0.588904560641638,10.48687440596946,-0.30873811215606545,8.075772237753817,-0.16042850294774436,7.138265349074095,lateral_tilt
-0.13477973501521767,11.671619696770499,0.14828252005625445,8.449273988539291,-0.12686593724536466,8.661809095671808,lateral_tilt
0.5429671517112402,12.611746936513848,-1.297684780614143,9.397459617311178,-0.04342808770991674,8.406645644267698,lateral_tilt
0.628181593448816,17.045436954215756,-0.31334191356123053,14.32207017736267,0.8019362682887338,12.91650655304314,lateral_tilt
-0.5483533513511584,7.73629267799984,-1.4105248723448627,8.178917654428082,-0.10371385592160286,8.986644014905089,lateral_tilt
-0.8794093564240688,10.456174351950619,0.01727100802243862,10.523693761069111,-0.7559855057639652,8.011345205654987,lateral_tilt
-1.5491975117849315,8.84467950985677,-0.9104025141615066,7.1587512698959035,-0.8998600802687436,7.417598049125717,lateral_tilt
-0.6858239206200459,12.616685527041824,-0.8613382518123045,10.257706262671338,0.3286273206920686,10.390272981935164,lateral_tilt
-0.5481641820461474,7.31341892892906,-0.7255036275239947,2.222997499785873,0.9092393555293568,3.8352944533734625,lateral_tilt
-0.20472329652744237,9.905548770134866,0.13363234514092837,7.870877791071084,-0.11409596330824068,8.414639758500373,lateral_tilt
-0.23968794240574312,7.00832278584879,0.5863453196972179,4.1865984162204954,1.8589988938668467,4.180048036264201,lateral_tilt
-1.51833311285015,18.42379623119076,0.7523297630796475,13.070759200376013,-0.5966228470720737,15.13150507475754,lateral_tilt
0.6767205134758106,9.92751083750794,-0.6516649166565515,7.931097933632236,-1.0811161344874753,9.04942846209598,lateral_tilt
0.11854326580983571,17.31892581998479,-0.49738646050630275,16.197140700866118,-0.6321342250910273,15.821217669735354,lateral_tilt
0.6833697118565438,15.765151803550213,-0.7551411327639282,12.14089194990229,1.116361124905248,12.338771549990314,lateral_tilt
0.5230055319508777,19.918880135475213,0.9270912576523532,16.418705600605126,-0.6227756694514941,13.694870560471035,lateral_tilt
-1.3879375445989255,21.391439424329054,0.43454935263561345,17.988150460252868,-0.681036323102254,17.53603796536013,lateral_tilt
1.2724708556198736,11.512962211457603,-0.3660469320943247,8.41320253346804,0.007228393079719828,6.317706605878152,lateral_tilt
1.311032206296809,8.338825864725898,0.4284365530270939,5.869309157168585,-0.09992684774318075,5.67892276076661,lateral_tilt
0.37316655396180304,16.079962704665345,-0.23185117651677958,12.583183188534566,0.3571123755184158,12.500022099829815,lateral_tilt
-0.11994550513650924,14.306695652075236,0.66441719645424,13.945430163122426,-0.4585864671764801,9.800678915673188,lateral_tilt
-1.0803764614352904,10.817759458445018,-0.49805369754019574,7.553009794069963,0.05585428822553076,9.770936201303424,lateral_tilt
0.8414588878208731,24.626595130742032,0.026896197351575925,20.047325441462032,0.9505401856303023,16.038214838752346,lateral_tilt
-0.1996233588598912,10.022941809025136,-0.1020437445000939,7.930434624719913,0.6345382047427159,7.587751244518807,lateral_tilt
0.07685175877361924,8.241134731955691,1.7718115319799939,7.1713564386802675,-0.2708069332891942,7.783813241105334,lateral_tilt
2.3840666109240654,13.64433278300484,-1.8945342597915922,9.43134927071627,-0.35910750428549026,7.350710846976488,lateral_tilt
0.2152643740514687,8.696891599625248,-0.4889141947939442,5.204659112058418,1.4771580051804063,9.293423008855672,lateral_tilt
0.9069780041765217,13.38776590437076,-0.39206084988542894,10.419692109596607,-1.03506305155502,9.930835637868332,lateral_tilt
-0.6207244581928024,8.647291276492759,0.06926842760368532,4.242844787856455,0.7173165306030226,4.007045942937692,lateral_tilt
-0.665373842776376,17.2268405560651,-0.0863889892704324,16.25739125375074,0.37802385851883963,13.197246026883521,lateral_tilt
-0.8780319497953072,16.494756773661617,0.12666937906755135,13.9196131738926,1.419427912225932,10.747604023882765,lateral_tilt
0.21877010950351014,20.34780551305766,0.6659817401986389,18.378935606092686,0.24554910240814143,18.41120803549806,lateral_tilt
0.5512259018810526,12.861900756215872,0.08159104835891884,11.55360517219878,0.0602622650771693,9.56634814593064,lateral_tilt
0.49977905092976543,21.480518143580515,0.7465527679584587,16.16649053279528,0.5041740417226777,15.490783414106442,lateral_tilt
-0.2743141003251503,10.891038213659586,1.1604687655199146,7.670327491123496,-0.9830437359786646,8.183469249985514,lateral_tilt
-0.4493848882077158,9.309648437994301,0.3377990599627858,6.933688899529873,-0.43287671358776847,7.005537534632373,lateral_tilt
-0.27199247813205873,8.196244102919826,-0.297001867496095,4.942858989352231,0.004112417670786589,4.447409218509946,lateral_tilt
-0.7819125889305066,10.329597207074132,0.4799210069899095,9.940893194568675,0.4414867496580026,8.714282151785296,lateral_tilt
0.8127176962124768,12.570571214785177,0.9420083683855167,10.88893397021289,0.16666993166386046,8.589311004517466,lateral_tilt
0.7281367631450373,16.41398367018268,1.6347429744858364,13.042169042831178,0.17427134253251986,9.834881748569995,lateral_tilt
-0.22910424454520306,9.753103189765433,-0.273343001353282,7.179803311565405,0.05603818850416086,5.166567263804197,lateral_tilt
-0.03927039392860581,8.582461649131604,0.26561458075229266,9.714250251802724,0.712764527978221,9.72628056893132,lateral_tilt
0.2446967781021567,12.756314181292927,-0.7741274503274881,9.944718927187967,0.014126029772177471,11.742740037761392,lateral_tilt
-2.8296689341665386,13.697913048124342,0.31069597492928636,11.707982709557776,-1.9318349168282944,10.191899363445067,lateral_tilt
-1.203299902382077,10.5490102328751,1.354587993985889,9.391788820173701,-0.29334202179732,10.894274619374293,lateral_tilt
-0.4423672367341094,11.715628223243677,-1.8673024871963702,9.344824461550113,-1.0505986463694539,9.146182152839351,lateral_tilt
0.4906808037995501,20.723126299381295,-0.5799608586061756,18.278756316985795,1.0122270795973163,16.68246419459822,lateral_tilt
-0.07860384781850821,13.731714210204897,-0.4809185171232985,8.935583156404222,0.771855281153962,8.38001657167608,lateral_tilt
-0.4167816997254087,9.35729997366288,0.7826540729319884,4.037837624740757,-0.20504582234348204,6.086840997465088,lateral_tilt
-0.14525035223636315,18.408596802169118,0.6388870556401314,16.836932016357547,-0.009579688481975554,14.362328932768712,lateral_tilt
-1.8293932828026644,7.597382649116263,-0.05616383720544315,7.425944924527689,0.13482055762126394,5.997669339967245,lateral_tilt
-1.8542860894365143,9.32473040458019,-1.8983732914236886,8.40561252310764,1.0445190129744022,8.069292097116287,lateral_tilt
-0.03933706244741175,8.218009091610359,-0.07711206620846006,6.5050348206062765,0.47663299248015206,7.232149853171766,lateral_tilt
0.19430377282139313,10.142674147841934,-0.9298503384922404,9.84255777420449,-0.1700894058486727,9.975518666623245,lateral_tilt
0.11028201760019085,11.893246394438854,0.6643857892068479,9.812867708441722,-0.7926284700703289,9.42461915347084,lateral_tilt
-0.0018602633467873144,13.315627435462279,0.9741296739807025,12.491023154869087,0.28862789233429365,10.533679557603357,lateral_tilt
0.06473958894820205,11.125298779502609,-1.0553302154352715,7.312678649657961,-0.27469984840057743,6.734556770019662,lateral_tilt
-0.5804476323540328,23.1551077342123,-0.7490942072224537,16.673284648031263,0.07735051056711284,18.748289047522068,lateral_tilt
-0.5546080803989443,18.00983136060801,0.2450039347041141,16.020408774330427,-1.7031609015704658,13.226106174812248,lateral_tilt
0.4533295794610706,13.680635901667246,-0.010590372384350115,14.156640889202997,-0.15910185207557204,13.018440769241886,lateral_tilt
0.5288157800237614,10.178064065001122,0.10272437038081345,5.946221881879922,1.726475754435992,6.600120161570275,lateral_tilt
0.21326251208728053,10.7449549062324,0.15679011376102756,9.819870470527588,-0.8678035898278784,8.192737850554671,lateral_tilt
-1.1223710501005595,13.107927302105049,0.4458452907088207,11.015080785664741,0.3407115466850033,10.041241471128135,lateral_tilt
0.25003472788198305,11.431012312675325,-0.3407215247990608,7.137453372686981,-0.7413949368187763,9.266072504828163,lateral_tilt
0.26518815193272594,7.816373844836657,-0.6811292146134069,7.827253397647933,-1.1615064927686238,7.16440053862477,lateral_tilt
0.15282093848093006,16.88747512384027,-0.48081115365640414,15.703284718878002,0.7930120309487182,15.847717194346915,lateral_tilt
-0.22016183841761736,11.682657954101153,1.0313805990421634,13.467304994593402,0.9093792240380285,10.791320242089034,lateral_tilt
-0.15638313135955398,13.530444095550777,0.011934574257428748,13.130402577650141,-0.5702859162081463,12.22765839317653,lateral_tilt
0.19598997096485854,16.123888040085806,-2.2024805461563877,14.235040209547773,0.4043107554306394,10.114908991333653,lateral_tilt
-0.045652804470396255,18.351962710222367,0.3624746998766824,16.651639996729877,-0.45367946740737364,15.968403231522759,lateral_tilt
1.2515402827540703,7.484042556492436,-0.0014276308712394084,5.864689075266206,-1.9106530290381718,6.365641535652347,lateral_tilt
-0.7352603643185552,14.385613577592364,-0.3728300249702815,10.728693829244563,1.5695599018512114,11.376664595226206,lateral_tilt
0.3925866882278646,13.519303484939368,-0.6463945373775232,10.197464687626752,0.5671126873136101,8.246519227332271,lateral_tilt
-0.9407833258091046,7.287863076354044,-0.6737951488077271,7.314507996319653,0.3574800524633599,6.162978619887289,lateral_tilt
-0.3321375842813383,15.610756139217333,0.26217547431367616,12.764339747641518,0.21514301284485243,11.667416844244507,lateral_tilt
1.1540309393160229,8.274911466225465,-0.10780983407362105,7.8790509364394605,0.5681534240619811,4.485310437432881,lateral_tilt
-0.0553662777371009,7.591150350973216,-0.2852639306964377,5.796032432807862,0.1855966998642193,7.50764046360021,lateral_tilt
1.4173646575112073,13.570475730804915,-0.5787613739414675,11.602363983947967,0.9005823904748465,14.053170833289798,lateral_tilt
-0.4784748775816172,18.905937322735614,-0.5385759184204564,13.937608243402527,-0.4866458247086895,13.404916368618686,lateral_tilt
0.05089064699481027,11.883350440859163,0.007699613485590841,11.046850357011033,-1.6102243477396894,8.366010702698407,lateral_tilt
0.49321081716121395,8.305812607760242,-1.2318090474004784,9.4057111857865,0.10599325995005829,6.794694315791358,lateral_tilt
-0.01651442879380424,8.990325716817937,-1.13728087637255,8.54561814632656,-1.1992330396126203,9.799495016624002,lateral_tilt
-0.44810166235056176,7.632150791420498,0.002041037415872001,6.479481894263821,-0.36397834197280865,6.668539117531145,lateral_tilt
0.4046602241544386,17.892792405770106,0.2340873799271541,13.785220943610884,0.1632181721282818,13.3881052138416,lateral_tilt
-0.06596704416795295,23.309345894056477,0.583264286359737,20.386716895430666,0.08319716994038037,17.623343992386516,lateral_tilt
-1.6333021626030153,8.033985305595387,0.9554618772638144,10.934227650910119,-0.7295621968133854,5.899357319655648,lateral_tilt
-0.3038511028490911,12.177587430080699,-0.7888723129615239,9.048365326422672,1.1206284946337384,6.81456925884018,lateral_tilt
-0.9602115195894941,11.20995878430731,-0.1378226139281748,7.566765789381675,-0.6912901626413618,5.318632586000797,lateral_tilt
0.358145814937576,9.78826138103981,2.4597706274643842,9.462278237696538,-1.086419097103265,5.922971584181786,lateral_tilt
-0.3102409207039538,9.695753152410077,-1.1296447270770167,7.841136709765891,0.040041834929646546,10.163161139311327,lateral_tilt
-1.5221818758024632,22.426919431430616,-0.9157472947669163,14.59906196945764,0.04853574888081739,15.152156143740463,lateral_tilt
-1.681154094080888,12.191257663427216,1.2939342383859334,8.632664320158591,-1.178807368701114,6.744091853337844,lateral_tilt
1.1189686762903666,11.569920489693029,-1.1748785431474351,9.137604507069577,0.2732781584153476,8.755358070410896,lateral_tilt
0.35763629440694106,10.356076845144088,-0.5060146768966275,10.903407218510566,-0.13851481917266253,9.009042518827554,lateral_tilt
-0.6798603032458668,20.730865637562566,0.47011591018694204,15.897426095944493,-0.6202060837044328,14.108748002080308,lateral_tilt
0.5448754317112104,15.38419240491192,1.1291128377400734,13.136470098424974,-0.19897530529390975,13.085027327055611,lateral_tilt
-0.7459666665999682,7.565638549704542,0.005148026541501152,6.288457495888349,0.35318042196974114,6.057100251991283,lateral_tilt
0.19577781668634087,13.815812273074224,-0.18224320487383047,9.212908940757927,0.114019939022796,9.960343712077302,lateral_tilt
0.41504152087319224,11.368494392484042,-0.9343390989547118,10.88784995663347,0.027033400173310212,8.279306406497978,lateral_tilt
-0.20152349518688029,15.8596217484836,0.5102298287163398,10.788725208646326,-1.38824446114194,11.479094297266583,lateral_tilt
-0.27569010659694343,14.827985396503632,-0.7945754103156699,8.245786346781438,-0.3959891834608413,10.622826013538218,lateral_tilt
0.11503696818721042,8.734212344392194,-0.6375791883767654,7.4780249414499895,0.8792222456931778,9.123682074127643,lateral_tilt
0.4851649091591318,10.951440773239597,0.8315414472246424,8.9645259164879,0.9617911591568046,8.355893056824561,lateral_tilt
-0.11676161855774621,15.021931067326964,-0.4501514274567764,12.290538830242745,-1.3069604143333244,14.235495521493903,lateral_tilt
-0.8985308747243853,6.969190602782653,-0.617920097308331,8.504145395596709,-0.19018696408136282,8.37594388550671,lateral_tilt
0.7878483964038487,7.225933111361927,-0.9389229267080957,6.970946091536026,-0.6366576865633218,6.02058515917172,lateral_tilt
-0.8542958267902119,11.795377152828587,0.4035455500788134,10.897542129774976,0.7864026492791272,9.55502068353315,lateral_tilt
0.2983405764345634,8.53202009308204,-1.5169800150558925,7.7860383024339175,-1.0170877057115013,6.452601457540659,lateral_tilt
1.3858758566811256,16.216092700754235,0.47603985446730557,14.683679700404047,-0.6950575756843677,14.892991741817895,lateral_tilt
1.5200178983437242,10.299852568101178,0.17697403213501758,9.428133745208276,0.7478312916911711,10.107417143223536,lateral_tilt
-0.5702018382390028,8.68433037921975,-0.24877771018070793,6.333048389151603,-0.46273026525828914,4.787371638212422,lateral_tilt
-0.4000930900697885,21.286362507326587,-1.6477421796515737,16.03368338828836,-1.7498837269686935,14.053463548019934,lateral_tilt
0.39833113193968983,12.862064109371621,0.9487923854017967,8.434154214452734,0.5457280708957939,6.2927307941174515,lateral_tilt
-1.3422143746159727,16.73698658943367,0.2525340780831899,15.43129524257753,-0.7524998627107654,12.50456296187091,lateral_tilt
0.9313895113610977,9.129209023947015,-0.33012258702488473,6.422429634895579,0.3162945279900203,6.760279026902869,lateral_tilt
0.5985586862715654,12.146067138806679,-0.7024363740294317,9.167238239072477,-0.23956433871877525,8.620385036384029,lateral_tilt
-1.062993100695868,18.361432956642044,0.18769332055315713,11.443950121336984,-0.03578740597046522,11.310590516367855,lateral_tilt
0.032846017564930295,19.97462564291397,0.08140121517226297,16.456494914085788,1.2259062447477858,14.768629673181298,lateral_tilt
-0.5652965527805337,11.834604796889723,0.20532113825514153,10.27812018380279,1.041153995598952,10.533962669950347,lateral_tilt
0.019980053068847967,16.7974641973065,0.1800478632417362,14.380061640093283,-1.6186942969474565,13.339730257041264,lateral_tilt
-0.3418947550686437,19.47353877783836,0.12224592979010712,19.336905458127973,-1.016793105986509,17.502964479464612,lateral_tilt
0.8164208100258556,10.052082217058956,-0.37572124646634636,7.977980775300018,-0.08642200036310943,6.358161386604886,lateral_tilt
0.6923126348390076,9.302103837514975,0.005819310408442564,8.927924003039907,0.20040594283819213,8.074937974072979,lateral_tilt
0.3821725978265702,15.820517368763422,0.042807233149146716,13.131950909117908,0.29363360051984017,12.42391235353628,lateral_tilt
0.767730591912983,10.0242882925633,-1.5754935393356002,7.459379469971431,-1.2757687176740875,10.7363217549266,lateral_tilt
0.09077152260445247,12.675717079013781,1.476293225292865,9.330422974499609,-0.10554941442194554,10.907573541417936,lateral_tilt
-1.6037090803837764,13.06747868900218,0.39273618554722445,10.910364185855947,-0.18424454784333255,11.770200948901389,lateral_tilt
0.5166394305776494,15.273872643694606,-0.2767531585802159,11.126909188440207,-1.4790868854370178,12.198941947753255,lateral_tilt
0.36150950473948573,13.600964902057518,-0.8110842538445096,7.535396587180282,0.6406743615494231,9.472526674672807,lateral_tilt
-0.35569782319615273,13.19905462506977,0.5562626113462493,8.773954989202922,-0.5919344435848858,9.443439727266721,lateral_tilt
-0.8985547263559941,15.674300548659414,-1.0306537191198333,13.912496818235345,0.2547992075046434,10.249074434876645,lateral_tilt
-0.6960150837110504,12.649564081660102,0.6831218907502237,9.866465908770273,-0.24801771435274805,7.362435606807802,lateral_tilt
-0.09108567613625852,16.466106355747584,0.4787758193575325,14.299035570841522,0.693103429828501,15.327324331861215,lateral_tilt
-0.33169671256547417,10.765605996115848,-0.41879128673855964,6.737439197719294,-0.1898762747533395,8.144163006451224,lateral_tilt
0.2756404091658104,16.62182252570218,-0.7911194425892114,15.748774194263152,-0.7298463788185222,12.184738172319593,lateral_tilt
-0.48950999816262614,18.955316031836528,0.10856296431007362,14.160250665377141,-0.21180077267089287,13.499533107637296,lateral_tilt
-1.1703749083615598,13.880729987223527,-0.9201863871677954,11.053379001114656,-1.189528700587951,13.244534053882347,lateral_tilt
1.090805877326218,9.933621557061592,-0.3384230080255743,11.649806441625246,1.3892547427092499,10.577314492708641,lateral_tilt
0.14615558053197217,17.729254376715545,0.3382528930766105,16.99418351061016,0.44661798634244043,13.724368471689811,lateral_tilt
1.8093716721091255,12.592981419917438,0.572121954346178,11.015484628119273,0.7865087822636911,9.99871282020511,lateral_tilt
0.5464622010676812,11.890587819455824,0.1928087827006478,9.633331377032825,0.10699424980538155,9.780443393720708,lateral_tilt
-0.854095283212666,9.289804271225147,-0.25157116209775876,8.182994654172123,0.3575159953972124,9.125809316296927,lateral_tilt
0.17193492935555588,10.327987055056422,0.3477129929358467,6.33317284991127,1.3952070777313645,6.355637192200801,lateral_tilt
-1.5713672607449864,14.695987121339547,1.5513388469321132,11.095044355770073,0.15707338306823457,10.927148508520627,lateral_tilt
-0.3425573263437887,10.03520785379884,-0.8610320621761723,7.632115829468001,1.520823143654126,6.7529310273890335,lateral_tilt
-0.12976262604903838,9.190701083061668,-0.48711939830623163,8.239276573851003,0.8271538070184802,7.8771933279356166,lateral_tilt
-0.03610983060983979,12.64102354854852,0.4811783171892503,9.217260510090703,0.9685096577598942,7.520822794578971,lateral_tilt
-0.18662442734648652,12.366056452889042,-1.295491407194458,11.6601083750267,-0.11839393868938036,11.971604465481313,lateral_tilt
-1.9058106703781537,19.053420049612225,0.3643599469661836,15.696668543742453,-0.12556909384571655,16.582456856502912,lateral_tilt
-0.06283759149853897,14.985019880533512,-0.5220532717981271,12.436786137021109,-0.8641558804194349,9.55727515720069,lateral_tilt
0.4709774179496611,9.396520003186122,-0.229888312744927,6.703248188571039,-1.2850393717550732,8.302230360107137,lateral_tilt
1.0106167905497956,10.518375560300147,-1.9274831280226135,9.509186097668797,0.4805978313880325,7.683977461343074,lateral_tilt
0.3224305289523504,11.97516265199958,-0.2208561640364966,9.835631999098073,-0.09961464224640898,7.588128008732405,lateral_tilt
0.5687592042378754,14.291529071506227,0.8700253176452976,15.61467956251325,0.3557851676320009,11.861653762844295,lateral_tilt
0.6975165852417475,9.661579207765447,-0.14655850539106924,6.523055094236209,0.7014816971911261,7.204826727015613,lateral_tilt
-1.373182321579183,15.203109843301572,-1.0794658602921994,12.364571986499001,-0.9040187688205068,12.271344070977866,lateral_tilt
-0.2309608344726272,9.980440571891853,0.09917113610057043,8.957215249730766,0.3482374971060695,9.696714503574803,lateral_tilt
-1.0193425489127,20.012421615436914,-0.07422375356702392,13.610209239827546,-0.3244667373418244,12.965198989178802,lateral_tilt
0.1280488804947229,6.871786820112087,-0.7782801770803123,7.439456019555248,-0.03283819464146764,6.866075349675733,lateral_tilt
1.6553036179530807,9.682916793026772,0.5196033360280022,9.651538405523354,0.3860708546051777,7.631161526249358,lateral_tilt
0.34117749054231644,17.74492125615791,1.0254191785653994,15.217001539649532,-0.2924398178959812,12.95659419645595,lateral_tilt
-0.6167002108656081,10.039954865513876,0.8130278706924083,8.562706289141179,0.19130500719069454,7.431849518410181,lateral_tilt
-0.12682021654860262,23.43682608806778,-0.27834757358476636,18.965483524809855,-0.6402535692522109,18.033244820591364,lateral_tilt
0.6186272561851892,10.451610902668934,-0.3721565571691985,8.575086838188588,0.5812662940448484,7.9888086554315585,lateral_tilt
0.25191879091613123,14.220881846305623,0.13845972702575476,12.305609168417568,-0.06167047376274409,11.246560009343439,lateral_tilt
0.06935934299464246,11.127403374822377,0.7269442498963613,8.378132180628771,0.8836981476307841,6.3765506297491,lateral_tilt
-0.939060288022184,18.004752014748956,-0.2005995582978904,17.672907313004373,1.8946934502673018,17.72468195174729,lateral_tilt
1.5884161253675193,18.060799177232767,0.27597723725733264,14.271580678984018,-0.9364641135449147,13.470083420361599,lateral_tilt
0.9534271875998818,15.432113018882337,-0.7976856758484129,11.476320410533894,0.7655666529364787,10.63637341639942,lateral_tilt
-0.6389727975627428,10.376036342154475,-1.0519181930924981,8.376179058307374,-0.6285998228829985,9.371910940124566,lateral_tilt
1.246275579353015,7.163060317607615,0.4282948762001409,7.0818321530663635,-0.11023008847154292,6.546191003487928,lateral_tilt
0.8625149285233423,8.023015988586913,-1.0520989896988713,9.462930978325408,0.47985601498714614,8.101115724959234,lateral_tilt
-1.4706502039047933,9.607979645550547,-0.08639772449877522,7.776735188208943,0.5657985209844311,8.284924966156265,lateral_tilt
-0.12962643157193787,6.910607968723477,1.5413657478990161,6.953613642552181,0.8537287986350164,4.679159065976416,lateral_tilt
-0.17213688648005065,14.360666416881388,-0.967458881869165,13.71554175957641,1.7904744454057884,12.858171307749247,lateral_tilt
-0.7583218232325197,12.017356963011002,-0.8405255570253503,9.31902478969235,0.8673596953978561,8.008957446068614,lateral_tilt
-0.5641335032232688,15.314189453864488,-0.6663773264542048,13.087335568216442,0.5944563465879129,11.534604168359921,lateral_tilt
1.5830630705687432,6.247144856447901,-0.14155848544966962,4.616388775600603,0.1944294797316901,2.212357705317812,lateral_tilt
-0.5070100778894869,13.055377381611688,0.17012900858747396,14.264103487290935,-1.1277928909431698,10.934331573772603,lateral_tilt
0.5919077878712072,10.280719577363087,0.05780295619354732,7.812489521733917,0.38786802141598276,7.254648697959498,lateral_tilt
-1.0558801482964786,12.83329697640257,-0.38682563771649425,11.653092501741689,-0.5547948285472394,12.224694549466744,lateral_tilt
0.5663915778437109,8.471307088141884,-0.8486613723822036,7.685501978589958,1.6455924363151788,5.8642880800938055,lateral_tilt
-1.589631984117911,12.312965242320457,-0.3309000195351004,9.629949602432369,0.932435801275283,11.031803894445295,lateral_tilt
-0.3995174620066328,18.01582276947005,0.682318621484818,10.721442312878388,-1.7485645144881994,11.042935294786098,lateral_tilt
-1.3294824514652253,17.199091485279617,-0.9411684027008322,14.460675099737655,-0.21949041978446093,14.669051231484463,lateral_tilt
-0.11525230721642905,15.613164330421405,-0.5418931684150059,11.295765392380085,-1.1922571458336912,12.710827522629641,lateral_tilt
1.8563520729321057,16.68014471577364,-0.21790112144075496,11.516977855196986,0.6611192686155651,12.752938362059488,lateral_tilt
-0.432699896767806,12.415837756913302,-0.45187673312599275,10.77203078700679,-0.5258066408840611,11.25184915743895,lateral_tilt
0.7205285659436346,15.915367779542045,-0.23208592502670922,9.708258982789921,-0.5053280365076753,12.86658457460996,lateral_tilt
-0.06302118154422462,9.911116870717368,-1.7704657986367076,7.6615087073813894,-1.0694360240961627,8.506926111486864,lateral_tilt
0.4893063333483276,12.247411334829328,0.23139021994290437,8.393751102790974,-0.5895269945353545,7.749929260794794,lateral_tilt
-0.04389756916681192,11.968542774039621,0.33566882000714193,8.89918473817409,-0.5398028833294336,9.417548114442813,lateral_tilt
0.22941915534492857,10.626137700555443,0.05416439235845928,10.55365180006556,0.16874198448642663,9.285409596221704,lateral_tilt
0.0003413622899511396,17.710342585873505,0.36284695677230694,16.979060518235396,-0.21254967979450787,16.066213822482244,lateral_tilt
0.13009756171405742,18.04386689324789,-1.0791230504986482,14.486827254739845,-1.0985077023650962,14.425001403112471,lateral_tilt
-0.1170758866970443,16.961800601561194,-0.17567020753710613,12.370467345794168,0.7818661158780487,13.666443441608198,lateral_tilt
1.0829748901387883,14.529599638782619,-1.4401124190191126,10.427518423338638,1.3705788964653587,9.672075685765332,lateral_tilt
-0.11694520977726744,20.682286408584183,0.04606730212515667,16.58024060566718,0.03769989215065764,17.07830031449127,lateral_tilt
0.15197638174118985,13.148254271435706,-1.0865465381404356,12.221642080976364,-0.9760587937457261,10.506849341772053,lateral_tilt
-1.3025184888093826,13.837901414638155,0.2383584350021819,11.833018850803821,-0.5085017391229346,9.087860034921741,lateral_tilt
-0.1154154645269353,19.63074709513168,0.9857405898445057,12.715214813589752,1.8104448266246669,13.612758833886812,lateral_tilt
-0.41880671379629836,18.45347363811587,0.1773724245406024,15.349402534661182,-0.06166723043059766,14.61493539538939,lateral_tilt
0.3373027779489444,9.336925288214848,-0.563735278244021,11.114309238674656,-0.20982264106105386,10.444824519819829,lateral_tilt
-1.0125245660120574,14.386131866527833,-0.21007406769186077,9.774716829509067,0.25388932694371985,10.426672663229773,lateral_tilt
0.2109366238945421,9.118241739108292,0.69006256393362,7.523106010432057,0.37155488407059034,6.039325127715385,lateral_tilt
0.5529325668302446,9.181934365667713,-0.5330088904759721,9.8595653257589,0.04013241154122397,8.569797835229458,lateral_tilt
-0.3350340869687081,10.972002916759092,-1.7735666448607,8.948179178095709,-0.19948982464484472,6.253308546813773,lateral_tilt
0.3825569160634452,15.108420815364811,0.42610529385117357,12.95957213508054,-0.5049512447427719,12.26270133627288,lateral_tilt
0.4001079884791203,18.97217406864965,0.0884686663486964,16.678396915403365,0.1777489309223475,16.96252867090959,lateral_tilt
0.5196790956729503,11.247367805726798,0.0126084225338242,7.653376505903057,-1.6589517472542128,8.051230994012839,lateral_tilt
-0.8211392497962562,9.272856445947134,-1.3100805225045091,12.380974209320105,0.47394404415242797,9.274407516101014,lateral_tilt
-0.8828906796794129,9.247857265436242,0.6507103944487262,7.185851712422814,-0.33349604337147404,9.049530136519259,lateral_tilt
0.1810850169593472,11.910324853253798,-0.15250646416404423,8.626051403634946,-0.8563739003509744,8.743649583590205,lateral_tilt
1.2038451467181768,20.09665810230566,-0.15128848100333517,14.163151466336338,0.697607093614877,11.816578111389338,lateral_tilt
0.6069830071680772,10.114163917083907,1.619350771113889,8.90565181681303,-1.1199801741865751,6.524832829147342,lateral_tilt
0.03922009718336019,16.073677041946105,0.7512806733670279,16.001560398416594,0.16016341988499347,9.637103918564929,lateral_tilt
1.5299337113226692,17.998578532843904,0.6901880685456123,14.538721383418688,-0.06810286318012693,14.327813491379468,lateral_tilt
0.07105201007950294,11.943351790150203,0.43559654630047656,9.568498694045807,-0.2605970158964682,9.670051734790984,lateral_tilt
0.4453505827427268,11.527181818449815,0.27265973930194376,8.65661587364068,0.7668828625507208,8.002365293449133,lateral_tilt
-1.1405597526607845,23.585259806076127,-0.0703911316726535,18.749213907221975,0.42958312409680527,17.27922058396258,lateral_tilt
1.2369962091418099,12.344896112444083,-0.6007847418860565,7.221522652159245,0.31383193738620596,6.39063476777382,lateral_tilt
1.1876483018262622,11.279332480942312,0.2503147950494101,11.95431202379235,0.05294140188291041,11.143641316402483,lateral_tilt
-0.9927631630780214,11.012756613519231,0.08755956705837738,7.658847914976005,-0.8036412002336161,8.75082330995085,lateral_tilt
-1.0125422893813891,9.25376347175577,0.1843523480317335,9.58252192261129,0.7673321096004088,10.011315267027705,lateral_tilt
-1.4658051087970962,12.132009306345505,-0.6778930248573852,7.078096566222568,0.2744747051825031,6.638709980256533,lateral_tilt
1.0768162209048817,11.967052106693714,-0.8595477418664346,9.526650783128419,0.1708456896776502,10.062069388561122,lateral_tilt
1.4179736418854396,13.19168019430138,-0.0680127202791821,9.816434200602371,0.6528772889046287,9.520711053452782,lateral_tilt
0.6139576422533549,10.049440452066706,0.7758280071701941,5.323403946838164,-0.387449093462585,4.389201389221128,lateral_tilt
1.9327137807207677,13.863671684856858,0.04902139101190284,12.861375139421101,-1.225799783411146,12.036166386454692,lateral_tilt
-1.7409992509743544,10.295516274746591,0.04082029353318134,9.315254613009438,1.85605807723758,7.3879502636612076,lateral_tilt
-0.1901212125043584,16.76423172613929,-0.06289446968546386,14.428479372743189,-0.09430017472899413,15.375054592795468,lateral_tilt
-0.24578012829821236,15.765271228285554,-1.0222950294290776,13.36858758997942,-0.6500329538130386,14.017568563601964,lateral_tilt
-0.9491676021150461,11.152277187883742,0.3650112157479439,8.663385336301076,1.3209414126943313,9.629766607128554,lateral_tilt
-1.1095739255330541,8.980615162960023,1.2137461908789673,7.951514010917592,-0.7569737477440649,8.228308193788703,lateral_tilt
-0.6478390424942133,7.659810852538068,0.9406938912694911,6.747699347990716,1.0420365919937769,5.8053440356724195,lateral_tilt
-1.0185851286529677,16.876091343330387,-0.9576661192124686,13.98025426600626,-0.5066187021743686,10.575639636473246,lateral_tilt
0.13445715714915832,10.08505399625004,0.08891944720126246,8.17176571018124,0.1842419940563242,9.680920185048535,lateral_tilt
-1.134786395494753,18.053952142461185,-0.936231041358862,12.809961493631961,-0.3162116854379403,15.655656782076903,lateral_tilt
-0.12946130548241602,14.154829778234735,0.3089548802038822,12.25233966394112,0.37459778175267266,13.984011117739241,lateral_tilt
0.6845106546837026,7.612337605317067,0.22928685495376677,6.064951075112806,0.08088579439527199,7.981610653827517,lateral_tilt
-1.1803304249827713,17.774113914750057,-0.19772958668765478,17.50957999974197,1.177868675055026,14.622133264972346,lateral_tilt
-0.01582328551626741,18.80056925628376,-1.5732696975672031,15.76645480588099,-0.02346439105815934,15.617992747813474,lateral_tilt
1.1278311077897474,16.893693978125974,0.06885080469932225,12.146426773808098,-1.2331171440217403,14.289160491760668,lateral_tilt
0.3916745637783498,11.622208106068719,0.2699790923119084,6.538055552291294,1.5439052500382684,8.412075049831147,lateral_tilt
0.007615104208257565,11.665104291248964,-0.3666919379789575,10.649169656491566,0.5996133276882739,9.079634567335178,lateral_tilt
-0.8470725139699602,11.630573499080018,0.8148109167869827,9.764011595377486,-0.5173768250315657,9.807997833394356,lateral_tilt
0.13259746252634608,10.140472623922735,-0.6602841155663345,9.582761352646772,0.9616414375028866,9.629193645893764,lateral_tilt
-1.2692638278788513,13.159586671675298,-0.9590681632552933,6.148717627364283,0.5914085286280665,9.109101827427546,lateral_tilt
-0.06560727340837468,16.92554740332114,1.266787468973444,11.21258043970666,0.21892489252087716,11.492211477391098,lateral_tilt
1.1552962933913864,11.414562696148792,0.10433655321298581,7.187326246123865,-1.1361718692856118,6.709949326149264,lateral_tilt
-0.610264987250892,18.88938526290765,0.5186441019771068,14.745782673748222,0.7691464268024093,13.601886041206459,lateral_tilt
0.8528134186480893,7.656677261274557,0.9096129000417754,7.810741914372594,-0.1069043214032746,5.610625898446184,lateral_tilt
-1.1931260375495252,12.48422076700583,0.3280026270864276,8.304702364371062,0.2008944599334639,8.423928805489085,lateral_tilt
0.9438631569982704,16.9144518919419,-0.8007772276758507,13.199550003483923,0.564458123637741,13.624097796655827,lateral_tilt
-1.1823162903197164,8.4204924051188,0.17778296073423738,6.061554415608491,0.2710542612737307,7.599950647435138,lateral_tilt
-0.5262142414676784,11.742943945341773,0.057867897648334776,8.082782291912604,-0.17671293385601736,9.50807095238146,lateral_tilt
1.0258209024416824,15.486813707300763,0.9711501280426083,12.026315822310764,2.091301855082963,9.731428593410238,lateral_tilt
0.7207068550271903,10.2062872969977,0.22358885679095408,11.124826905520365,1.5069923047225962,8.79513807598593,lateral_tilt
-0.9430640809525113,7.203505598976948,1.6349617036069017,5.876265115281916,-0.3134202071205864,7.735483064840152,lateral_tilt
0.556475222212717,6.669406442823903,1.0324156272927063,5.323210445297771,-0.09670030976102653,5.0072349938357075,lateral_tilt
0.29040706566506347,7.177567677917887,-1.0738717704558733,7.194292797660531,-0.3835643858874062,6.1336867600093745,lateral_tilt
-1.4528344525053685,9.90623237229127,-1.096663784113599,7.100748843319658,0.3827512426624618,6.020059242855068,lateral_tilt
-0.8082977476780702,14.808200257814047,0.4953308217721036,9.684769679698803,-0.37271400464328336,11.559842710764169,lateral_tilt
0.8575888742903219,18.947648127602292,0.9857630936378027,16.56475625397331,-1.617803396366744,17.042083285545573,lateral_tilt
-0.8209285057027842,15.158831242586775,-1.5702165290982235,10.48584692645942,1.1772040889640027,10.002775936907542,lateral_tilt
0.24609034227813856,12.457256212095578,-0.4867679641305218,9.913298362829618,1.3966309104644798,12.615067069732376,lateral_tilt
-0.757696979668585,12.49779974791206,-0.42783663126121524,11.089014631905446,0.4153765244934318,9.082821991111343,lateral_tilt
0.6481755055430076,12.453592325178086,0.6189983602954805,10.644627482847188,0.6150167897842718,8.60945613680486,lateral_tilt
0.6892142123938161,7.09563481475497,-0.6870793405922877,6.603798412603349,1.2125422823923682,7.307552714178893,lateral_tilt
1.7815834378345397,6.216130008567001,0.2710446195774651,8.356320752431985,-1.354515692916569,7.6306009521912115,lateral_tilt
0.5780459662693093,8.845029229152695,-0.816383823945213,4.891560074684968,0.09524080432408794,4.887033609257325,lateral_tilt
-0.9623261507163854,19.133142181611863,-0.6291945789823155,16.94699187346822,0.21235489517232936,14.759615282004113,lateral_tilt
0.5703533102449779,18.871057543394773,0.27598139420500967,15.76403819090295,1.144098754416412,15.260920973323648,lateral_tilt
1.1579349482290149,8.794324896663907,-0.06645065689033235,6.810021649218974,0.2663694585884024,6.69636550652159,lateral_tilt
-0.23927674377514882,10.26839440897483,-0.5402750897037304,9.841692426847711,-0.0486027796919532,10.62611986596274,lateral_tilt
0.7306335901896435,10.006949599081892,-0.420434050652415,7.002627942233838,0.2272693724494444,6.256613160032243,lateral_tilt
1.5215069517795978,8.241930549789133,0.9340248600913347,8.63894952777061,1.4833387268139184,6.665559240720195,lateral_tilt
0.21437776684453935,7.867564312325946,-0.13683183998194393,5.253062483134491,-0.6564839510613151,6.024845282693137,lateral_tilt
0.6702591866935191,16.353938193337306,-0.06944812762168102,13.986756824800782,-1.2385719794244745,13.363944498859476,lateral_tilt
-0.014441613904312561,9.668503515420332,0.9480152209665672,8.697358269525642,-0.9018471312003215,6.781114032368611,lateral_tilt
-0.7691504347186862,19.649899723668362,-1.008773663433169,18.113372920806253,0.2560387550733812,14.072919021443417,lateral_tilt
0.8198756895649638,20.619089813967065,0.6083442718611468,16.74903279330071,0.15915006144454674,18.63131876900988,lateral_tilt
0.43180572828833813,18.137067909246486,-0.6930339459558084,17.956446805304957,0.5778609132323946,14.727872732200549,lateral_tilt
1.3055996559917722,14.409570128535732,-1.02654014669067,13.42606089659981,-1.1065638099658945,13.807436727189605,lateral_tilt
0.8252599206601826,10.590101984948989,0.041839534055081146,7.855917176299513,1.3254125233979877,8.567654845543334,lateral_tilt
0.8377311497438127,20.279111794399068,0.6272629267510543,14.084824509600995,-0.19328777532771513,15.190226481819384,lateral_tilt
-0.8251977675300228,19.494405867928137,1.329110926537918,15.687677894432937,-0.536611539478526,13.90747871249897,lateral_tilt
0.04656925086301192,18.424890846036224,0.6290247792203227,13.380938545542499,-0.5990423672566735,13.4244018361623,lateral_tilt
-0.41823789798764843,22.824716842432057,0.20570763422044838,18.002454288177557,0.15143505363365328,15.955565262973739,lateral_tilt
1.1093812570661015,17.667014851223072,1.1621020715691566,16.846413494283368,-0.6235138230595015,15.225299285277035,lateral_tilt
-0.2242447811926457,19.919095797271577,0.24996484001835878,16.775232850316822,-0.5383282146503164,17.369706072229384,lateral_tilt
0.4879441844266281,17.37648478046698,0.8998789888271095,14.184439434093424,0.03223486976609912,13.372652083603672,lateral_tilt
-0.3962278650312047,12.662303218690337,0.20964416098495553,8.412360449504936,-0.09388430300586595,10.342629672917043,lateral_tilt
0.13399097082477526,7.573338668853512,-0.26224523927936544,6.465118042447563,-0.8551196299690024,6.5594802446745035,lateral_tilt
-0.16682918918504674,12.932287730460377,0.3306568497264917,11.291610733703827,0.09138206076679897,10.581055280296244,lateral_tilt
0.12998878031555736,11.839476257905636,0.09635656502521897,9.264459749376124,-0.23448857700796336,9.690215620830198,lateral_tilt
1.0844210106107166,13.335812892904915,-0.031437655498982996,10.324261443149783,0.9739277609170183,8.72097861806862,lateral_tilt
-0.005483556527782804,17.48588375376874,0.5001176146427985,17.330635639429065,1.905316001018224,15.430851918598941,lateral_tilt
-0.6969313529926807,13.433812838106489,0.646401219995397,11.314263621811536,1.1616968291540783,9.245978592329601,lateral_tilt
-0.1436154260215854,9.744790402069135,0.806416815588009,7.845715658524484,0.4245619475879995,7.914991935967624,lateral_tilt
0.24696856338662496,19.231327636256175,0.807075119106428,14.366539480907468,0.745294525279248,15.513560094431904,lateral_tilt
0.03154968626858666,20.563599962403025,-0.19867990465001373,16.468929794445888,0.4632083507580624,15.635727795455773,lateral_tilt
-0.0655564287596722,12.687256213826505,0.40786496453622806,9.994884836652421,-0.08634715090451911,9.852190025572805,lateral_tilt
0.6256700557378764,9.475143385331437,-0.8450376567389304,7.3396538480864,-0.14622998789941963,8.464628830411522,lateral_tilt
-1.1369496833705963,12.530392147849433,1.1768016842100157,8.471470302885423,-0.3472668104181972,10.238624853527034,lateral_tilt
0.7069266856810066,13.47083938771694,-0.19241621820175892,10.11021569790814,1.3465809495157441,9.56730304681033,lateral_tilt
-0.07609466342818666,9.565310618363398,0.3383472365754606,9.19046231296603,1.390336767455051,8.49433753358698,lateral_tilt
-1.922571828032722,19.940347449100013,-0.3687438212307119,13.808515781449202,-1.1647963918625528,14.76371374160969,lateral_tilt
-0.7146213357083546,22.749460331408333,-0.8579355981626233,17.240270104411177,0.44344582692420814,18.617486965623296,lateral_tilt
0.07357259376256257,7.322331699474552,0.3025917158900667,8.074939319461976,-0.7912316227730758,5.409119807475234,lateral_tilt
-0.2828645788049259,4.7928715523141205,0.5119825204444245,7.311299609492199,0.2292227346830459,3.435107715898279,lateral_tilt
-1.3493122601547942,11.759442663396744,-0.31182923594677087,11.469892041508814,0.9021256276695807,8.793135638216516,lateral_tilt
0.0461961936842942,10.679750523121175,0.20987190376640286,5.681211716655623,0.12719955268528874,5.300426561853627,lateral_tilt
0.42367019207133483,11.79309380919446,-0.4190438376643454,10.272062527889549,-0.15121607471390397,11.188524938461036,lateral_tilt
1.2912708914551017,9.973425381855549,-0.8456673059917725,8.68277410697347,1.0499466507816206,7.906761332105312,lateral_tilt
0.4522281822447751,13.358640185104786,0.338784577774635,10.464855321458643,1.4400673421510177,8.891546914485183,lateral_tilt
-1.2927016298819165,7.493101415880365,0.8843060630988948,9.52640287174778,-0.23120036368817753,7.154018295950865,lateral_tilt
-0.36608537960009935,11.034601746165643,0.9535669731546972,12.509430804654244,0.4098270256071107,9.911173862017545,lateral_tilt
-0.26306184087383827,13.570848506312347,-0.6901674841754644,13.757311938981587,0.28026966797088965,13.232063327798963,lateral_tilt
1.1690062167679964,12.30562973419514,-0.07683930027003716,12.069387310764187,0.29099322615542594,10.264155644877368,lateral_tilt
0.30659410917225977,15.350410693875034,1.0031085439844367,12.451700523563796,0.070243063482873,10.659053260665148,lateral_tilt
1.586401028067161,13.189585775631224,1.4978235962915107,10.56923168359155,0.8334028259602134,9.299131995829983,lateral_tilt
-0.36050173109665595,17.104402661765622,1.5682072119356862,15.381350763486527,-0.6130429720818116,16.124966556295337,lateral_tilt
0.845261906919612,10.69157936292797,0.3580214497574983,8.917445235873592,0.9575884739070846,6.2332214411061955,lateral_tilt
-0.1012526637959468,9.75286179714272,-0.5391181716818941,9.536893903353457,0.8257880856679529,8.944995541373096,lateral_tilt
-0.036218873290860924,10.888163319544855,0.9538534307049034,9.397219685136086,0.11243129709378546,9.984907006419892,lateral_tilt
-1.230806121136492,14.153033350208592,0.15490543884267827,9.251447469117563,0.8937152920104032,9.660015784946422,lateral_tilt
0.07833646074916001,8.475855354346528,0.8187575795404491,6.921547156231232,-0.291914028145468,6.324681424137622,lateral_tilt
-0.9488459300810359,21.079429801992358,0.5229590347436798,16.30064173615114,0.4915085450279284,14.654132104344818,lateral_tilt
-0.015107001433733204,9.148445909166034,0.3512924422799324,6.911214960474001,0.045110410880327155,4.667806229674401,lateral_tilt
0.8213648227415589,10.826026463031027,-1.2047466462352519,9.0703848447776,-0.15841795974495948,10.824868497139366,lateral_tilt
-0.023562591760690657,20.681570879270033,1.5064759820129634,16.080257591965363,-0.6955846384028579,12.285180023592996,lateral_tilt
-1.0224950084969169,19.90419118732343,1.0446673348803803,17.12767896736262,0.24080426158084625,14.957832218979354,lateral_tilt
0.1743222612310395,11.229277919864074,0.7889400896453631,6.682917413685838,-0.527538264406614,7.902949657099335,lateral_tilt
0.20823390754821727,15.761545580307091,-0.8264682686959356,15.038136936993853,-1.5299774736121476,13.75238900328539,lateral_tilt
-0.10633455310374376,19.059621260600377,0.25446616761794827,16.898910139688542,0.6989548162011512,16.312674083610236,lateral_tilt
1.005593576927742,12.56522523169355,0.9251667400637477,10.463159832564578,0.9690526186741292,7.069526991002458,lateral_tilt
0.12736064359972482,13.474752551635053,0.3238865014226188,10.17213416148668,1.0839445572471527,10.600535901913211,lateral_tilt
0.290655684900652,21.70084859289992,-0.5196580981737718,21.166905119377024,-0.3928802972282215,16.966173932247774,lateral_tilt
-0.28343730892567853,15.27237735829686,-1.4420115739144816,13.972973939100266,0.7169570247265473,13.226017161389601,lateral_tilt
-0.14087458484979343,9.323202732254675,1.061161500641635,9.135425964541348,-0.6764144497167068,7.68756683986109,lateral_tilt
-0.3577999097792697,19.213376945144997,-0.5470879712375626,12.139303619774529,-0.4917707972770544,14.495235467448744,lateral_tilt
0.5611751724082682,11.342959964994721,-1.261272374186351,11.61307303801205,-1.1731522487569994,8.36669786468547,lateral_tilt
0.20644611508347752,13.907222693653882,-0.19628070049135973,7.6314704995081435,-0.006527151193003915,11.064825167434202,lateral_tilt
1.7141752059138984,6.405270855155997,0.22884693352139962,5.316212980155313,-0.47190601003319704,7.4220537687752675,lateral_tilt
-1.0311659065044834,12.981015860417651,-0.2802178914320703,9.72580266392198,0.6252306557090674,10.960289923960012,lateral_tilt
0.13884869976667585,11.735819926022431,-1.1691643316644256,10.253309130269184,0.6072968186808806,8.97043107363068,lateral_tilt
-0.4163001310512705,12.176195348503715,0.03055576841580141,9.272475077030572,-0.1731479628143323,10.713994003705666,lateral_tilt
0.14052882788291837,6.5273758820496806,0.5953023222039251,4.765127125974554,0.07739220989616247,4.842149870839034,lateral_tilt
0.20364944996828538,14.71246796356883,1.1021348982853982,11.798432566035489,-0.45365246643773144,12.349416412527997,lateral_tilt
-0.3977253611941877,12.975735896911253,0.7088547323608946,8.880345295238328,0.5190267115745556,7.328378146813746,lateral_tilt
0.07923888177025301,12.122457228304494,0.3336864707082024,7.754257399096754,-0.12926899653075613,10.300179217233822,lateral_tilt
0.15510526328046687,14.689291394205485,0.5141640977275566,9.324766976256775,-1.352824911732133,11.922923179693793,lateral_tilt
0.3246952507607819,13.332985598204862,0.7748639683769767,10.033386637365922,-0.353744426134996,11.63692575091351,lateral_tilt
0.3844293108961727,6.547689542445645,0.01761025086756976,5.217746250069501,0.5336971342223825,5.178872931324943,lateral_tilt
-1.458007671199797,17.924628779002756,0.021838687761777546,12.710575147451745,0.5881936676108096,14.117785617199873,lateral_tilt
0.08735273097249857,15.677540863414876,0.01493691313389861,12.907954328183969,0.9662650284451111,11.102554522260478,lateral_tilt
0.9140348286835898,10.494849323485036,-0.06797135538288182,9.278868430143495,-0.12964506326779654,8.41975754230455,lateral_tilt
0.42943195693145847,16.308339186366872,0.2013787269784602,17.218389722834246,-0.5247875402399954,12.89293186457566,lateral_tilt
0.4545608686067058,13.45761851666447,0.08107863095012258,11.103755918949181,-0.38114046926942025,13.695343374102421,lateral_tilt
-0.24965093304623365,12.895241696310917,0.400726292538217,10.075668920166116,0.662041316826188,7.944367112412891,lateral_tilt
-0.7815073494286435,8.541350903955308,1.142504793437146,8.823831315217518,0.3959819717312947,7.257084949775129,lateral_tilt
-0.6276183250410661,12.263541471699073,-0.6494590820471444,12.009991480325525,0.35065298800284767,9.957332490132108,lateral_tilt
-0.6509342786309809,6.873940732625698,-0.8245993042989923,5.589894060228278,0.2843833215757238,6.024017647400516,lateral_tilt
-0.6941892290663421,11.474105174545192,0.8714326997430446,8.641980173142171,-1.6978049454979691,9.698067445974285,lateral_tilt
-0.5127886415589431,11.191574719096966,-0.8036049738596245,11.391122545092182,0.6383498425495735,11.022541030113482,lateral_tilt
-0.8871569221780558,16.321839098492784,0.5398604759208228,10.83096680509925,0.24051152195416936,13.241391044960512,lateral_tilt
0.43650065993565623,13.951515255347685,-0.22594146712890237,11.681294395236984,1.0888650233731767,8.643274782580493,lateral_tilt
1.6906693758875517,18.715345308241915,-0.49875934550418566,16.45878006246549,-1.0312730601033284,12.111693463633818,lateral_tilt
0.8114729365705415,23.02211732117852,1.2617888985846433,14.134214400564986,-0.5892895509320076,15.452482607785637,lateral_tilt
0.7533180553907038,10.082152819404111,0.8749763651092132,8.473626359546813,0.3336722212216155,9.145683058553082,lateral_tilt
0.052925354937639425,7.189499323629652,0.697252775145284,6.986439745438878,0.11770570255542308,5.634495996842027,lateral_tilt
1.5294182518016,12.816852619858047,-1.4336189043548107,10.125008919096553,1.2956994682439225,9.729151268584577,lateral_tilt
-0.08888797807940295,15.438660237519866,-1.1409290885429992,10.698454263505994,-0.8801789565524262,10.61805212194829,lateral_tilt
1.1099129308526827,13.782589952757734,-0.06580407739721598,11.10198910986975,0.35335499001482934,14.294051886785525,lateral_tilt
0.22585277050324482,7.139712452917323,-0.5122836542627697,6.670303750985787,1.162512073801371,6.578139201406269,lateral_tilt
-1.3666739224352296,15.16070183008771,-1.420716337602578,12.246188771828507,0.03333036841795442,13.389801206870837,lateral_tilt
-0.8053866622062922,16.285952906057055,-0.10677625341797581,16.294451339570752,0.7870857712054264,15.726475118364421,lateral_tilt
1.3986825656976924,13.668491850529126,1.1040522146254872,13.811862102300717,-0.7898728795697975,10.970120039880792,lateral_tilt
-1.0381912870770702,22.7027077122826,-0.1031625006950847,20.054180841814926,-0.16391228679148168,18.869388576385145,lateral_tilt
-0.3533409508290965,13.4331790144539,-0.21770068708856966,11.330317223990855,0.35915590169600836,10.481695570638358,lateral_tilt
-0.9573104627487794,9.830131025965427,-1.1705575072087508,10.56227720700945,0.6039542151566946,8.657355244887563,lateral_tilt
0.3003839188642408,12.5957211409162,0.6246489321450327,11.512475918265986,0.31880346051841346,9.455177613621686,lateral_tilt
0.5804370243027036,17.084527865704054,0.6750152040189565,12.025349529049839,0.8599975706522511,13.465074781618108,lateral_tilt
0.37849889642365553,14.169833773765557,-0.737145705212596,10.170478344667432,0.3488495149627135,9.575855566781563,lateral_tilt
-0.7624702623989903,14.470052186614796,-0.42898652919081465,11.13256279613461,-0.8170186703727087,11.156119558410076,lateral_tilt
0.5310737236921806,14.919067592156505,-0.6996560603580881,10.20730218827633,1.0251283177071946,9.134756543420174,lateral_tilt
-0.5403819375272308,10.723498440123173,-0.07161961432959012,10.017041170145887,0.6977597177080762,7.731729887190811,lateral_tilt
0.444582682312058,8.980518379940781,1.168784002314371,6.8552869299691,-0.9465569941968867,6.48905901551113,lateral_tilt
0.204804628879941,16.639043183027717,-0.9048494180642049,16.33057999749953,0.8368587192574263,13.762215830137793,lateral_tilt
-0.7090954389064916,11.63171243651472,1.2503720394818434,9.370386247033913,1.2077656600130435,5.939717031848694,lateral_tilt
-0.2836654138500806,15.927421532712282,1.4758761049063371,12.56699955709038,0.4905810974678957,13.937346431330333,lateral_tilt
-0.22603611698205983,13.394029110362116,0.29281825313666815,12.23674680659558,-0.9548843265088872,12.863240439916126,lateral_tilt
0.346301791629519,12.531177423590282,-0.12243627583138589,10.37073943710106,-0.6510525665414475,8.920662078434617,lateral_tilt
-0.2798569303420255,17.53086287872289,0.11750940955792209,17.063411501501555,0.6653592901529216,12.555190419614243,lateral_tilt
-0.16476248718863898,9.616952586454028,-1.3057455393902857,8.286507038682027,-0.8131354947763669,7.239484503584496,lateral_tilt
-0.9506732138142882,16.186329556832444,0.12285254004433853,13.880270165204951,-0.8270680121521577,13.665904856186538,lateral_tilt
1.0925887067598208,6.751826776671488,1.3071651500530141,6.442831448497866,0.11147013033946854,4.490237326389522,lateral_tilt
-0.6936168774886298,16.312575488132982,-1.0989066179005111,13.176878404705702,-0.13488932487970134,14.08770494201401,lateral_tilt
-0.5917195067716462,16.895431871150834,0.37432379988107695,14.24950238006249,-1.1432351961274556,15.299472096471964,lateral_tilt
-0.4485080790621078,9.379449639328087,-0.17458257271122937,8.125154420587894,0.793322181713891,7.751966494476928,lateral_tilt
1.1721493830461116,6.650248382796629,0.20265541371891832,7.339781512247112,-1.263883411095117,5.541298693641337,lateral_tilt
0.5122410538900514,10.416814911540213,0.08058499837137995,10.969768364021713,-0.8255227363281676,8.148868339308263,lateral_tilt
2.1809902935582697,17.738086714463,-0.43695960140550927,12.44292134468404,-0.4612667795763923,12.981650097405723,lateral_tilt
1.9485801751209437,7.076012979230761,-0.4196149489277048,6.759566967279693,1.4597464649062686,7.323005765673754,lateral_tilt
-0.44250275223268415,13.589258931653745,0.17422489025395352,9.498842966422998,-0.8675573929902071,8.246555209109442,lateral_tilt
-0.20987384797947414,10.18419735000073,-0.17671395532728665,8.6601623976255,0.16672875060267514,11.432972213848911,lateral_tilt
1.7382179994635782,18.679703564801045,0.20782575964462238,15.394728431784062,1.4036306721323935,13.326570480732695,lateral_tilt
0.5971371471674243,10.821426920375515,0.9399374926823246,9.86293701821542,0.5757812997235136,10.785944407203974,lateral_tilt
-0.45615793015007733,16.915381140442047,0.2260171696590817,16.604283599904203,-0.3074305652778375,11.35804531047387,lateral_tilt
-1.4557413261177248,13.83448675546503,0.2762370562568738,12.351285133896585,-0.6400434589978663,10.74503834278624,lateral_tilt
-0.03578801115442195,13.607827312254935,0.7390207795672269,10.502602501331793,-0.06286529340687085,10.086851594759406,lateral_tilt
0.11134936004179491,15.659006556216589,0.5512031002943916,13.10113666295963,0.9857752765764062,11.795607499021774,lateral_tilt
0.5343850909317499,17.51776140044796,0.3148997618296856,18.494601914084576,-0.07791624067517461,12.6903030549059,lateral_tilt
-0.911676648233656,8.520615915064901,0.2828234746931008,6.328894888239229,-1.4319412656684554,6.581390930094955,lateral_tilt
0.9937090817704182,12.134524829816476,1.0129386281835437,8.206396354356098,0.9597937340104723,10.2907333788358,lateral_tilt
1.237028755736955,12.640833574998373,0.39118269052687615,11.95834481021592,0.688918653666089,10.997869830611092,lateral_tilt
0.02880248843859089,20.05476157487797,-0.2726350737052165,18.040943262067696,0.3707687035686373,14.954579690393714,lateral_tilt
-0.7462100217092896,10.424475418191689,-0.29011233746513715,10.13211539782998,0.3879567719470314,10.019526869943128,lateral_tilt
1.3328247026993514,18.16647077787207,1.230878017444592,12.26945361341639,0.5965237184015791,11.421158391667541,lateral_tilt
-0.5504312558048016,15.203649034808265,0.5435376730304209,14.060309435133112,0.19036081189761916,14.03402835976521,lateral_tilt
-0.49960027033156057,10.433091817475677,1.238697660138821,8.808710313983138,1.7644835903750602,4.972915254115854,lateral_tilt
0.046139046432401035,9.936505542345671,0.38748436310502526,7.438143725959477,-0.4527577835151873,7.206450156092741,lateral_tilt
-0.9173700787959054,6.396222432684902,0.666240895273789,2.4814505810001304,2.1770014164495666,5.370555234608355,lateral_tilt
1.107901107169195,12.589859517168785,0.16888737669462256,7.499999540677007,-0.1226356436246383,8.58112573379292,lateral_tilt
-0.9977416254892546,9.799914799631113,0.6814313426472888,9.460153699282785,-1.095437192376109,9.165138208250584,lateral_tilt
-0.6803869620410876,13.562721548991025,-0.6778502577951414,8.102093615982406,0.6059637851670857,8.767122090379774,lateral_tilt
0.519528989711314,8.001365909166998,-0.20783484438249614,6.3725889781402225,0.2579413336227803,5.28078535191688,lateral_tilt
-0.3788109767964988,12.387536975841982,-0.6313888306977216,11.04650667029229,0.6360723111823418,9.421707268166,lateral_tilt
0.7011715631279131,13.410569746927974,0.029372779087224316,11.742910664537888,0.42507317539800255,11.375198250881768,lateral_tilt
0.02738402273061684,19.972152185697617,-0.37808664562422145,16.316323383891483,-1.1476754252761527,15.76174508028953,lateral_tilt
-0.5947800851387618,8.90866804283083,-0.7318869498360596,8.602596825473771,0.11680448657599436,5.657992439488184,lateral_tilt
0.2956257784937788,9.977414219674719,0.04553870262275003,6.658385353529532,1.7557601833110228,6.90729855763287,lateral_tilt
0.6848836750585763,8.86748772743538,-1.1958082972586095,4.697026757196242,-1.053451361963769,3.2014638842345047,lateral_tilt
0.1726726986204425,9.867734169507557,0.8313607509168796,8.875671062891314,2.499943439520077,8.478474069781536,lateral_tilt
0.5726510893841151,13.453405593332178,-0.11290103737328522,12.163526297926964,-0.2728874422721765,10.54002503580932,lateral_tilt
-0.3637608804136788,11.904173426839789,0.9119104723278673,7.243486342808466,-0.29508706622443176,9.264598910266404,lateral_tilt
-0.6594970733290093,10.408458677157505,1.0845855832685851,8.09400353753331,0.1664474155843253,7.455284942950784,lateral_tilt
-0.17467142846194023,13.012643942147092,-2.1929631251099706,10.603960371350322,-1.4229120499959524,8.596283370774094,lateral_tilt
0.6249482735236338,7.242998480622972,-0.5634506694763954,6.332761587443007,0.05775429856563785,6.629526312459886,lateral_tilt
0.28006180829915034,9.257037100474179,-0.006393666802237869,6.927528779521349,0.36296287198269356,2.9682543232716436,lateral_tilt
0.36974520467549604,18.13657145699839,-0.19318446533230935,14.70633878553489,0.40140477684577375,15.51758900602686,lateral_tilt
-0.1444802876654968,8.814688280201233,-0.5158894560911894,7.952396687758855,-0.5668985995417559,5.841442601797749,lateral_tilt
0.1451092852834703,10.079653140051855,-0.7093826294098663,10.727539416714368,1.1598732527645783,9.612359984767362,lateral_tilt
-0.16458545244860043,9.865371866697512,-1.4709484229094274,7.517792454073142,-0.19742701548044905,9.43308795317384,lateral_tilt
0.27007850784480075,12.598923046765538,-0.7411518048847445,8.413627242876524,1.1794764235573145,9.711867478072284,lateral_tilt
-0.8585812752293823,15.000675644565776,0.227859075312437,15.237042977588215,0.49785122086592476,13.664538902631492,lateral_tilt
-1.1129319521572738,9.661407373548442,1.6569340570057773,7.322969250228177,1.2766034778971458,8.043569656372894,lateral_tilt
0.7786529730263632,16.540205459766227,0.7396805109061022,16.154613978422795,-0.36072660425376823,13.863416538049048,lateral_tilt
-0.2980641160989732,10.480075425695446,0.3307504642240941,7.210685674683206,0.5361445931387989,8.299267587684103,lateral_tilt
-0.33400183356062035,8.777178902372448,-0.1299157827310486,7.645461477519584,0.5039644783350811,5.089843685546716,lateral_tilt
0.010682097784370362,9.418252391167155,-0.5784429506752983,7.181289755598112,-0.6236439828066993,8.460453120900285,lateral_tilt
-0.006439305913175339,8.605687590246571,-0.7681888123481991,7.267005124524906,-0.5605505702014841,4.8914245368595,lateral_tilt
0.3659196268465985,17.8621115083376,-0.016547133340002695,14.06382828936101,0.35658886966007475,14.290217255245496,lateral_tilt
-1.1213412452505411,13.530377916142458,0.28866802268597835,9.668101770263434,-0.43633868097820305,10.043705430854398,lateral_tilt
0.3634466048524295,9.782887940065269,0.3996228458771341,7.626023015592398,0.35257010908940106,6.787741850348227,lateral_tilt
-0.22017437228042536,8.824173231370079,0.20171524959559362,6.2036226251757,-0.16430180558630678,6.948030863225239,lateral_tilt
1.0295543472060131,15.829157574505922,-0.2946849404021801,13.112834734437548,-0.34470047612126187,13.012071989604669,lateral_tilt
0.08009947582409796,11.151781736138853,0.049514492444818786,8.825860200368284,0.44789431742343855,6.93511123225671,lateral_tilt
0.3908077044331224,16.03046383164495,-0.7243913857913817,12.116601619374723,-0.2166298989544914,13.960359183301254,lateral_tilt
-1.0301836717922233,7.560468244324662,-0.206158527541765,8.944223771052718,-0.7131605349039748,8.813799624672576,lateral_tilt
-0.5874339079026755,10.552808332581726,-1.1460262882297785,8.922949508394462,0.9993841350924216,8.975664409080062,lateral_tilt
0.538265895589368,10.582480551469303,0.8660252573796413,6.3397062876964645,-0.5234606720370636,7.945679820718862,lateral_tilt
