diff_C7_pitch,diff_C7_roll,diff_T7_pitch,diff_T7_roll,diff_T3_pitch,diff_T3_roll,label
3.9480320387684786,1.3564001089649116,1.918586822882272,-1.1585442320311556,-1.1736859648373803,-1.164324383925642,normal
0.6049056789150853,-1.4057188231024318,-4.783200611644495,-2.5320778008360594,-4.312294581282582,0.7856183314881847,normal
-2.270060188803028,-0.5644407512163392,-3.5307592533382293,0.1688205117198096,3.664121922303885,-3.5618704655336417,normal
-1.3609568113129566,0.9392450458641799,0.2773064742746652,-1.5015967247970123,-2.877483943555757,-0.729234374483192,normal
-1.5042665305734924,-2.6442773223897498,4.630695461272344,2.0563622802579724,-0.03374306184483478,-3.0521091249275556,normal
0.5221589875118885,0.4921530896728088,-4.899175309699439,1.8461664499885262,-3.3204651222460764,0.42842070297492624,normal
-0.2891207059706013,-1.7996105209867717,-0.752759238973222,-1.1515969273994688,-3.6963049759185687,2.642805565547289,normal
0.8590457239211535,-0.9627057010407913,-4.407600388406835,-1.6923050007648968,0.8102099234869875,1.5291907221021697,normal
2.5774988062398774,-0.7730309396280365,2.3282002977904965,0.8281585785089098,-2.0980438080565964,2.438862817805898,normal
-1.1979355946132249,-2.990516560201677,-0.4641474416595428,2.031314555985495,-2.7658374350150705,3.390600071427057,normal
-0.1800253039508346,-1.6127993865128107,2.50883224473006,0.9034890137710349,0.9040900626190853,3.845091416164923,normal
-0.08956509777487882,2.0547562609380594,3.911609139535015,0.21761767059542833,-6.549362760224361,-0.7475183761646697,normal
0.22940194133875574,0.8927814287793661,-4.968922286502232,3.6947351118537903,-0.5491797195937799,-1.2956755456841185,normal
-2.021234007232969,0.8218777741492111,-1.2543926089613413,-1.324400509417597,2.2885052942551853,1.2831685827833903,normal
0.24269387337010095,-0.8191553664944206,2.421612476332223,-0.980270382830394,-1.755132734693381,-3.6587873703302964,normal
0.7403006926614402,-0.5864678334378686,0.6526381804497233,-3.5384268551260356,0.01278364160615225,-1.0516133069133975,normal
-0.8567862913169237,1.010127142036346,-2.0056931730540475,4.715464753026326,-0.40321427916502284,0.4364445320795974,normal
0.64387597680691,-0.0662846886230422,-0.18611478941541776,0.1505755248525661,-4.796928038247604,6.158105281213215,normal
-0.4809024119528063,-2.92169509404883,0.7538683558340311,2.8570570362875514,-0.08677942426310828,1.8798325817169355,normal
1.9775798676076173,-3.504627656980702,-2.2734686369868475,1.4671427345006758,3.506985777340248,5.476139064524946,normal
-2.476340812826721,-1.258689135290498,-1.4157443240069298,-3.8766585776653315,0.24912841271910305,0.17140743701506833,normal
-2.655759284315262,3.8748360125438497,1.183981076587954,-1.9581332308405928,-2.2985605855845086,-0.805153790514189,normal
2.033793043424174,3.2678568857060704,-3.077160791084888,-4.018708086403069,0.5686498365103235,0.4615846463307605,normal
0.6497069856210587,-3.301141532710691,1.954557179443275,1.3048539140422442,-3.092376777195205,0.7424616830829651,normal
0.6262321258646917,0.5806342429025089,0.8661205237424396,0.7326811832467031,-1.700061803946227,-1.7858785450659196,normal
4.664436277861891,1.6413840215845743,1.1845823022794688,-2.4367041755683037,-2.9782587430066214,1.9677115093561302,normal
2.89648894751851,1.0319523173412457,-2.0517057958792764,2.055150399986225,2.4084403231108045,4.741982456634869,normal
-0.6134702900071762,-2.039525712413596,-1.8843404108937238,-0.19275427353526028,-2.223786074063808,0.8528799370416087,normal
0.6917269983250476,3.633835192893292,2.0679581225900594,-0.6616420830948901,0.032504729694767545,6.800422916474047,normal
1.5641683694125155,1.2061810381079632,-2.1428938910407065,-0.5586569633146271,-2.6772312451527807,1.7850012352302298,normal
1.183094061433862,-3.7871180617146614,-0.18207228164218192,-1.1162873801675528,-2.1169842951710125,2.140996985808681,normal
0.5352343603255099,0.9632934493220919,-3.1143469467799703,-2.2096435905028327,0.432952314627955,0.38431276486381977,normal
0.14552179611499974,1.401961315920586,-2.857425744576558,2.7076281079381923,0.8944684008707082,2.6345051300872573,normal
-3.444173419892728,1.284464877280522,-2.344562599787807,1.2876192157651194,1.2875881680216494,9.631828726636801,normal
1.4272262767329176,1.628478128264495,2.8389141004514973,-0.7881731116008639,2.385004408733006,1.897423051233168,normal
-1.9320630363439295,0.20468534846580638,-0.5920465168500222,5.786646416683771,-1.2134088695727587,-4.66816298147937,normal
1.7156504759362838,2.722376492418416,-4.03178967797413,0.16070004773865693,-1.1798296644735837,-2.694361944823265,normal
-1.7882592731499205,0.5411464739549372,1.6989943723366896,0.11392959975953443,-1.8259165792928416,-1.629000869014542,normal
5.359860223313314,0.4661357869235691,1.584797555795028,-1.65446616192097,-5.062856466644018,2.1310833369905597,normal
-1.9813018460817515,2.1643879854253036,-0.2868411036672475,-3.0007410176394407,1.262468197451143,-0.836253089602371,normal
-1.1873632779023904,1.0124542774023888,-1.6333230814342796,-3.152209885837613,4.413635600702742,2.29465486763694,normal
5.305390492531583,-1.2105851821656284,2.5811631513778672,3.1672778729665567,-3.7984249148850333,-1.769173664046952,normal
1.109548570365571,-0.1488133901545002,1.936585133573342,-8.103168350172682,-2.3173261789452075,-2.5609691033357245,normal
-0.6314203784829008,-3.5753534449015816,-3.1194579549121237,-1.1001112167424594,4.081028259829088,0.32685144321522835,normal
3.603183222665289,0.025582652548967622,-3.5896553779485982,-2.4537716276198775,2.907909380387399,1.1552586856581768,normal
0.4976492389336751,-0.9632839921543999,-1.5005421928969866,0.28379336312812,0.17450521247504713,1.655326686302616,normal
3.96504204036338,-4.880219498806254,-3.094538747067123,-0.3794627375889581,5.332583436640666,1.4707930162114404,normal
0.7024796693375818,-1.2325023366470829,-1.5567487995514848,-1.4734118923605295,-0.5203056258931883,2.1240052425525624,normal
0.8925387149126184,0.7682488021915234,-1.7322739881516356,2.0321552970974004,2.248999688583127,1.5740721048090305,normal
-2.0724875273051815,1.5259256635836622,-1.4004526004924243,-0.05225398491037033,1.8682340128081545,0.29331845827195496,normal
3.194162239471062,-0.505481631084735,-1.4789284720895748,-0.5442030080680509,1.3677434529250942,2.7469421299679757,normal
2.0635408724700746,0.05250960408189762,2.033774090001596,1.7048824282374098,3.2636970178858227,-0.7756668914836401,normal
0.8104158812211053,1.487892563592284,-0.32535763591921146,-2.045551708083681,0.24248991248179547,5.230968189213651,normal
-2.515043453749255,1.9791567349073396,-3.03547153196933,1.5602995426303878,2.8952771837501694,1.5708637731606998,normal
-0.03061693211728656,-1.6929042787802793,-2.2431359287145787,2.437799333544378,0.18951139548431584,-0.3676434537553466,normal
-2.063742991981279,-1.4093113820099372,-0.8034646041324836,-2.0555509889160786,1.0323286356890613,0.6092180287297808,normal
0.6124164277718069,0.5801248433940908,-1.2673579384278244,-3.6202108537433104,-1.177595764045807,-3.5186594359413883,normal
-1.79611055313109,3.68839054237388,-0.5336178792796181,2.1441490580050484,0.7772689139950115,-0.39984632490856775,normal
-0.04754051975672208,-0.7216465973003447,-2.506323411594522,0.8067964008452237,-0.04628283998097476,-2.0680773588808075,normal
1.2983662856029308,1.0042793052473535,3.8318472825064442,1.7253599792777812,-0.271900371142144,-1.0030511797145907,normal
0.5602312045260419,-1.9325244596386661,0.03148100195448715,0.06127543564735674,0.2441902463720793,1.2449957281136237,normal
3.6278590194876044,-1.9183689072201238,2.398177065213017,2.1808015918016954,5.382956143778891,0.45835501434587933,normal
5.474507333044181,-1.4984816136100554,-2.020745713387879,-5.309739310774518,-2.09930460545194,-1.3143875542019026,normal
-1.897831653884245,4.690427098039716,0.37598446619051906,2.376059595465126,0.8543899394428986,-1.4422591391560078,normal
-2.2460366783708947,4.578646914635884,1.2297979287662644,2.9486003018032174,-3.3005830175516055,-1.172939130261762,normal
-4.282836322727195,3.0945407799336544,3.384680935413533,-3.9860691469859177,-0.2863496131315447,-1.4984375573844322,normal
0.013109249295457915,1.5571248308687469,0.11745148441185514,-2.669051073456486,-1.1251636786981092,-0.35594871255323374,normal
0.30073907927974713,-2.8116052295946723,1.2860970851468725,-3.8352854268390555,1.779037195222224,3.1941920547462725,normal
0.8307850299489792,0.2891865857321467,-1.871216341391384,2.948242960159566,3.8778799388063074,0.1687962035252724,normal
5.151869812204968,2.4289273773858886,4.388352106108011,1.6134398739628688,-0.6224103711976837,3.4215788938308718,normal
-2.412308651450261,-4.396848716057786,1.7151286499960983,-2.9581462816644377,2.6460612171239695,-5.098080444400251,normal
-0.6735170861113942,0.18523695104943796,1.7938556394899052,4.07153886392823,3.75589263024007,-3.4502536455372286,normal
-4.258456098387887,-0.08173687023523278,-0.13886924724154695,-5.1686052500996915,0.9601636223482681,-0.22280009878197102,normal
-3.261173751262133,-2.349699465818388,1.6741813720750962,-1.2846672933417338,0.9164956152421206,-2.648033804722379,normal
-0.1566977431829297,1.260116288794611,2.3878558012530955,-1.325644045931102,-2.4643151158388594,-1.9821820806558605,normal
-0.2675758998863946,-2.994694731472121,-2.588105806048435,4.911812832290973,-1.3841232633679552,0.08815887992932153,normal
-1.7493137699814634,-0.5524239988330565,0.5349497768355549,1.535416750108563,-0.2808201242270741,1.8937692751182627,normal
-1.3262528690263187,-5.754802911838962,-1.4395456016117,-3.78797765549638,-0.68762924287911,3.417185668611311,normal
4.112419283753209,0.7781253863588402,-0.6225900988909459,7.697202021138095,1.441392407639416,2.798937278586442,normal
-0.31979397870191634,0.5086590896680577,-2.3888511015010643,-1.8908768632107584,-4.016115800643931,-3.5556342739941855,normal
-1.6164322106063167,2.2040993923736263,-2.703870009035988,-0.019931603291543438,4.2178540876814115,3.6998603472250657,normal
0.19342076911904577,1.3472751092116466,-2.153210503320659,-2.593115385816141,3.8078101931741433,-0.47584669520902045,normal
-2.1890456334618937,4.773541601175326,-3.456999327410841,-3.496418934547853,2.3154438688291035,1.4074230917264272,normal
-1.626606422804568,-2.15997692419954,-1.2178134594117405,0.12130406986206749,-1.4809848105971728,-2.0773752910275944,normal
0.676142064449597,-2.268909155103995,-0.1255952736228424,-1.4419283264208318,-0.5973701171660244,1.88847806456439,normal
1.2522929690609519,1.8784678084294726,-2.443888111996378,-4.173513202803429,0.2483307635730647,1.3584004809498376,normal
-1.6565593973646167,-4.512205251661298,1.4264966714828984,-4.068856094707907,-1.9081478913562921,0.12021236665345499,normal
0.6493062543037047,-4.1538001556724,-2.2607915627610216,-0.16519949661829142,1.5964811469434348,-3.027540499406141,normal
-1.6295902695053979,-0.9613888605745634,0.11849667829103504,2.5157320230361013,-2.151033413209881,-1.442229673807872,normal
2.0892302801628544,3.603921551644751,-2.8242671366440453,-6.179111250318224,1.324510444788207,-1.992238138676192,normal
1.44268031795135,-1.5099629667895513,-0.5076134651074817,0.2164744686822498,0.9278646834282721,-0.3891930884801987,normal
2.919455154149518,-1.0296924153061684,0.6360521082530328,-1.2190155601812338,0.8440066551880054,-1.0813954695490522,normal
0.9861303559457422,5.188501996613596,-1.0524612020506574,2.1778117585792307,0.7244371422410322,-0.8150588304196028,normal
3.003034805409862,-2.5202157772935103,-1.0201884325538786,-4.676979802564639,-5.095311337944635,-0.8787837101032716,normal
0.046045947973879245,-0.5477513220221606,4.191093280688206,2.0735139529587228,0.8173184344104066,-5.527838272519713,normal
0.5890363952714148,2.8593851080173227,1.927162984717417,0.8462410187360353,-3.696465614449604,-1.0382197847520032,normal
1.5819546652657122,0.6205514657508402,5.676732144510989,-1.1484022488506103,0.4546656376462379,-2.1246109236619795,normal
2.075839541360614,-1.1941436169127917,-2.140209564772168,1.1974495643659802,0.17891559304848118,0.8341552632173711,normal
2.5938498606447484,-2.4469092894557685,-1.275040997136868,-1.1107331501902784,-0.6746873382334282,0.94325123261213,normal
1.8924715416133797,3.389094647012377,-2.3054133104440635,1.0335872580592522,2.1740148002641506,4.691989531395165,normal
-1.9344729977589326,3.7401107787229577,-3.1116367582785425,1.6359141408851443,-4.446800622260697,-0.13896167727613767,normal
0.6999215657995507,0.32305295493806874,-2.8137226182459414,0.27348698651223236,6.114379949042066,1.8144165597467308,normal
1.2025230793417832,1.1786708928399894,0.5597100606978285,4.705061241187584,-1.9761861386132797,3.363550115387444,normal
3.9829665665984932,-0.3144673002491204,-1.2780391910779632,0.13931228072173651,-2.474012050646452,2.735478796177371,normal
-4.231161574287048,-1.0672026748685501,3.8238757986515344,-2.5302609381504193,-0.39501974644747356,-4.137141679664424,normal
2.0579264599047864,-3.23769693015904,0.18329491797100972,-0.8394617482253206,-3.2249022493526347,4.172553813223482,normal
-0.648978378409012,-0.6818089243691755,-3.7578573827952653,-6.742216607353929,-0.6143576602148602,-0.13573716629453053,normal
-0.5773363255216949,2.8164125738693935,1.7405159120335458,-0.6722217263870762,4.622390237363363,-2.766314771854175,normal
6.433399508124651,-0.06031271777500819,0.14804608503622063,0.4952119019196383,0.03482322978236551,-0.3609010298098569,normal
-1.4341550172005908,-1.3585619278344123,-1.3671473531009803,-1.782114456692911,-0.08188317553999597,0.26607556922974207,normal
-0.6374430435521381,2.7287671298061547,3.7599824714567207,3.1152129812440728,-6.6274245209825295,-5.183475581020374,normal
-0.8567189852008719,-1.9445417189771883,-0.9286021649894787,-2.776439613664572,-3.518779236794553,4.380676108559057,normal
2.339195982868653,-2.8226294280430726,3.1788877374853968,-1.3113006656994342,1.8041801601080873,1.223436403069795,normal
-3.0553195222298637,-0.937052018873993,1.7824960754309702,1.7773999205087292,-0.6008134953953371,1.1106582787150998,normal
-0.9024154145476998,1.5398390173606593,2.89832450841062,1.4827531449209594,-2.7026583189997435,-0.7738660982849757,normal
0.8153325556052949,-0.4622553411074726,-3.127783940963258,-1.3068075512975987,2.3100675480172526,2.6225230645922233,normal
-1.760859226356898,1.5150248783640992,-3.521153240908899,-3.2010733812407075,-3.8915729338097593,4.386985454960912,normal
-5.204823519709305,-0.24178277967598097,4.241140920725096,-1.3622977170223738,0.5275436680065461,0.9978402858801769,normal
-0.09408675606212094,0.375754403654694,2.758254705041305,-0.9090305305346397,0.2855691216550991,-0.14236405930266866,normal
0.7695044222301479,1.8581602350567874,-4.275420981641563,0.42716359531985465,-3.3704635552642825,-0.45995834088169785,normal
0.0460848326634829,-1.9457618135057817,0.8689542634041776,0.4896131377442039,-1.3493992007734037,-2.44593194403758,normal
1.0206318892861796,1.1814937060326076,-4.256459010594601,0.6400743357846892,2.5728890933141093,2.4567274598637847,normal
4.163686111156442,-3.198942416839254,2.5359251625453263,-1.562046444239197,-4.602185578329113,0.06522762552708447,normal
1.2941475511728076,-1.8884573308833064,-1.814359532883664,-1.5287945074798706,0.4669169111926958,-3.516652742120556,normal
-2.3080831152772605,2.634104491519599,-3.379211514040834,-2.3734972220798576,-2.439683132443332,6.580955162093477,normal
1.233294752202223,1.750774698522478,0.46209030923718475,-1.4390945655944347,-2.1458944504530333,0.3050245366134036,normal
6.400211345671987,-1.7579410628147185,-0.2401497493116247,-0.08747122624240425,2.8731833157141895,4.427001589088775,normal
-1.5674176444694186,-1.406166939735669,4.531121394992322,1.5810193476388021,1.7693798386386885,2.431386124066824,normal
1.554524905542991,-0.6187965888787619,-3.925561799726141,-0.18608357275011572,-1.8178429395621714,1.551680243876695,normal
0.44425250233313457,1.5264643632095578,-3.338360896775253,1.3994761198275996,0.950494627514908,2.7019518138865544,normal
2.08480538637226,-4.152402333789977,1.1479501980710918,1.0740455478314646,-0.17541427864661752,0.5192192179077779,normal
0.6789470929884338,2.632882133332259,-3.1918714395507743,-0.0988878846416376,-2.702641351020656,1.703751743431561,normal
0.07079594032614828,-1.2901118205434348,0.07439034873935808,0.24030194235245858,2.345709514939994,-1.155688221762607,normal
-1.086240568580789,-1.1968715541586927,-0.7729303086715984,3.139390313933802,0.5553344290842819,-2.2365182555487597,normal
-0.4671791104033976,0.49138694127893656,-1.0993276456854373,2.579611348671587,3.617444710884332,-3.7139009325924297,normal
0.6676256646731471,2.663700937663378,2.2240769890585925,-1.2932211252509305,0.20570997318856046,3.5233686004639497,normal
5.747245309048125,3.633461192794252,-0.9070964010991477,3.948930364326781,-1.1137563035019296,-1.3071500678831707,normal
-1.0504670427396439,-2.2966298662104956,-0.7044615221512684,-2.5103519168801696,-3.3611262775856927,-1.9194939127603212,normal
-0.08671221846695276,-2.4958851018469774,0.5855368313413005,2.4608059961914592,3.8762512320351923,-0.5349721105637724,normal
-0.12365927413108234,0.9560243654601265,1.687048730416509,0.41613052053263994,-2.8068050539057463,1.231128160020372,normal
0.7229216097695452,-1.3274923875045441,6.138250349777236,-1.557851316061911,-1.5943499606282898,-1.3886927979006367,normal
-1.5934678182662942,-1.4268657343736906,2.9725413277688792,-2.0808889327605717,3.551260619974637,1.1785388909660102,normal
-1.3805576107024289,-3.78936028749308,1.5823295443887777,3.868763003325154,0.5073075521282493,4.489694182738805,normal
-1.5319717262109651,0.8361419749675629,-0.9692538998399601,1.6463606816820762,0.7146634768122628,5.025511346915874,normal
-0.44236806873512347,-1.8273250998547976,-1.9957431113461344,-0.08281743218449274,-3.448298070036318,4.486394658794469,normal
-1.2940282475904286,2.97098318362021,0.5594698790972462,6.317331064684054,-0.041057240181880186,-1.3271719323008015,normal
-1.2235986062955553,4.616768314340084,2.61040219267268,1.4598204633149097,1.7047287240657785,-0.8982302269676489,normal
1.4766370767307733,1.2681850777682446,2.7717589514572696,2.6666867239728846,2.0512054529934107,2.923238976114182,normal
3.455397477593818,0.3667842160833071,1.6217747189741067,3.0162724162708923,-0.4177952007921359,-2.04233917746809,normal
0.921683272182253,3.196129656518247,-0.9833470308184017,0.4777476700497584,0.07186205733704372,0.11609137039037203,normal
-3.399640352449798,5.4081368082636505,1.8656339150680519,-0.7694455873825014,1.6137104528526884,0.547875819159847,normal
0.6234592092768881,0.6975538144258481,3.943633199408686,1.519741274291348,-0.23823883096738024,0.4665228078908953,normal
-1.1160840363763207,-2.5662882485276506,0.48522498224576893,0.33242418536719,2.6840793746494302,-1.750302037347933,normal
2.987616572312106,0.9430296876613021,-3.807967261959437,3.913810073085851,-1.3973046181789708,-0.1643756526824695,normal
-1.3879988167329957,-5.497014891550204,4.7028926736014744,1.100036125133331,-3.62003475104061,-1.255135560881528,normal
-2.553082042826783,-1.410196576841821,1.7708911182483833,-3.200760996677236,0.6095017844279971,2.181143320700362,normal
1.6255029448966525,-2.6752119158153813,-0.24793965944845728,-3.8138129273118473,4.616592490119165,-1.7297701747031111,normal
-0.11396504088874451,0.880138491285742,0.6083486233067296,-3.1288485604761105,-0.6030901446408247,3.609411510183149,normal
-0.20537794598142206,1.1418830478844597,2.7932395789703195,1.4244182005805093,0.8568133659442603,1.119271400043287,normal
1.6068068996688598,1.7725093939712808,3.3228813253310783,-0.2243392357180668,0.49130292425367533,3.6002930386236818,normal
-1.6909807551481744,-3.5769377552951203,4.502351082277039,0.3202610372769732,-0.10039487661085852,-1.702629143687202,normal
2.101608872471811,-4.723851827363827,-1.631559948255978,-1.1307657981226917,-1.1154585830369492,-6.059698316572391,normal
-3.9597570587143083,1.063643904462412,1.9010366403607435,-2.4174403578230326,1.9645003966270804,-0.11927839035494964,normal
-0.009006347726421008,2.1934057264391784,-2.8959117229813556,-0.5524104345741598,3.7584957544178765,0.06721459748632695,normal
0.5209570198688812,-1.7049606199944964,-5.104337171060727,-2.504050024737289,-0.6179434563014923,-0.7027507322148873,normal
4.494216317123806,1.4314569533903965,1.6021071531675246,3.4983885914650052,-1.427947474456992,2.311584207281922,normal
0.14907592480043533,0.9837134635543743,-1.6173419442639347,2.2379830500693307,1.745558284033975,1.5879295042049237,normal
2.6238817882983376,0.49399901173099914,-1.3380880289014199,5.188152181563163,3.2934851640858143,-1.7229695452239198,normal
4.339909507913124,-1.209714585135804,0.49477695865661947,-0.8008682704858004,-1.6285450090361209,1.060414866004791,normal
1.307088720088749,5.355675896529659,-1.4342500098464475,4.318857925251779,-0.0608864806524571,1.0908091741850803,normal
0.09500869542050072,-2.556981412996014,0.3000783167956533,-0.6434413435583629,1.5337949318260415,-4.1714601846939745,normal
0.9980578065131982,3.9349669082250815,1.6179898492568525,-3.0644141575058526,-1.2079661557484347,-3.66093720052455,normal
0.56112954639993,-1.1472106571723502,2.617745756530386,2.696702083578239,4.209819228644672,-0.09627117375176802,normal
-0.43156824985204906,-3.9409803924606237,2.209149843716681,3.6913508743147396,1.630807196033549,3.4502283853686286,normal
-1.5639067537738236,0.6516844145597678,0.9895088335935226,-1.3757628846135503,1.235075465706847,-1.6790584198451288,normal
-0.06388517747861319,-0.9265358302152649,2.9318225481484115,1.9292467766208619,1.359000386486081,-7.121356551575189,normal
2.8719142509302586,-2.7991747365653596,-4.349284446945249,-3.2367036893022636,-0.9061023535078304,2.902066968446298,normal
-1.1692530032797284,1.1926020680578038,0.8662597043267894,0.1920547276506384,-0.11730144719796018,-3.2074805604714243,normal
2.49066704861785,-1.0702879024147813,-1.2343914579032813,3.751899476585777,-3.8914547466493774,2.1255543552837324,normal
-0.871630336019648,5.191869958902102,-0.873144260796072,0.9548386305788834,-0.8040876280434566,1.0751041179776741,normal
2.5757086350796055,-0.49087462271244564,0.5969728975662838,-0.17900314853515986,-0.6476053645517578,-0.09305559127460397,normal
1.8190738590924496,-0.20179145027145579,0.12986471451824858,0.19658797579022647,1.831600193038948,-4.995501711330269,normal
2.2908191867562038,-7.240638445484223,0.8662211897449817,5.220936761951819,2.4950252746491306,-0.3489740703879344,normal
2.770457041843791,-2.6335389079341405,-2.5997648178138273,-1.5594224017395129,1.5319347626564241,4.785078384666965,normal
-0.47670600190836643,1.2392047199315113,0.5435821829493072,0.3760472628589407,2.1751693267218846,0.9124025061655627,normal
6.008538963095687,2.62663599001903,-0.14404699258396347,2.7638148323949596,0.5027476167874187,2.9675757639009506,normal
1.5968255550729615,-2.86586348254672,-2.857512281826209,0.7565886630975831,4.08357883075274,-1.8856896250483948,normal
-0.16034586648248156,1.054801885588212,0.8219060257587019,4.0342781726466175,0.8033930386256827,1.1338357537849495,normal
-0.6103915882266219,-3.069019537842481,2.410217920720894,1.493500174624645,2.9736762223116013,1.7529318557772458,normal
-0.7439087583999799,0.31394113367885657,3.4392670332790494,-0.432679560709674,-0.37513896758131793,0.038947618953668835,normal
-2.7406877172380044,-2.1174033707958193,-3.6001272064857357,-2.478480873640768,3.9862626580624303,-5.383475284009287,normal
-1.5974043692237558,2.5245427233565856,-3.3077244835187463,-1.7203758629443096,4.105037900340923,5.631089513360772,normal
2.4544137174789857,5.727356431476853,-0.8120784587715562,-3.47393116690899,-6.248514287183932,-4.11349686739223,normal
2.5564260800241008,1.4097728001308991,6.0993810158481825,1.4868858541632148,3.4606820462762955,2.1335388969507694,normal
1.897321474466913,-0.15648281974880604,0.7029785599234395,-1.8849114721666906,0.2605027598796902,-0.7016876921669352,normal
-4.232392035488464,-2.758973293039428,-0.24584906698687473,0.4497353778836961,-2.471477767877294,3.4800057158614983,normal
2.2957915150057833,2.3519279699705398,-3.9262515090579435,-2.456218483845774,-2.474070341425844,-0.5615828749925615,normal
1.3751302475613798,-3.335063737295511,-2.420861137159088,-1.5034191098780345,0.26343876536489974,0.7994548353563425,normal
-3.982484333829173,1.38122488604287,1.1011868449009974,0.5597853351616535,-0.04909449731670307,3.4103510749346104,normal
0.3130612566197682,1.3582450725909707,-1.0735138528131325,0.12215017581426083,0.3057437575807096,0.10147922800970596,normal
-1.754979219516889,4.373941857967348,-1.657252293877371,-3.109658088478213,-3.5065131794992337,-1.7322629944897683,normal
-1.7960181639229935,3.119355181684335,2.2373109423611033,-1.6837265606096712,-0.7373741957300695,0.6974854055595049,normal
-2.088367633149393,0.7745517755675688,5.362872819433471,1.5844422023302462,-2.968996047573782,1.0344977436287457,normal
-0.4632191471942707,-0.36750500407122155,-0.3245517493335654,2.4096977919872744,0.10952867994777399,5.526307503978378,normal
-1.3937294625195842,6.449273344135795,-3.424507448947695,-2.009186419924327,-0.220705120878137,4.097792013610169,normal
4.194252035191102,4.070991557821345,-1.3839706042699864,-0.9478193524687177,1.4224576979631884,-0.5089509002559044,normal
-1.4542022848716094,-3.0598506669056413,-2.536891826732167,0.08520867064806516,-1.6231938626650178,-1.9249330776466036,normal
0.5844647794768693,2.0838224040223117,-3.889739115509068,-4.984339106428639,0.8272005805361426,0.9351414246189304,normal
3.0691724811832306,1.047547523415113,-3.0241025467280136,-1.7625296393960221,4.181430967094259,-0.13942269414426503,normal
1.395817281304306,-2.3016839826984157,0.19001347853102873,0.423402060090195,1.346889981115923,-3.5342862422624504,normal
-0.2780651533717508,3.0902329380260936,-2.2597691036619745,2.7282753014856724,-1.8388248564744165,1.5228453022679425,normal
-2.7307819116814476,0.3542922840997619,-0.7910211242370048,5.798323849954236,3.0327442499479584,0.9832945984859297,normal
0.48012279122507895,-0.3811745909513587,-0.7727911605062534,1.7702716917214762,0.33385226195570483,2.3917557919864603,normal
-1.9649736512698737,1.2699783172813592,-3.3280823838944453,-2.758416515434684,-4.590513432758241,-5.382226482381207,normal
0.9714465113274102,2.0962269361291046,6.232498793581977,0.20457339636891253,-0.015177278849733309,-0.24722413297785667,normal
2.2976912074694216,0.8042445154900341,-0.7256863604716284,-1.6702261341076219,0.6684807851797574,2.480105873841307,normal
-0.4373993917385216,-2.246169954477593,-1.8893628987321118,0.07045289342282061,1.3412746089260088,-0.02279749161050886,normal
2.714738914578945,2.0444157480007177,1.186745582199882,3.4755188725432835,-0.0625673968628598,1.3945257658796555,normal
0.02588154960845152,-0.7630617608866691,-3.279590580875399,-1.5237805053982079,-2.6627841576884315,-0.46742825746361505,normal
0.1416248122427679,1.2162541095655048,1.324231885891827,0.1611860370253006,-0.17624694514772804,-4.938666415884678,normal
-2.3483384845468858,1.4998218249905113,-0.36021888930403867,3.8268770808592434,-3.024236857102769,3.0469046292432918,normal
-0.53360717732552,-0.8427149277950992,3.72681534212488,-1.5335066588523494,0.3716686430052793,-0.7561742162203209,normal
-0.9704420463530719,0.007615050383536173,0.42604055593871926,1.0923454243658746,0.40143495262466145,2.9766156869658533,normal
2.3738853386033094,2.3357997780981843,-3.712244921124759,-3.417196746038553,-6.384802837254887,-0.5619135047317089,normal
-2.925282565148399,1.8978879007566172,-4.50495109395005,-1.4412760018167985,1.3536568205119701,-6.477605730362274,normal
-1.365611120631207,0.458399799447889,0.9795100135063662,-0.03827462293248889,-3.6972789219353213,1.448228749002721,normal
0.2989509210353831,-0.39632393256742504,-2.432672352203889,-0.06826134877482964,2.9914287541612286,-2.33316989768299,normal
-1.1082056279787758,4.2792712003558595,-2.2120067850672522,-3.429752857328391,-0.43236514980855756,-4.033903494691852,normal
3.677925818734021,2.599761718490191,-0.5233091928796653,-1.5140388493421604,-1.6726818466497915,4.5650242838673405,normal
1.6948146783481728,-1.514287307508346,-1.2197785203642566,1.8552384300232674,5.393270533163759,0.7482314510162298,normal
3.254353223496995,-1.8835446758654586,3.903777991817132,1.149930357347791,0.08001037266441656,-1.6942884243802654,normal
5.0334681188165575,0.46170076466227106,0.3413383277068436,-3.367815723824241,-0.9133038782802717,-2.4290350962766287,normal
3.0010347698610635,1.3416318813182153,-1.6422356974284893,2.964260386657492,-2.617277456704849,1.797383276662667,normal
2.4901192145145408,3.753334129888717,-1.8919877214236518,-0.8066995971053393,-3.5545266668546094,-0.6270825411376184,normal
3.3204853546226447,5.41250586225271,1.3905750235016499,-1.6087955759503574,1.139719430204019,2.319600320203093,normal
0.14253281224271147,1.2695893907240594,0.6714806971581434,1.3457401976240824,3.8211710660313294,2.6812683432745055,normal
-0.9123818238572133,-4.915891473440005,-2.098024168347516,5.140517824850805,-2.612022985052584,-2.7580209143042076,normal
-0.55313405896443,2.0393430313482415,-0.6920332497223016,2.1511837208993634,0.7685167445227516,-1.457693596422346,normal
-0.41780428446602874,4.018363940049982,0.7064498762207492,1.2274373790956283,-0.6217278154588677,1.8371944651245435,normal
1.6572031716685318,-3.2420798698896163,2.9336846437133124,0.9992198793816041,0.4525538967592674,-1.6283922344795725,normal
-1.321541704374392,0.05317894184015412,1.465910046887733,0.7720825314974095,3.0957076785840894,4.255537361588095,normal
0.6018829487214207,-4.401906897889544,6.504207785450987,1.8833540527613313,1.4137741140788604,0.9528959622069444,normal
3.2243818852068644,-3.0607455907234145,1.6829533781748962,-0.522558143215063,-0.34613995995943453,-2.1263011355232493,normal
-1.4513086245118068,0.9866788245574527,1.471446011051524,-2.989707655087961,4.174761260878515,1.1115066705503518,normal
2.9915787166141277,0.03672048682299273,-1.5244572607984554,-1.9622457827056001,-0.33504291668229425,1.6207010846096477,normal
-0.3023703715194539,-1.093645750808526,1.0488311097675693,1.8059533945694284,-2.2187304445052503,-0.9320828802294174,normal
4.317409628083513,2.331477079682725,-0.9990904640365059,-3.545914332332579,0.5617118143797148,-4.40202202995194,normal
-3.814140786425237,6.3954982141706305,3.156460258567955,-1.4106189966434715,-1.3796453647311169,0.4613782579925924,normal
3.855274881419689,3.020915576482856,5.015232220397808,2.560156314528656,5.153758941590994,1.4813173730029576,normal
1.9459026904165944,-0.00843614352738013,-1.3779642908213336,-0.4254615563123211,-2.045497208555768,-1.133070123318188,normal
1.7409686186417885,3.693825202638154,2.388263021426277,-2.8542227853337625,0.22101721572961835,-0.48414864819929526,normal
-1.7920558015070123,-0.30436877095820886,-4.66634154268265,3.7836243581053273,-0.20670171460674813,1.577029211386944,normal
-2.5604670608230125,1.4552442586715395,4.635231415835471,-0.5662102471245797,3.0525842388133824,-2.3985980918086987,normal
-0.9305169401776323,3.858108820680472,2.7218715492604644,-1.2221235544656852,4.711465764836522,-2.799043583222528,normal
0.3522156172780099,-0.36900646574667173,-4.421098413907129,-1.1650912546706056,0.8079192854619537,-3.9867576681669887,normal
1.2840002664242913,-7.180655533204123,-1.3317520991547784,-0.06878726262659064,-2.92479208927572,4.43062899167436,normal
4.153148036369675,1.1719356401875594,-1.1427406414656796,-2.4959635979707286,-1.5055301509044514,0.7544797495486649,normal
1.9152006959617256,-0.5091843754424147,3.067333059710769,-2.194956466891403,-0.25038519119988195,-2.06720088509965,normal
-0.5661972297538169,-2.007947376700862,0.9184137670404452,3.7317214223988042,2.2839615655831236,-0.677809002606422,normal
-0.05341823587109039,2.210113490902624,-1.8680291978695585,1.8421097427310835,-6.060600650682354,-0.7033188927955335,normal
0.1674767930621798,-1.322631693365737,1.2898480442602487,1.985661699054568,-3.9063646422163565,-3.1357235579231233,normal
0.7338948304165732,-0.08910370574370892,-3.3914545115585124,-4.037829539763774,1.166074956083816,2.9118483861429283,normal
-1.8364789419951224,2.871593373571788,-2.025631092535952,-2.5395545474459924,0.5014229930773572,0.15419962461992914,normal
1.0720412508264323,-0.9175695977083058,1.73276401815786,-2.0689755516217994,0.44110388819306295,0.2153597076159369,normal
-2.6803475299640174,2.259837102715488,-7.303376208736518,-5.907331088854596,1.0913995103941696,-2.524326761774844,normal
1.5478856525129945,-1.8200073530728356,5.143738674279247,-0.4572411027621004,0.05198426918851972,3.437191047870462,normal
-1.6149104478113383,-2.383321520646781,-1.9979800166256338,0.3066757899869888,-1.206858805455081,4.061696146173902,normal
0.8076981827900727,-3.9079770217416425,-0.6308837553157189,2.2077744428678976,-0.7295281722888602,-0.19459299253200507,normal
-0.45119978397656413,-1.8794776252379608,7.982768919612152,-1.0658939905138582,0.7468822709142156,2.8711142729918873,normal
0.28317602634441114,-1.670360213847485,-3.595694945793417,4.683244440543864,2.298072336438009,2.7001201642866213,normal
-1.1183047391468777,2.131934187805549,3.2025409043377815,1.2118320432361869,0.16963877631850827,-2.115891637477184,normal
-1.6088745807936546,-1.0091211581049917,2.574902043952903,-2.3878064483733823,-0.8369383302663522,1.0589976639836527,normal
5.156312298107863,3.530551388538573,-2.6688322856356823,-0.19910347811428802,0.06054864168189517,1.1309294906243355,normal
-2.655983820367199,2.4643249891996573,1.0707677430191214,2.9684651289118773,-0.4678606625113719,6.473909105046534,normal
1.4490829330339392,-0.8829157320267209,0.8144907914554161,0.8462096086542279,0.48596075394334004,-0.7385035253475736,normal
0.42115244067403573,2.8496964028226133,3.2939938390198993,3.2927876683496633,-2.516356413199103,-0.29517131747769687,normal
-5.3046372475214865,-0.057170155747205305,-1.5195549677360811,-2.498255580737277,3.242486366402773,-1.2619373030705436,normal
2.1015500662613826,-0.9170610295367196,1.3668339205034483,-0.9793953726095548,-0.5973302479242363,-2.3060254612462563,normal
4.038439223673604,3.803290129806128,-0.8058011730283497,2.4957772453699008,3.042896302063741,-1.079050781795121,normal
1.0093252258415237,0.8108982043040075,-0.060489015977290415,-2.947599477899506,-2.2592546518253203,2.9691984711539092,normal
-1.1615432432459827,-0.6472624342601934,0.5028991396820982,1.466734503688187,0.7082196788653554,-1.1872591415563112,normal
2.1782432436431103,4.847322497645711,-3.3649492006168713,-2.5008283115139367,0.31594894886602953,-1.6943624263121286,normal
1.2847696241472875,1.2229678253691587,0.4489544548489949,1.5868036714044247,0.876575248183898,2.774249604890558,normal
1.0245466423212815,4.7497048372380375,-0.6031441365463561,-0.33158436595643387,1.6814342530068278,-2.4363232616766037,normal
2.7677016732174318,2.118554192876054,-0.3009529098839956,-1.3383204648848068,-5.431673865035091,-0.22633320576040195,normal
0.8299508264225373,-1.0887159264246085,0.47624919944766647,1.2827644954402069,1.7736295428475988,-0.648866693959793,normal
1.8470262022187576,2.71495529043758,1.5384187100326336,-1.33990861278512,-2.338596755111488,2.020144495702863,normal
0.9182182835033514,-0.8732919902954938,4.595459191987806,-0.048549014719331464,-0.5586649559296304,-0.7579494570856876,normal
1.999854754855125,-2.6695073039479826,-4.04077652109147,2.375768979933939,-2.6342060478658857,4.276533431454813,normal
-0.2611230463436787,2.904695756520476,-0.4220543079750266,-2.3183828354764353,0.1751304077829534,0.5959224568369628,normal
2.437994074456074,2.502615231417853,1.2527354248496125,-6.758080732498093,0.4739540414968585,1.6946882988272691,normal
-1.6351892078185595,3.434146362907394,-4.576582242141142,-0.3436212865692296,1.2780064988124518,2.382186368007346,normal
4.030695644971614,1.8553187276797307,3.2872861339601185,0.188584097253982,4.099911323428483,-4.004914529742921,normal
-0.6151562203248712,-0.4397145310808415,-2.1081164882904786,0.3080120169612143,5.427356793744535,1.3787134401011691,normal
0.10900611593113431,0.4865186380931068,4.237627601076882,-1.8561764642451206,-1.55662340433613,-3.3000562780517644,normal
-1.5294227272632135,-1.73105244968464,-0.09259199262103004,-3.5157936591795846,-1.0732555612931498,-0.20776393157173692,normal
-3.7618009350775057,-3.6438787486623263,1.9001399092240066,-0.7730226926246586,0.2060993823362582,-1.880391013976458,normal
0.7979362760479511,0.2875651978685429,3.3511261150578613,-0.4003319889166008,-4.687931174114361,1.6783501911261633,normal
0.5329915705942229,-1.9900646420087225,-1.8799233293470476,2.6900178464964957,-0.7976348391665454,0.053279121679855546,normal
4.752976714382519,-3.7842859815320677,-0.15165203453655193,-4.507849190639862,-1.771016917276157,-3.9603398575137243,normal
0.6678166275287085,2.2375957851902886,1.2718125580748345,-1.2076526292085987,-3.9529767550803334,0.3669825299638734,normal
4.030551570638561,-2.2279805635382184,2.2420982896638297,-5.379538503323262,-0.6713266197645807,-1.7978832981060502,normal
-0.5278255970692359,0.19212970739692053,-2.4679488178779594,-0.5621399545201964,-0.3281424177307618,-1.6250064520586494,normal
0.4216366799168192,3.527330949365675,1.1048516239235227,-0.24647033071065433,-2.7259976936071153,0.04712405736211915,normal
1.7705360581413934,0.7178104130045605,0.5830403281587544,-1.5310934366010946,2.3828415847831126,0.9037588130152541,normal
-2.8593155183016545,-0.5202921431813492,0.27139926444130785,-0.3213437785973269,-0.083074976611152,-4.704622613744098,normal
-1.3718122693524037,-2.5691878523148954,0.23211225285278678,3.164269602161751,0.3996409799935009,-2.1654371205362515,normal
2.423643001316842,4.438277231523779,1.0679859046792122,-2.9840920793912002,-1.6155682746095072,2.297885434025004,normal
2.5014557951074456,-0.6251162864973819,-1.6765505226916122,0.7217340731996426,3.481163250160822,0.6508045969280518,normal
-0.3357718536763695,-4.371329933095452,2.0270206828994555,3.2608506071953816,1.9837218013805324,-4.156229970089186,normal
2.5813655108541433,-1.027035719886462,2.8167628420689583,-2.7642616712148396,-2.7274160755379957,-0.5373025757218384,normal
-0.7700857104643531,3.4892095269748906,1.9491513306733497,-1.4054200664457552,3.275771865299022,-0.5230546843613194,normal
-4.2085954805523755,4.038957058870579,-2.0146751662404716,-3.085872179699805,2.412129082743644,-1.4811606478822357,normal
-0.06601439239731748,1.0601526111602242,0.7004028970490159,-1.1845983676772902,-2.024008799804115,-0.03613067719569776,normal
1.3657106200092488,-0.2740245098145771,0.016055674527344542,-0.22090739801333847,-1.0909647263164215,-0.92502757470532,normal
-0.646990156667756,-0.7387007950729009,3.9966179262617922,1.7423860112768392,1.402298619853097,-0.8345487243900249,normal
2.932811593966603,1.1192923145256932,0.9241054804952348,-3.927190380171248,-0.26825536001057204,-2.816918672274513,normal
-2.9848125159976386,5.578250365481581,0.35735773690926687,1.5951277536018929,4.3312874987127294,1.2521111873611424,normal
-4.502644335381848,-1.55211899562779,-1.3566844993350544,-0.4203595464619739,-1.9694593797705973,-1.180226444242818,normal
-4.948249525939469,0.5981171602778739,1.8697756402938346,5.185206674374934,-2.6818575643495164,-2.2984614789660585,normal
-6.325718806865824,4.895868635551484,-0.7150105547002771,-3.073873986131042,2.7523990874964275,1.2417480580913043,normal
-1.1632761419501334,-3.757425820987883,-0.2648708857603391,0.6343491537364336,6.610858367542587,1.169232929413583,normal
2.714465812348368,-0.9791214185544771,0.24495788367723859,0.6728173531127684,0.7701263487602554,-0.8579806887435262,normal
1.5539297246401271,-0.07315703421244589,-0.924025840109085,2.8151256269304206,0.9427509847554661,-0.1284843089712156,normal
-4.432581170517204,-1.6344158466220495,3.1548037517849794,-1.4891532351087302,-2.2643307521565474,3.4360952329270433,normal
-5.33918553494674,0.5580972853228992,7.8443713341499866,-0.13723500154071597,2.6401420226651293,0.7138851871441423,normal
1.3028060709483462,0.22395170313812204,1.613038964875143,-0.4933460507683152,1.3890111650086212,-0.37818320913377923,normal
-0.48727070088170255,-7.350971586660701,2.8344252421676615,1.6397519413244024,1.4838918057021546,0.48684048679693714,normal
-0.046771891114743544,2.3688161553071447,-0.9712961327222146,-1.9321941695590228,2.8102817999650336,1.0176307178113377,normal
-2.4291418363532147,2.155983680956897,-3.4490454119723255,2.3828126134402168,-1.5667930614749128,1.2827135502432325,normal
1.8127394671199928,1.0798063616848517,1.290445717787396,2.001023813069206,-1.6037039880573807,1.8857283245339362,normal
2.972283428686607,2.6753755957910688,1.7707596180026595,-0.06630314812265019,0.8786205188539573,-2.2046866280692954,normal
-0.4076674098594097,-0.36129667678879457,-1.8622566120161226,-1.9810498024999033,-1.687945687435954,-0.7699038240976007,normal
-4.734036667384464,-2.0427215776704766,0.5332342684323464,1.6481141710810125,0.003013688405560592,2.343925344066396,normal
-4.018899660922435,-2.3497577527721614,-1.9068119464155355,2.073687104829371,-1.9228558744682454,-0.4845653469320088,normal
-0.6612871032765268,-3.098145987133681,-5.009655911016884,0.14983157566582084,1.588545075523066,0.6934423448954802,normal
3.4016464895966276,0.45962386188423715,-3.27205099779778,4.501277953777134,-7.548780389552063,3.0973658823485932,normal
0.5241485381865645,-2.4338654992611715,-1.2290904640801184,1.1908944233905476,2.0178064915932756,1.263675397916567,normal
2.6505247687471996,-1.272409064268747,6.899150097277694,-0.06393578047998609,0.9810399179469176,-4.422689762222795,normal
-1.7367828277226454,0.380887180084305,-1.02320609528276,-2.0560498309555015,-1.3102209948364814,2.8025766683111786,normal
0.0005176622954933987,0.38797670964744785,-0.02325080284656587,2.0627456616690862,-0.8197367912822946,-2.1678255392772505,normal
-1.6452912226881415,-2.0481446493037443,-0.7593150719416617,-1.190552183861647,-3.3646773086830373,2.185972951781818,normal
0.6564033225048133,-0.34342947099849164,0.48397477841886144,0.976162124822224,2.1272449054199303,-0.25805438233124056,normal
0.6634058734990711,-0.3356979054657604,-1.4568966440289552,3.5568703402498505,-6.0970428956910725,2.3155385056039806,normal
2.4134937114779267,0.49328926851399013,3.0903268045155445,-1.5441297385858754,0.22164397740359412,-0.7901821400676244,normal
1.539427874427854,-1.125473162128529,3.0097110929220405,0.0013198971414932323,-0.34861568920249886,1.5030168723227877,normal
-3.6096370403338547,-3.0517810647853967,-5.740452382843095,-1.2703504941182773,-1.3763421237289588,-0.36945079704367884,normal
-1.1331210225575334,0.7511858990270709,3.6311688361768635,1.555517860108505,0.8168619115058001,-2.847082794451923,normal
2.5977794685506717,-2.6796430826003887,-0.1894107163386497,-3.8843969150401607,1.6762015431030313,2.0447241450625713,normal
0.9410238152437915,2.8135869610369237,-2.255128885893776,-2.97352973216832,-2.174157703186736,4.106682383139908,normal
-2.251551836619672,1.5079685777058578,1.5959798140209576,-1.3602850052854816,-0.8215461893724616,-0.40698226518073555,normal
0.10229793848930283,-1.2830339161789628,-2.5054686394536816,-0.5714997883500464,1.8520608635503142,-2.4858734365212807,normal
-6.405834146988276,1.9615107197450596,-0.47756940650042257,-0.0481509493359866,6.03153855403229,-0.6572270730206692,normal
0.056164732030115946,2.7858042366721802,1.367797787938025,1.7884532886031101,-2.952032038272112,1.7954643142698363,normal
1.0961893470243183,1.4795353343534448,0.04904164423497476,-0.8851017773525595,1.6821530899170491,-1.4340044322422525,normal
0.25464073815496674,-3.6688131643811,3.8725503787379685,0.4119021030912918,-3.097767689134752,0.12721925464004516,normal
0.4333541609260205,3.7246585965052055,0.6098829947712506,-4.002259946191289,-0.5580056365870127,-2.071242561950615,normal
-0.25813690037261844,4.153675414320045,-4.107972027885418,0.05221622073990447,-0.43963601108017786,0.5767522642967087,normal
-3.1504119129314505,-0.7942877418905852,-1.5409035200986936,3.2041094875094216,-0.9379909508098425,1.3942276518128114,normal
-2.77864489234258,2.850372596303166,0.6162619460800122,3.951351716420934,1.2455543712419628,-2.5377354795696716,normal
-2.0271437780258457,1.1658959361158354,-3.1439446472865407,2.4683362914727547,-0.585049647767453,-0.1898775591063069,normal
-0.7996188081371098,5.223846804236933,0.37939498062185095,-4.019152567795147,-2.0878572540750575,0.46185144723931115,normal
5.059015548074099,-0.8936135570260679,0.01699961139999442,-0.4509792044060196,-0.47509758750373615,3.4321211866913255,normal
-5.529654778323767,-0.6666308230860369,3.8335842532408138,-1.0731110507466546,-3.5598928811253625,1.4713831744267993,normal
-3.995310879709369,-3.407935011482026,1.155431665204857,0.4742654190259892,5.060774058217131,-1.6549554444915227,normal
1.0647180154825895,1.219680712177685,0.04786944353938015,4.510870274466858,-1.603717272610774,-0.4772594793182467,normal
1.7993948553704548,1.1810156947009434,-3.2331823946779092,3.7102900713399123,-2.3910909420450217,0.8890333719641499,normal
-0.7826450763078858,1.511288315888417,-0.001771486441614793,2.205832655808523,-3.126019334924294,-1.130225832082701,normal
-1.1751053693987537,-0.16533153656455613,0.6646955741301213,5.249304472916289,-1.0917993401014887,-0.6175642518649916,normal
-0.8958503800530558,-0.4530604330452575,-1.6188545140878985,-1.623432595803565,1.860479928749842,3.3032600806825303,normal
3.549007511284093,2.5187842245923053,-1.5010589143467628,-1.71157456440001,-4.66634987840154,1.9765639979069216,normal
-4.925259544279589,1.8269102976663112,2.231493345748273,0.03568266959108527,-3.027929823201953,-2.3848485484916124,normal
-1.0175907823169512,1.461032451181211,1.715796142391752,4.941101461288714,0.26473613278808567,-3.9106040292776285,normal
4.0430314374215595,-3.3257840643474745,0.2608898438080323,-0.4728009769425837,-2.2469601208078203,2.3041252798111485,normal
-0.3188728009438355,-0.030222369615136403,3.7778873256183685,-3.1309836110327978,-3.6279392251288973,0.9090797065624197,normal
2.217218475243251,0.4973703669912363,-1.051904484202633,1.0918463793337732,-6.510534641567835,1.0107368874042435,normal
3.0894554795553852,2.981268781194937,-2.6776341991226222,-4.446468960016292,1.7005402636261235,0.799129564797443,normal
-1.2604495775191786,-1.2180714102838808,-0.20380668275411473,-1.6892701979040294,0.8691912088458409,0.0853810437200615,normal
-2.718114847157006,-2.87198508789664,-2.7145628222129634,1.6657812522730298,1.6984332073912585,1.1564782321348779,normal
-4.314516821976492,-2.452913827849204,-1.6939116308391378,-1.1610106557734692,2.985273507618431,1.1551522331297412,normal
1.9584762732064886,3.5559246542462692,-0.6288472151112392,4.3472491594939475,-1.493775486729104,2.4471451269544886,normal
0.21329535641256014,1.3062852631643938,-2.020664304102316,1.0459955522217093,-2.076111016391413,3.5039964823660736,normal
1.6261252313403483,-2.4951515682860324,-3.7577007543995453,-0.959928179880879,2.6298690443072963,0.6255005156292361,normal
4.989168724459911,-0.45799154680096965,7.774796390013402,1.3362641212013757,1.5168076478404569,2.2191385646845903,normal
-0.8016690638929792,1.2443577227284857,4.488028389780806,1.6648106301361534,0.5751768979785052,1.053966526536139,normal
2.097351251174031,-2.7503855824292374,-1.5431329663673086,1.098753076550566,-1.3957543848650764,1.9473412587802852,normal
1.1444321653797145,1.6718541389812815,4.186231083368844,-2.729252190348286,-0.013990047072616387,-0.9677492561860025,normal
1.7388443939144438,-0.17899812964516706,2.12275527685786,-3.7946843667020236,-0.7349173691604556,-0.8925730020165235,normal
2.2259579087994656,0.1244342179524002,1.4380125402664157,0.01765789657044113,1.2516643034530242,-1.6508028486836177,normal
1.747071050506337,-1.315087106668951,1.0524323609734745,-5.383357299678111,1.2300471199819982,2.742881779384239,normal
-1.1970936400210104,-0.980031599797824,-2.1569394101078014,2.6498409601165545,1.7336972797849843,1.5425148739417438,normal
1.7089233080011939,0.6531263280846401,-3.414889278001336,-0.9231928481155078,3.0298599634660013,0.3584711683556277,normal
-4.4405880822457995,-3.381675714608836,1.0216320287016771,-3.8058979655447276,-2.573428770455179,2.7817209374748133,normal
-1.5731584842319717,-4.268394893982367,3.8343192747912482,-2.7913110998716477,-1.3395036576307446,3.0895290500173465,normal
-0.3897454448416688,1.2544568404188625,-1.3707182412265024,2.7934970397561516,0.4000455646319692,3.621248074732315,normal
-0.8994216144727145,0.6507012664572154,-3.315119215205096,-2.4093973155265274,-1.03366290280819,-2.3928772872376074,normal
0.8594697038747136,-1.8962383367501736,-0.12163087892612787,-0.5760017855144183,0.08199248852896628,-2.310582860670761,normal
2.225496027811967,-2.323777150481025,2.5881233368093817,-3.741323137725198,-4.615469655595234,-1.6250598360172455,normal
-0.20859492447590217,-2.5098934302037454,-3.624113049246325,0.5181683234973599,-2.3046495328132823,0.17336084259062606,normal
-1.8043438833431333,-0.6791377758151331,0.44205218034849497,4.1836302257463425,-1.3667002114681635,3.3511526294758696,normal
-3.248953092318994,-2.8706582218815457,2.0743310446979364,2.0469441093871517,2.02849138622898,3.844829796031382,normal
-2.8063620156110347,0.6787382770641199,-2.293757052535659,1.3786906880988081,2.5441536671087563,0.8514730410012419,normal
0.9767398023203604,2.923974981069434,-3.3161803207777076,-0.5734768601700694,2.6182942665536206,-0.10869237453465608,normal
-3.8277687563893066,-0.1554775424982775,1.2856368900445876,2.8108833996762566,1.4301436042853601,-0.8351930774498513,normal
1.4115148147340006,-0.43588564475708963,-2.549160846730289,0.5632698051023535,-0.0588803771855953,-0.9238173220833957,normal
-0.3286814891791695,-4.016442751846698,2.0651179286037658,4.373959760513552,-1.0919105930955437,3.4536351967262164,normal
-3.2306567377640465,0.658718038327649,1.724269513112986,0.7355603225337343,-1.2574369263783578,-0.586019500790805,normal
-1.9594141639659912,-2.079555520576112,-1.7263526307906485,-0.16794572512338815,-2.2904797887031063,-1.7893999727768795,normal
1.7051301642815497,0.5985112513384426,3.718115388339818,1.249212775757335,-1.4501331034251075,1.1800056772981862,normal
0.1898881697902185,-3.0941560558182446,1.8567060458993054,2.172890160973183,1.205622381701643,2.2182270931668553,normal
-1.908215260446454,-0.5232845489484039,0.09484458861900508,2.6824451194150294,1.7083224820276735,5.909681236548402,normal
-1.9649650815874558,1.8039062628153588,-3.4526115078844373,-0.5771659346119224,0.7595464890121894,3.6331516583025865,normal
-3.346514499308122,4.298444765518242,1.7322965575790277,4.981288382920296,-1.5146520518972335,-1.9166414694583698,normal
-1.3738928397714503,-0.11352804483059556,2.148969717449505,0.06347105135602546,-0.9678266244737865,-4.799182890494141,normal
-0.03459436523559314,3.609080008672035,-1.7243194351604352,-3.141267235698141,-1.23280705599943,2.033012966869943,normal
-0.6974073258295213,0.8501282364222261,-0.699400421239586,1.4265324930488275,1.9759297401292784,2.4204616513321526,normal
-0.8282709579583069,-2.0635263249473876,-1.5305918362693758,7.372736063271813,-2.712876316394495,3.1116989518419667,normal
-3.377685915520053,1.3681619934449172,-3.306144891858925,1.372209588293411,1.2046651542962286,-0.6373894838842447,normal
-0.3136356500072506,-5.5482509318688376,0.8196988103983935,-0.5744990764379845,0.21473251573332602,-2.128516085650784,normal
0.43802854727128016,-0.7838242154309948,7.463147506508525,2.3045037549431306,0.9187041636857609,1.2067197180230318,normal
1.0502362261296032,-2.82722108831479,1.5171264830391775,1.1840801920286361,5.141358912073855,-2.315952824953846,normal
1.3887816158556208,-0.7377247855947657,-2.2967162787152358,2.4395417983617724,-1.043417034012711,2.2961361098560347,normal
-3.114293441115961,-3.1462622766883364,0.13733527749962182,-0.5425426260609261,-1.7739496368729315,-0.7712069711395493,normal
6.066791215863806,-1.4119350104273556,1.0823995634017405,2.553458238573496,-3.444043751885593,5.221106932174813,normal
-3.964958280594896,0.9740354434272597,-4.699810962847613,-2.170731829690916,4.677412938429455,1.3365727153060882,normal
-6.589369347542195,2.3106753488445744,0.008438766492902497,-2.5347398807313444,0.8195529321077131,0.2142179035083976,normal
-2.3135615651489685,-1.0202520979005516,0.6384593891857927,-2.489538486975573,-2.23836580590756,1.6278406045591427,normal
2.1461277916416632,-3.62147853658386,-0.5865514248935345,-0.7491916200169677,0.09559498740007084,-0.12551154260436195,normal
6.551982727574938,2.49214693366452,-2.779917564435409,0.701591011225341,3.6604430968810937,4.396551210487834,normal
0.9302636815171572,3.0589222060465686,0.9728979891698218,2.741173084527209,-0.13280163254386335,-1.564193218740531,normal
-3.2981179864969183,-0.15881143653838775,-0.5074515934891427,3.093595336710348,-2.000096410994116,-1.143254137716975,normal
-0.10705845327893719,-5.617223334961513,0.14505683702098807,-1.5167507369132411,2.1210772055132114,0.5282092306986815,normal
3.000197391067153,1.5492786149153406,-1.2297561187655128,-1.5884059720640733,-4.691381765104685,-2.9741666477259034,normal
-1.5608634742830603,-5.513915142747673,-0.46131339413962386,2.2426654922178306,-1.5118616613455318,3.1871876031968056,normal
1.6288049783487644,-0.016303288073645155,-2.8442141760620414,1.4969859739047755,-0.5037288348687949,1.670851221795202,normal
-1.8354344969462395,3.6395558053669164,0.20498889103390106,1.7612663495618075,1.1432010115381028,1.972641718438797,normal
0.20956656982340238,-2.1527197754339262,3.52614786300876,3.5084249253129767,1.0244069898987433,1.744758181347569,normal
-1.1076100528212058,1.1579619881689611,-1.1987324184981083,0.49323066407801663,0.7414388628519041,0.7782716836072129,normal
4.249893436440951,2.3532764519187084,2.6788578805872145,-2.5813097588188487,0.47658897816256096,0.9948176248670224,normal
4.523265874332775,-1.6302222214826516,-0.5451147384809346,-2.7240825933559707,-2.119084821547712,-1.9619047703192585,normal
-0.9262702464750725,2.255692934466618,-3.513917547946605,-2.269390450367301,0.03904583487400762,3.798209809104422,normal
1.2769802213189867,2.1363130676665394,2.5764514640601432,-2.7298347509882825,-1.6445863846303426,2.225618752091272,normal
0.42959834948382825,-2.2376746056915118,1.38312804996196,1.4930705456334619,-2.938986514062129,-2.370870010560502,normal
1.1580157302478076,-3.0813082869212725,-3.4178445161506144,1.3807498441988086,2.1204355316666703,1.5640773341150027,normal
-1.7419295460739372,-1.3471046404818456,1.455066417711817,-2.5213867101905203,0.6511056583338899,-4.9065642291814475,normal
0.8741251182492342,-0.6586205402056228,-3.912006928405138,1.6978569385954887,0.23836049860327052,-0.7551137487246605,normal
-0.8236194658677282,0.7903898929569457,1.8296767607207385,1.1731689745213156,0.8376450727102938,-3.8389303080177646,normal
1.891971699967455,-0.6102011841855033,1.5311719850340058,-0.09826821906907797,-2.541707821441243,-0.3362419610043318,normal
0.8346499164213367,-3.280547983578516,3.5784169545779587,1.5551749757651216,2.7044168191820717,3.322333298838524,normal
0.9670213017230066,2.5592738652674534,2.727451062964917,0.6232714891043222,5.0306761142519125,2.6127211852118837,normal
0.362219582742228,3.908533397080271,0.05975760821238868,-2.0460716648550035,-0.8785355892843315,3.8309193116952898,normal
1.2496603093509282,-5.25006626912906,-3.498265437004853,1.5637700420775893,0.9191232324785539,2.2130787074724774,normal
-1.4808898891301339,-1.2643667606548417,0.3088692398889558,-2.647268967641501,4.8853935843757155,3.7041585061564968,normal
4.9064679763269865,3.353689788827203,0.009239179619618313,-1.8562105813459602,2.5286575885208906,-1.2132645884196709,normal
3.0771862828868373,-2.1995358837551358,4.2125356967712735,4.967652779248603,1.407202150435887,-1.3274272445299111,normal
-0.8378444529286294,2.1349399413805594,0.8558445862240537,1.0371637509047764,3.8854010517869355,1.158221325295266,normal
0.1087866716086652,-0.7415186476744959,1.3953487862962657,0.6033048372919525,-6.323900194235757,-2.8775352090487676,normal
0.9658082945288999,3.932549313037142,-0.5111780524653038,-1.164513922795407,4.388689245788726,-0.3770942789167383,normal
-0.1848689140209815,-1.8957051722189755,-1.1291486903990569,-2.8265383373438158,0.48756246007031684,1.5567780597506715,normal
1.573823960554527,-1.5789443229133284,-2.010789399149981,0.632913095094953,2.238388576906499,2.05086003153114,normal
-0.08403141175928258,-0.49116645857024294,1.1368522803528367,-0.5146485772008509,-1.2910741097189293,-1.8664458663505972,normal
-0.4419354077894552,-0.7121887334241771,-3.8715457471593666,-0.640449381238451,-1.2278843678552618,-0.6037436146769477,normal
-0.1544104996503223,-1.6244130671206678,1.1986037952151598,-3.008002138472861,2.1862926853313063,-2.605111030607757,normal
-1.218007302987318,-3.2402916606247363,-0.8798032945412727,-1.1403020686854706,-1.9249901654936432,0.4535665502849284,normal
1.4875736645889117,-2.316745772118277,-1.393557632770803,-0.07859792593694105,-1.0324945553585851,-2.1210715854770363,normal
1.4328195331030003,0.7527683479793547,-4.464666229835278,0.4595862908062609,-0.8990741811311554,6.732584159951242,normal
0.8745000614197684,-4.44061583366613,-2.5101364921050244,-0.2014993732419022,-0.2386606177226826,-2.0826401425018966,normal
2.2884756889004043,-1.5888946035110085,-1.3738506864888373,4.347128379633328,-0.29191478948811656,-0.8031069152947792,normal
4.581392608698004,0.9218328682937993,2.035379405295666,0.9844932455406288,1.2051668183384654,-4.819181448364025,normal
-0.6972084853768913,-3.5129746170089375,2.112894927960804,-0.13101112644367363,-0.12224295868526386,4.260263790638728,normal
3.1172292888367985,-0.9162675509201296,-0.15501002341507936,-4.259678967066797,2.3786231926452164,-2.311164970323886,normal
3.9072219212704944,-0.7495954906872014,-0.6849827045732605,4.760341473932518,-0.6084599484375451,4.064897288405158,normal
5.546950583620335,-3.7916063735519776,-0.3976130260001282,3.6923360652956863,0.7390612218677377,-2.9194488781698373,normal
0.5419389094065727,-2.0931560776242506,-2.74325631908211,-1.5196881516895446,-1.4721670668467401,-1.3478067578724464,normal
-1.3706719873126927,0.5513535675346671,2.0833347794507677,3.0448978807638962,-2.7621569826563004,-1.28299091128349,normal
-1.7947972268690047,0.48526907738339425,-0.576311562950627,-1.3280357365189959,2.9493130209017755,1.209691627970099,normal
-2.7557303745910584,-0.76952117784721,1.70339877610737,-2.096464496118078,1.0215182692544187,-2.2167023057086435,normal
1.3370433408647755,1.145966758878711,3.0724512562226547,-5.217567546505172,-1.5932693675719876,-1.4615443266429988,normal
-0.07764733217725488,-1.669448891172215,-2.274208542454584,0.7304818208159329,-2.3412659369739894,-0.46832254601593676,normal
-5.5955780833124305,1.1442164651338798,-5.301750381587666,-6.868762106813087,-1.517162944642938,-1.2493254403790766,normal
-1.3156196412935528,0.9574724618523212,3.4708444455211196,0.3531428502186581,-0.9625545292821591,-5.326416199518001,normal
1.9205180415793432,9.815594266090816,0.5384912636407199,-5.210282348746471,1.2706715991864739,4.311741624402771,normal
-0.718618798500889,-1.0605908334951089,0.7183222610075233,-1.4245823205968964,-0.11378061325310543,0.8237718389325226,normal
-3.792934241679198,-2.8251733476008942,1.8764479188044139,-1.1250321449895342,-1.040486012213135,3.142873042156432,normal
-1.3383377175405584,1.8948046248090489,0.896134045524051,1.7137693469755102,-1.8273906892886833,4.621522083241029,normal
-0.43890986374803875,3.239679454657536,1.6716370118947665,-1.797080969021826,0.24516884884736137,1.862513282193203,normal
-0.48674324029170424,0.6306009910666934,-0.1604704427712444,-0.29057260780489486,0.22938121112093215,0.5367829579263148,normal
3.945295143905461,-1.1388488150596767,2.463624214038046,-2.2231020705708113,2.1728864812422413,2.3882513955943825,normal
2.1901169813244854,-0.5738716384008677,3.681676689377455,-4.098710406313585,-1.5099515649230737,-0.9811777651521824,normal
2.491426276448618,-0.4762577649945283,-1.1662384480704948,0.8101425705539016,1.6011994880020595,-2.8692284745391685,normal
0.21302362408475267,-4.07618310928785,-7.477839927251808,3.01498629136704,-0.4672403954049621,1.943518381911278,normal
1.1666774549152024,4.368407994788895,3.8025155678984497,2.330478910650962,-2.3722913020620933,-0.5913882180473651,normal
2.8390503679573604,-1.521474308099251,-2.7657337810290854,-1.322444270160038,-2.0612854038191837,-2.641394106900632,normal
3.0577076677383124,-1.4258784160342013,-0.6471360009245791,-4.551508251371293,0.8812624208921989,0.6751433959785552,normal
-4.780637438549443,4.96818999807702,-0.17158511521367154,2.2784068054368043,-3.4207875970820263,0.26438447817870103,normal
3.1592666941366714,0.4995260842967837,-2.1157899436643395,0.660050203334175,1.3586984466752325,3.1808837502669194,normal
1.8312302569495056,-2.400115738198659,0.7218091570625582,-0.30677233398931036,-4.137218590570741,0.2334309356916281,normal
-2.82550931168481,1.505295800981209,6.029191688946053,0.1800921532093623,3.790985138133933,-0.5305224247528805,normal
-2.379796150055589,-3.104401438704061,0.19370129629715632,0.8354410431122437,0.6443813503568767,-0.38814762206187187,normal
-4.769518894693477,4.719219143350475,-2.1509625269487547,1.3913828113343951,-1.0340138335541105,-3.338703922749727,normal
10.215090723544092,-0.3778116295446965,-0.8682599723459137,0.0659095281520728,8.206727634717684,3.8144916188554765,forward_head
5.782091078539375,3.3959471275482915,-0.4927954627824782,-3.498365188692107,4.041001684134988,-6.580388995276424,forward_head
7.872102853977503,-0.3579034052134975,4.379351999777301,-0.7285665177900063,8.500654374347073,3.384751835639369,forward_head
4.325645750761448,1.9230468032125858,2.028698062042477,-0.9745167329772064,5.976059724812645,0.5861025292646034,forward_head
2.7791816164675263,-1.6557350856366988,1.3543789691653791,0.4474605539739933,6.6337717813861685,1.6171812520067443,forward_head
8.143626997855588,0.28347180075988343,3.4261594274914273,1.8255404239730564,3.0931685867884693,0.8924324024210856,forward_head
7.533671826090162,-4.324853196443695,3.5605410107269826,3.197685162389744,7.286524476591545,-0.3406368467026799,forward_head
10.063724833100576,-0.9736025060688664,5.993117309113069,-0.42137173968926206,2.0708157569238352,-1.4593838028110708,forward_head
13.33734143959202,1.310972579007442,0.8580697654330183,-2.7053738151902222,4.111133051282834,-0.48920177939065956,forward_head
9.793633153125437,-0.5233302811209277,2.1678489890437227,-3.486175772951918,5.266532852750129,1.3039830283480964,forward_head
13.387332679118103,2.531806887792149,3.0460040769585954,-2.873326241366748,6.063160293118874,4.756286645324014,forward_head
9.505821991057005,5.345154806394562,7.079642247722772,2.237888735086957,3.6674175111900267,1.882600214630896,forward_head
9.58506113588287,1.1508996746201174,2.3786784548138766,-4.617674258967882,8.50132914618468,-2.2929661542675066,forward_head
8.535385619518133,3.847426974484158,3.774997457913887,-4.577754660096562,5.35852877775026,0.8589698412629005,forward_head
4.455051936532113,1.8490249300602954,4.899280738710421,-1.859707401474415,5.263853213894993,3.6986623291443776,forward_head
11.604311660147129,2.2496432132378303,4.4588607575297186,-1.4672314199683723,5.176206882841398,2.6388891475517804,forward_head
13.123702235809802,1.7035432931827572,5.676526399947965,-2.9328538593966194,3.675993825481476,1.9309757779391894,forward_head
10.126508532156347,0.09215275814058221,-1.6745408488304099,-0.45214936785206566,2.5955403902190906,-2.523692338547013,forward_head
9.97244682338046,-1.0894787503959074,3.6286840223512806,2.9217678160414087,5.0143271700537015,4.638517782720738,forward_head
7.791096290383657,-0.09507344936746587,1.4695827071129481,-0.0484930016580854,6.728019163529991,2.3491328793116786,forward_head
4.226609781231768,-0.22873286140545046,6.295755812131674,0.07691461444637768,5.681701310823353,0.40607338755129685,forward_head
4.671996741387686,1.907505326118438,6.73734556863309,2.678874426435108,5.6033140806765465,-2.052906143900752,forward_head
10.183679747588071,-4.518068550878739,2.330897272753016,0.0522642493968275,7.616926938041234,-1.007051639459904,forward_head
10.080657376585389,-0.9804346604401091,4.175110468420506,0.023336578606676373,3.7309352629449344,-1.7416055682880205,forward_head
11.104959238630318,-0.13705514155451526,2.0769819988813847,-2.296359552109931,-1.7674705483041038,-3.5781895386523637,forward_head
5.906433404443568,1.58296118466245,3.273521179582425,-1.2162584705393498,8.821602070620578,1.6397604879267573,forward_head
7.85227422445252,-3.5795720168792977,1.2634990770921384,-0.6748092663986132,2.614093329417539,0.8951337248003296,forward_head
8.758440824962776,2.3206154792124214,1.9600826801316034,-2.9928297998664624,3.1356348482580474,2.4400697846086885,forward_head
6.4944574526831875,-0.4535053672140916,1.1189119066174122,2.738281146194947,1.8330370234608075,1.7890702211098912,forward_head
11.446055280070087,-0.02697306081889339,4.305356364834839,-1.6504978227936566,2.7408254286740767,3.8264372600976007,forward_head
6.008028383934221,5.374050504290218,5.234244223472777,-0.7242164815737433,7.732384675271923,2.280805398950405,forward_head
14.704129591347106,-3.9000250847694096,1.4558958076657584,2.0817800721533284,1.662399381169101,-4.20787552014646,forward_head
8.069202367655192,1.8636121604604308,4.093282967597402,0.8557246395021352,5.962938842074785,3.697164533283483,forward_head
6.6192090481530075,2.875479529656525,1.3075121538536716,2.5509964709876587,3.56835138682294,1.6280632982962704,forward_head
11.958734167224819,4.608096554280644,0.05489783155904826,2.1390549931143665,9.668060278877842,4.95449727192765,forward_head
4.858441980805566,2.603698309393358,1.6888796593433704,-2.325351849005364,3.661741348295119,2.3937378733437136,forward_head
12.426340359991784,-1.6696833522518728,4.738007250209998,-1.8171274153134116,6.209377559153753,3.6240472632416667,forward_head
10.948372509763331,-4.264519682778443,2.90245120155614,-2.377131046711097,4.455226135585273,5.2785477178493085,forward_head
5.798861072493834,-2.337306670005731,3.4736995530527017,0.7617761869527082,8.018609932987996,2.8447888437766378,forward_head
9.031248304768125,3.4468213247096973,10.17100763916692,-0.1320043434911609,1.3285018528045116,2.4298003870916878,forward_head
10.103267879248115,-3.8447536284957184,1.1671095072250086,1.8081187514284844,6.07249098114835,1.2453961649763141,forward_head
10.596650421607755,1.1702235494956905,5.645295812717876,-1.9026708416532305,6.419049600524277,-1.2805519091226274,forward_head
11.966836550443327,0.9150068681331853,6.590838514264947,-1.9615359374844152,4.9047239092198645,3.431892113168612,forward_head
10.663542059229446,-0.14501974754554292,7.853043591159373,0.8786148063139305,3.304192307050653,2.116223844314426,forward_head
8.46083090613092,2.6028384063639542,0.8175972738657489,-1.9906852514093123,7.7035188223089275,3.8886070027637394,forward_head
11.92549677299151,2.1851444277897683,3.3357412431194824,-1.8542576756406455,5.698994655940091,0.5750786979102054,forward_head
3.6190411384770496,4.558549571072498,5.191139113757339,-0.5253002349161258,1.5962669438953516,-0.029167454827942252,forward_head
7.430665234788735,-5.419521641337699,2.2799028151948093,3.4924134652204692,9.046328362870092,1.3450587027542704,forward_head
5.982445880356961,-1.563767199856828,0.3117190173769053,-2.5833762764898993,9.690982568020509,3.3432863559118244,forward_head
9.846382190714786,-1.7643817091006933,0.655186058659003,3.0520534960565127,6.041562438511548,3.153427412182834,forward_head
10.330015497054857,0.7992158184705632,3.9041526531175412,-2.654685313552003,9.902970312168435,1.6236847820807672,forward_head
14.215117623842785,1.8411150952536313,0.4631012670353698,0.16523787748565205,4.596343083265036,-1.9557589509432871,forward_head
11.804644640576177,-1.4601707243400017,8.800101805043148,-3.572401312633688,5.990328647559768,1.144939953052952,forward_head
11.759693358290644,-0.6731791294732654,4.187919366238454,-2.4304090817952244,5.4939903977028655,2.5868783158122053,forward_head
11.284429053463963,2.2351780522350033,-0.864324466726833,3.7989866128644834,9.47459744545171,-2.855319371212788,forward_head
5.585439611461403,5.290902057317409,2.6275767255817577,2.065197284537829,6.756961067237985,-0.10670319203008338,forward_head
6.43407698083527,4.871171386930805,6.075001431797875,-0.4109616240162735,3.0882364356232124,4.476455181544626,forward_head
10.697328225148196,-0.05226969336519949,2.6575112763938544,1.370791730938094,4.201509070434684,0.6928912405442919,forward_head
7.515471479828237,-4.52183523603703,2.5859214742059193,1.4454202869717467,5.696442574297874,-1.9493030617920168,forward_head
6.116668991985637,-2.588618757780723,-1.2183608677767754,-1.472552394076226,1.0152687553302746,5.38314784381642,forward_head
7.685300810261991,1.127662965539622,3.4443752656700783,0.10639134818501589,6.501203466265822,-2.4882344089981117,forward_head
12.62731887069803,-1.7600714772159487,7.517991609094713,-0.3995258559425154,1.2933532646932857,-1.9113444872754783,forward_head
10.264913883639663,3.7763714858589905,1.1793194939834675,0.8314350765805372,10.912640169516507,3.0674656582993305,forward_head
11.764751060893271,0.9953576574241186,1.5901312798543918,2.45409031124486,3.459456888645088,0.8476509966335442,forward_head
5.057508794522507,0.6108359891854244,0.9929388901228942,5.23135544197452,5.315067841014055,-2.964969855997495,forward_head
10.263973104589686,-0.21099355795990316,6.722782770820724,1.528573631800499,11.17862436355699,1.924400892996617,forward_head
9.488704328883227,-5.530615213049214,2.7528869969017347,2.005173725156578,6.589938473750115,0.815444759154918,forward_head
8.443812758054337,-0.20768997266257694,8.117155489298895,5.278883255511835,3.8126649530236194,-1.5801532621246417,forward_head
7.624711792658653,1.3195062683832837,2.632436441422875,-2.9315633678806567,7.601836205323873,-0.8304214078179739,forward_head
7.481613916969471,1.8455143897199302,2.806947386942386,-4.1400293851210055,6.564609146574573,3.15985246890214,forward_head
9.631422114991558,3.553307394339406,6.461330118984765,1.4663632786253173,6.6104958182266795,3.8655643905068704,forward_head
10.305626590044447,3.0225928056997304,2.75521188389274,1.734361052511033,11.181086801117203,-2.69076104134584,forward_head
5.779230956341156,-0.7353064125207904,3.7317887053546333,0.6524567490301499,5.863802994420602,4.4715673201089885,forward_head
10.738506186375746,-1.2124162021314022,0.14747872561815445,-0.6692497910214028,5.221227932142641,-0.5340391640741069,forward_head
7.805886043489987,-0.601519092118274,-0.13783842993348738,-7.02362172500567,5.1808632962045245,5.632430061254158,forward_head
11.72192413554168,-2.129135868293904,2.0592481876875097,4.539307194527163,5.547047624351496,5.243221736932779,forward_head
9.391734320616312,-2.541813597189827,5.5588266104633615,-0.7295584224091431,5.938216947334809,0.8298199169298927,forward_head
7.863630703141389,0.5978037553363452,2.45336680641241,0.430646226243708,5.271501106227213,-2.1515126659915023,forward_head
7.207459627180159,-4.464117354600812,-0.21146066424992327,3.1839758582923148,7.944538874215501,3.9658734931571096,forward_head
8.244548532543446,0.6395395967779518,-3.507842719568247,-2.2264955498222845,4.596723595081774,-0.7880459845206071,forward_head
12.825487997158378,-3.1939979239885794,4.662317905754352,-0.5175432940244271,3.188589714054751,-0.03364194837609513,forward_head
10.240497968408292,5.637885100150572,1.6617082185808525,2.338752556110656,6.778748938404654,0.3797787316730685,forward_head
8.542123822366763,-0.7682836148782566,2.108317164550322,0.4130567724999564,8.451602281130361,0.6279947547027134,forward_head
7.74553951797117,0.6474900703615409,-0.43116386971025245,1.5506011735914247,6.307436259044171,-0.8340007660979172,forward_head
12.05205324703262,-3.5690912745706544,0.8080655469703881,1.386925161392228,9.780100710044731,1.6885767063165587,forward_head
7.011107330147794,-4.742047098385162,4.060984844652531,1.5568620187270366,8.698796674400397,-5.733177050825194,forward_head
6.58583799119198,-2.134699911022431,7.072915912252363,-0.1948443224617047,4.045544916519865,5.669765845408881,forward_head
4.420794381984935,5.444255858844331,0.37172522090163884,0.041421939274290165,9.243579207949066,-2.597631756316606,forward_head
14.239608754522898,-1.2310058723435502,6.986105979372992,0.17742664790490864,7.197367469405583,0.09909979738792468,forward_head
9.827128261538943,-1.8934401924618955,6.627503595328339,3.741241125048844,7.698542602843508,1.2828303500328881,forward_head
10.71766448964729,0.7104360532338427,6.666352148196507,-1.0286363783980377,2.721049376216122,-3.4196485634136398,forward_head
9.866774944012299,0.7192984723763243,9.27889137896106,1.9013573376869337,0.8998056387356179,0.8076955041404529,forward_head
8.717179868710648,-1.0919099425398158,-0.24804090861456052,-5.174804262446384,6.081966857350409,3.486480551284327,forward_head
11.395964549605106,3.4857950317889044,3.1291524421276993,0.8608491419452065,6.072686720514256,2.760043886903286,forward_head
8.256294497815375,1.2851298590146851,6.279959346434866,-2.87515272178008,6.30196431483171,1.2173896357542717,forward_head
6.920112706263872,-1.865587329748063,1.4042931836787647,5.6119285075424035,3.4615609292096967,3.828347654971008,forward_head
13.800918755360653,-2.4337690630102395,-0.05723754888890964,-1.43923719299266,5.6781343747772315,-1.795317458541437,forward_head
12.098960016103904,2.310302223971295,2.0094258047456,6.059096880261972,8.17094833423504,-3.1986105578493103,forward_head
12.148083099466998,3.317833341182899,5.866102176001819,1.140362407565572,3.0665529049324136,-0.06869064988351947,forward_head
6.940161282570001,0.8017070473937066,1.2022263713770347,2.2553250038286476,10.624530239464814,-1.4772484541688828,forward_head
7.050367634445903,-0.23803441976317874,5.704962023124855,0.3850685276805801,2.1260594711211693,0.7784315046001311,forward_head
8.552266787459608,2.636593863648325,3.9895494527398085,-2.164509521669567,7.232139389544529,-0.21038774482199296,forward_head
11.986907154692345,1.6786997508805042,5.236617968934681,-4.645563123437026,2.06785137129734,0.6173372551509241,forward_head
13.744417541864943,2.710074453932149,0.6302682068275343,-3.557003788024115,3.414192386271045,-1.0818875747125976,forward_head
10.491102843954382,2.6604642757875867,1.4142853807764921,1.3538652088414032,4.910075031972571,1.1670459907385047,forward_head
8.152194301824903,1.9445140248144628,3.925152788172389,-0.9423300627949456,5.190668299750608,0.04357756405114721,forward_head
6.525105518619965,-1.9851161254049827,2.91248097498441,0.9466528696384704,3.4724978409278884,1.0318494396441507,forward_head
10.957184337371432,2.1769939306841586,1.9221860760622524,1.411934519578987,6.520132117091889,-1.5641342070053552,forward_head
9.373408705677972,-4.416194145927712,3.9103507401366535,0.7012240599337002,5.517946167269855,6.031327598493107,forward_head
8.099901828107543,1.5809455261664294,1.1798072553616972,3.2818379135410365,6.433371399278496,-2.64467038977222,forward_head
10.82845063143748,1.646718294804224,4.476055153128659,2.873643703995893,5.144633657648635,2.680788450071126,forward_head
6.1424517198156785,0.9821852450387863,5.050395466888711,0.48299247750423546,5.338278487418705,0.12439252800435152,forward_head
11.979268742767662,-0.18382463992432208,2.79070510037697,0.7467367920261889,2.7011346790420783,3.573036960742626,forward_head
10.507736712372084,1.4619382774449492,0.8736618031323902,3.4884768449975367,11.712974791697228,0.12071391605692716,forward_head
10.333398111763623,3.4434207634455625,5.098671261296012,2.4804925001824443,8.54548677938564,-0.28771682798527154,forward_head
7.570634895109846,0.24319824805848245,3.831518775810494,2.962929914285966,7.832820180852673,4.131541863715448,forward_head
6.709197702316451,1.5690316704729903,0.9076982405093004,-1.0114175344176273,5.149062352736659,3.880506697167861,forward_head
10.060167153796128,-2.4895395410687673,3.0986176206018485,1.0025231257045157,1.9102261903286815,-4.831489065387091,forward_head
11.531593524110178,6.569790626540275,2.6046153890691994,-0.1536226731187919,13.607732423986832,0.23415749367171257,forward_head
11.488953785005075,-3.665938663386717,7.257931524795095,-1.2550870138859536,1.4049273564099583,1.956843957934661,forward_head
10.242183976268993,-4.990359657422192,5.674428637459625,2.445035488255363,2.5007561790867294,-1.5704906824130864,forward_head
3.9537803390284054,0.4948571696968069,3.362659364898454,-0.8446209654562231,7.482939220546694,0.10159441963523363,forward_head
8.073543093998042,2.103199762534536,-0.3701177798504176,1.1041963534412502,3.7132983075239205,0.9201495149170507,forward_head
6.512128795366552,1.2461916597134743,2.5462420946608324,3.8721442695339183,0.0573373838928628,-3.1853303301052645,forward_head
7.535180816705612,-0.3205615407503737,3.822766946775324,-1.4306258231647409,8.63210658606871,-4.422307856040208,forward_head
9.258595323270265,0.7443025520407167,8.10519010035936,1.1052057769174637,6.19339615491169,0.47226999012849485,forward_head
6.967464069349676,0.8440331298341434,5.058199789194264,-2.138415068195625,6.064403807779386,3.758769829836898,forward_head
10.661756863332775,-0.44392709596301794,1.617697906581745,-1.6550087312775923,8.004562134204843,-1.3992577937007176,forward_head
4.572328617279772,-2.271109578164406,4.178855951045515,-4.888970022696333,0.9221378041541248,0.2848257680227674,forward_head
8.62419884932032,-2.1305843835916,2.18325946703409,1.4609246588664355,2.893555763323559,-0.8763798292712193,forward_head
9.790895803840362,4.058195093290159,0.7868782846894438,1.7654145009819584,5.952656856927706,-0.5310345455412009,forward_head
9.642997425889819,-0.01402763037125998,2.398337063674467,-0.11083801471347854,5.519700461736821,1.0302333826854388,forward_head
6.516603251045123,-3.200677761259275,0.46030293252505405,-2.7432067305511985,2.0286436154219722,0.898656267010323,forward_head
6.76803121127029,-4.121260533595135,4.284036160577741,1.9374389605542246,5.5867843718814045,2.5269966139792746,forward_head
6.515343312912867,1.0441759418708385,4.050478857237479,-2.861246017387414,3.3587544064770025,-3.982766131336442,forward_head
8.042957025967578,-2.1600763955563984,2.6906776343129097,-0.6997476553278428,4.50580076596349,1.173236881451835,forward_head
8.887767424693658,3.7292947867903994,3.4562525764980334,-2.640433341386952,3.8247119988644176,1.7189007427167966,forward_head
11.954727732399904,-0.5207426166574474,4.202270231872238,2.89021912761564,4.993689432337925,-3.0574373131541828,forward_head
6.574689349050891,1.7494190901022402,2.0061055862706967,-2.1201143962756133,8.594134393779996,-0.27576926346225916,forward_head
7.464192139759264,-2.629357823158763,1.2255275194161623,4.3219521393359335,7.9472238963919475,2.570574225461557,forward_head
11.727154176509245,-2.78287953631178,1.8426512199368543,-1.0116560176670075,5.125148202302227,1.7341371191078772,forward_head
12.24015765445349,0.42175194941869426,0.23210795799387096,-3.1894730054812133,4.586235157536835,1.9783731043960007,forward_head
7.190024170643477,-1.1733462642991859,2.5115241220574402,0.28238753629861324,4.370126570220306,-0.03902394642005591,forward_head
8.070355294303337,4.934043171230712,1.178845945799143,0.6497180820978185,6.2988116769573885,2.9902955372778224,forward_head
5.524445187116344,-2.8923123188297533,3.394403598234424,-1.5484285186475903,2.7565792025723335,3.4797483360339316,forward_head
11.375039571674114,0.30929837153015804,3.6075118051359993,1.054250022254339,1.6682486002751729,0.9388405739464948,forward_head
4.390516041298135,2.140727273792975,0.7742053799503203,-5.190319552749866,5.339805589628209,0.0946900613003539,forward_head
9.35762192469738,2.256428297022013,5.124029971290533,-1.6998512667548353,7.232143960593592,-4.270005342808269,forward_head
8.017368107346497,2.5763727557444636,5.5040795630214,1.3733520570043358,8.98363631881108,1.4490991209649136,forward_head
7.609703133098049,-1.5563950144796912,2.6748492661159498,4.3369469767746285,9.67267381456583,-0.30507038623014604,forward_head
12.313580272737696,-1.041925339869055,-0.5170375237438458,-3.238167979810469,6.964760502911623,1.0463351060273642,forward_head
11.523679471489922,0.5703880891626122,0.8876464035162592,0.08141167805704719,1.7524600988539971,1.8707990688862477,forward_head
11.373986428411222,1.3605868613382295,2.8514620468187646,-0.566066265017249,10.138758286985658,-3.52891839775707,forward_head
8.34335119920958,1.9562090601671351,2.1590326364721593,-2.648422804081543,7.900761990703676,0.9306359660275938,forward_head
10.678827929322633,2.7021166357786948,6.820078398469581,0.45021498653790903,7.718759918535149,1.470780013558624,forward_head
12.123762251765397,-1.1314218718906022,-0.3319434936991241,1.2478827968153103,4.62640168195761,3.575555439126969,forward_head
7.507564283197315,3.083684330043517,-2.975760918673595,1.6440747573746992,4.469448137438825,1.5704656195264404,forward_head
8.300016745313801,-1.285704525086562,-0.19757684054946578,5.760241833451141,6.788235804061168,1.92626802088629,forward_head
7.548379243615123,0.20124519494562565,1.4715368815284302,3.0920844388248856,5.267639483466029,0.9660404243601157,forward_head
7.17092065272868,2.722099189922243,7.726101712889457,-1.220566268611898,5.623270828800557,1.4077890693613084,forward_head
9.777774977857987,4.0266111523063675,-1.7241232302403828,-0.6929882903649691,10.5381877761516,-2.2556743511396387,forward_head
9.86890403450888,1.2789434904852242,3.2167442485359916,1.5656024732648153,6.3891723714080735,4.118264248479516,forward_head
10.420258012821616,4.901536408720718,0.37586125272514703,8.180141836280212,8.90640713178113,-2.308735083098995,forward_head
9.607205032875687,-0.5705007454169315,-2.2052467579724695,5.108614487062383,6.882872890948023,-1.4365374250464549,forward_head
4.777042405081846,2.677748636268275,1.8218406482437008,-4.862707615640802,0.5612805719571563,0.5711439529578972,forward_head
3.8054704503595076,1.7016197285894874,2.1992554886583955,-1.858734012412335,9.608445389511335,0.42199127765229005,forward_head
9.045042180111116,2.2814181846183264,4.181575864608514,-6.460979079006938,2.082854091797934,-1.074711380909526,forward_head
7.779315393871139,-2.7139076346407167,4.583317065178096,-2.162482814542538,5.556577131692173,0.9967000238685172,forward_head
8.80233164533861,2.5404199928982223,1.552189725910633,-0.9942314321730366,4.297915526220052,0.2797718899273168,forward_head
14.424841470201358,2.758974161996517,-0.5592065922098075,-1.3966076532352585,0.8703931710633537,-0.29559381935655094,forward_head
7.047109054672214,2.805321146545298,2.3504996480812186,2.4555587797174425,9.496345280240853,-3.0405676394816137,forward_head
6.122115658617827,3.191757965964146,-4.097696648713567,1.5923662893709274,3.4765479472931147,-0.0537831573803097,forward_head
8.944249290704867,2.7146956987015374,1.2777861435614855,-3.7397169685261824,6.011897206004461,1.2491192195933705,forward_head
11.331087177386667,7.836636111181382,1.962249277591576,0.03914301753276994,7.251751530301459,1.4832676250133099,forward_head
7.154857290846521,1.2871058506753452,3.453127906505126,-2.2492382992721422,6.65067906245576,1.0159044283136267,forward_head
12.655489846794092,0.20747007496843073,4.121589411286318,2.1747505985592754,7.904967972679603,1.1981695955413147,forward_head
6.622723175781919,-0.7822006872119798,3.7963025119971863,0.7733207682309353,3.020758341399224,1.24311068345031,forward_head
6.026918837307177,-0.9618210890272094,5.634964427957191,-3.5439619911229387,6.930015695751182,0.13773855229642173,forward_head
7.8851407153471,-4.218642151862524,3.282851142632557,-0.6708673457528955,4.592208347111084,-0.2640477776707819,forward_head
10.584152561935147,-3.9791013766293926,1.2545008134723759,3.5779187445065608,9.696686683431416,-0.06079742719526193,forward_head
11.148962180858891,-0.16840491138202807,3.199503710146833,-2.446551062944531,8.348888840063672,4.051260718177658,forward_head
8.716298385294646,-1.7798881052360873,3.5538961840605277,1.7887272440981434,8.586879785111988,-0.9747368911572272,forward_head
8.66957661088907,-1.1470926070510867,3.1806974134607224,3.677682231032848,1.74944534638266,2.715477971461989,forward_head
8.843401056681913,4.191458464569955,3.6078086462822325,-0.20088144448540973,4.764393735908856,1.07960523033712,forward_head
11.865075360355164,-3.026153524358442,1.0565712878852336,4.374105327781996,9.396972961242234,-0.4316889598799365,forward_head
8.393253130436795,-1.7995163275672106,-1.7250254279573571,-1.2191158634336816,4.363013206555768,0.156722585527801,forward_head
11.394479036182265,-1.9387984721139058,3.5190083785015647,-1.901885224006825,6.269191633502785,4.996812545878279,forward_head
7.161997413091884,0.8057198403587602,7.140520630143239,2.975912900574824,4.892347002797834,3.6797310548466413,forward_head
8.722968599302282,1.6448938205802959,2.0293923661961535,2.5282592171743885,5.360198878694467,0.510574647485379,forward_head
10.547215745057883,1.5791321400119458,7.095899330677352,-3.4972770627251695,6.453274030661961,-6.076825342072659,forward_head
9.97093932307542,1.4088255104658616,2.7629394217978196,0.14899067700772925,4.213043312713145,3.3194506265847465,forward_head
9.215277170647445,0.2571723126344938,1.132691787324581,1.616341709180768,7.975415597398222,-0.6935267654820012,forward_head
7.375432786256409,1.9995675884170818,3.2104205754642403,-0.3716143832743564,5.532071608859213,-4.0908994594259935,forward_head
7.918065291029029,0.18404149371363,4.9845461678595395,2.7659412647648427,4.756559801892234,-1.279933068147307,forward_head
5.142991954392751,-1.615615799383135,2.5984222011862643,-0.1384461397467271,4.289565121878157,1.72876411811696,forward_head
8.976778596080461,-0.057197153893910224,3.7674526817155947,0.9958715866116739,10.033519246288558,-0.7730334064978364,forward_head
6.884100700282568,1.698689493867814,1.5377308664555753,6.172689466751893,4.303103571195778,-1.2901085906896008,forward_head
7.958436735961344,1.458877029886962,2.8421924672218792,3.5102394848702936,6.489497121774367,-5.565980176338021,forward_head
3.0326753245108184,-3.1141200790139907,1.7603045699746267,-7.219080849234393,8.243250468859273,1.9279485155480218,forward_head
9.609143059256786,-1.624359299086686,0.27447898300142537,0.5763382936848502,3.0361509981976753,-1.0657881904575175,forward_head
10.235159797438799,-2.0151349022776266,-4.136566657260977,-0.3408516959312305,3.3578703371805014,-0.8451193962253463,forward_head
10.994609449739416,2.1958410580292638,-1.6483419291501438,4.941618591404887,5.61372869082688,-0.704414927733688,forward_head
9.811146510881292,2.91193593945425,-1.5096569814059126,0.2860992658798236,-0.4798905107825595,3.446281724496057,forward_head
5.566492777575627,1.8492640208931648,4.299755348821881,0.991453763977622,10.172044601359634,0.5213902020608746,forward_head
5.0727963571852195,2.0612081409575422,6.38893233927587,-3.607585766428134,3.9728559004873354,-2.4486491612694508,forward_head
12.587718498055589,0.6044233523537055,2.1317442776053928,-4.304744432394644,9.133188690106362,2.7301689993293015,forward_head
7.5252692056109804,-3.0577955698571753,4.746722033792609,0.7107369134264226,5.563027168850205,5.990557855381998,forward_head
10.232466146286148,1.3266711630077772,2.856205617486342,0.8238355756569857,8.188358504892244,-2.2290629303977565,forward_head
9.584620064473995,4.36123955311737,5.588608541042362,0.07073493963718505,3.4098446197499377,-1.7194237788463518,forward_head
11.494080192300611,0.0706034193536571,2.2830144106543266,0.15043464117524075,7.3987872187152695,1.733900510835729,forward_head
9.727242643975014,3.123524961977039,-1.9888294511293463,-0.03034147225386813,2.69689064976402,-0.8093282569285545,forward_head
5.603564961856314,0.5467982032461678,0.3006591968103791,-1.1960939514526172,0.4455034000951317,-1.916469727463288,forward_head
8.829691437080117,-2.979708548908034,3.9099265771318454,3.198452608251305,10.732994830524863,2.93275390253768,forward_head
7.052268151558248,1.2642214510468475,3.5080898864650774,4.072827533511377,4.355916876655962,2.0140155815782825,forward_head
10.271520933083606,0.27882947364898025,1.924226700113394,3.3165203871597875,1.7898583376891621,-3.317919641474119,forward_head
6.362276579558262,-1.1813086177880314,3.3156693405851705,-0.7589964543204426,3.038363037881844,-2.914043510475373,forward_head
6.564695384459079,-3.194680336237094,4.758569791968272,-1.275062448834736,2.23157554442259,2.3298887562746144,forward_head
8.507695480007776,-3.56426858214913,1.8385473047109537,1.5367641344375818,5.610896993789018,1.458587578509111,forward_head
7.976728814760697,3.6197724831339233,5.514811279491042,0.6862341639881278,2.6812597526174033,-0.34138147469543345,forward_head
8.95031591157922,-1.8916978186775342,2.7318380854726456,-1.6062980978664956,8.550707241044293,3.0907572301811994,forward_head
7.511162662040352,-0.20448756735408402,5.251332693328979,2.0034058164382635,9.748589957521773,-2.384230703349646,forward_head
10.886833245169523,-0.8139301800884875,3.4985599649669177,-3.8527085389179314,6.682595705400538,1.758130161873762,forward_head
3.841492118801364,1.2797443396825903,2.206623769393663,5.170856611974531,7.852954666049924,3.0627728814544333,forward_head
7.365254029186059,-3.155441908365318,3.0682834496285967,-2.050997291210883,5.38157324363891,-0.9019022674496506,forward_head
3.9094487428601585,-3.3822347532789356,3.1187336706291076,1.3105321631933298,4.877320388367398,2.289681861727398,forward_head
9.567586197162223,2.500550901191728,2.1898295619775743,1.068508924299221,6.978605379379637,-1.5615306260869022,forward_head
9.691501913777952,6.044848347831078,5.988701627063697,-1.014077334963461,4.008427353470674,0.5810175333503406,forward_head
7.3187860099841595,-0.5651044970418029,3.558177089800652,-2.430303000871418,1.1444457684118117,0.8383458697307273,forward_head
11.48611843877227,5.905174132319701,4.615015467786378,1.0381998515521709,-0.4291484021472307,-1.4412478512325007,forward_head
9.392819797477351,1.2947916683551888,3.44047455625673,-1.218680719050768,3.832878207621091,-0.5109049817250568,forward_head
7.284302160612289,2.2632485912908455,-0.5816782243491319,1.5872089901909303,5.86459117553846,2.549813131588085,forward_head
9.810850525037171,-2.593793849604838,1.6681862544577413,-1.9516784562812004,7.599159661077972,-1.9105001785581117,forward_head
11.700140147848275,3.4798246630294933,5.356971285350189,-1.8982069560299701,6.718263092612487,1.371487799652451,forward_head
8.68706392904209,-0.1623572210252029,5.117205259712285,1.652271296402475,5.211939418619506,2.690422917978082,forward_head
7.329137012882995,-5.445152543732349,2.8473108216190597,0.8011490785343225,2.853898415895868,2.0222633906365797,forward_head
9.655167022716814,-4.745869400127703,-1.8739042943859179,3.7242527691354623,4.622876424808814,-2.2151364552952155,forward_head
12.13850902364974,-2.0319623781693634,5.364674109210364,1.175925540965846,3.2485241186598453,-1.6108100929576783,forward_head
9.256211605395519,-4.7761700478111475,1.7929310229827042,0.866710621236493,1.0471039638359168,-0.9038943658265635,forward_head
7.617275457714669,0.11863819659547703,4.739659597734463,-0.551496767274654,8.433605691581112,1.75035758278471,forward_head
5.607661075751062,2.500575521044073,3.5578826368692424,-4.541881756256163,6.879714929555385,-1.4033881745223515,forward_head
6.804341867941334,4.541776018614954,3.2497173860230326,-0.9374137009201833,6.70186144941996,-0.7439312457730352,forward_head
11.874180047196868,1.5218200075245907,3.741442346325763,-2.5927915467831775,8.669128777969934,-2.8328208869445164,forward_head
5.121219377352677,5.423405353465952,4.655129586896184,2.4077633308081,8.47149205771752,3.4070964438374647,forward_head
7.549959168365788,1.8442018805985017,0.10896045814035826,0.5686109358522313,7.625198331043883,1.4684287015824746,forward_head
9.807963706145514,2.1605508808508676,6.209542149633903,2.4145071814073202,8.73746396204239,1.7851563810619395,forward_head
7.847075669913453,3.4347288807397076,4.89141168728285,-2.6863073494150878,2.013762327851846,1.2145082169868324,forward_head
6.887115103934603,-3.1868898954083322,4.383472457686067,1.351749077546197,5.415186935180228,-0.9448019420817766,forward_head
11.202866802033423,-1.5939223875380304,3.003314221836018,-1.1733305785684047,6.4885524634700955,-0.6465965902527113,forward_head
11.14175620060639,3.4921203616442007,7.193442719513723,-5.124193544314255,3.4870706206428093,-2.4854735027307235,forward_head
6.6030538595330635,1.8324972803444939,-0.38127172360180506,-0.23516924431965341,1.5410290255310501,1.4485134940127744,forward_head
10.726181715303783,0.6261692843943266,3.6640424829313334,-2.6674834707643624,7.144407940375935,3.1445354520519904,forward_head
7.527219668047183,-1.4820272982412825,0.6610092530939351,-0.7435759549735805,5.055205310489004,1.3601348039086663,forward_head
9.870854348115317,3.4858325119256097,0.7554248339359257,1.5410002943348529,4.280736567628138,5.687662598371354,forward_head
11.95032043435382,2.7096508790835565,5.860732671399848,0.16723299575772338,2.030328623860495,-0.8774545088456238,forward_head
9.420038351331321,-1.3961845033551492,5.3630288365287075,2.1561472839815505,6.7520789775105285,-1.0939688551899094,forward_head
9.541707797410716,2.7156074376012738,2.2416248313071643,-2.300484299539745,4.952834370660936,5.362987685692333,forward_head
4.4472848267637595,2.2607854160882743,1.5058307918628573,0.048810698570735,6.425529724854352,0.35652324249614276,forward_head
10.026375213319042,2.8983727855790056,2.4223263063557994,2.4820608775140864,8.982953144837264,-1.915391808426043,forward_head
8.801528938985744,1.7004104598644174,2.2488351281982406,-1.0441143944495412,2.9859965607763357,2.1385095746255924,forward_head
6.32452109276417,1.3482558430010902,7.297601532104553,2.279648275970169,3.2591683535198457,-0.926601075500282,forward_head
11.131171608582378,0.8353731624143957,-0.07295899450104049,-1.1910285199221997,9.130294247956401,-0.2479544310685865,forward_head
11.022298173481799,0.2461585060406546,1.5388617703739045,-2.6424052819249204,3.626605776443056,5.051359769854539,forward_head
7.5840135219631915,-1.6613351262049203,5.079041965451009,0.28511322696817654,6.023675209119432,2.4600069482768703,forward_head
8.529346662284233,3.0972871366458232,5.98278236462757,-0.8491419306824923,8.05378848195466,-2.1996061194537173,forward_head
7.4660309865930135,-4.628928511901119,3.490602351666801,0.27971699597062427,6.864466783830888,0.8952230633079611,forward_head
8.306139359211121,4.075479770202243,6.228184597539697,-0.23990130087558054,6.554450185627177,2.8436937312673125,forward_head
13.087665986318799,0.1658098061440476,6.279233623181653,-0.5629117636244916,2.769646016428167,1.7231363376908198,forward_head
10.715883887536332,-4.249818330390341,0.9027683149356593,3.9048625145047247,5.669596284792344,-0.7809356016917339,forward_head
9.139659849611242,-6.293766103493447,2.225875715029848,0.2584741441852275,8.365068937533538,0.23545310625575527,forward_head
7.865909031020793,2.729490443089153,7.315566364089081,1.190631971765209,3.281676352860572,3.6537981313387897,forward_head
7.332027288056237,1.863303270825276,1.1675777521906026,-3.5623433666918967,8.240174768693496,-0.8482625361581759,forward_head
9.965956634620152,-6.4856399745423525,5.094410553866473,1.608057964342583,3.8019233670176122,-2.5508017248599395,forward_head
3.9566530046939716,1.1215436260124163,-4.080814812460352,-0.2641409517806291,7.5349521504943535,3.972560907406904,forward_head
10.593311707557682,0.7136234401150913,7.040750106804792,-3.741783437370036,2.018161319582509,-0.07345582963866804,forward_head
8.378460365583306,2.3585178456997893,4.566534093157676,2.0586003328472353,5.6139097028547456,5.887321693457855,forward_head
8.211758361784689,-1.2057000678488585,0.6474432483340524,4.0049019210913395,6.115209038291022,-0.2080450973630814,forward_head
7.5860590803150245,0.4056325419212869,1.8217106971222055,-1.3041670503259555,7.296043558679102,4.663379794058827,forward_head
6.8595753983456245,-3.278337776042683,3.0889151850824836,1.5006512535148124,7.130765379025576,-2.1377691887011236,forward_head
11.056956952085006,3.564582665736782,0.5933724702025591,2.4535913140820123,7.231922579622152,1.128291620595256,forward_head
8.42174764267575,-0.9487380504191079,1.5589510591628897,-2.2926651839249903,9.17758672704276,2.163422337582075,forward_head
7.009657992033761,-0.40727459865129423,0.6248412563346819,0.09321244025876699,1.8909893445755879,1.107729319151747,forward_head
11.37826561074871,0.3045108090507003,4.317244809164484,1.5753936722879587,5.0228194511170505,3.6814254073214236,forward_head
9.315785498708001,-2.8130131610305638,1.8271728644739775,1.965674180108808,3.0178349972861365,1.944946309098893,forward_head
10.443408812766654,-0.41029623646204416,2.6783513841198605,2.6881730930180137,9.017336864729376,0.40314276252614245,forward_head
7.479123088301656,1.6924318981673152,4.481325768294403,0.5031960551404968,6.524090296709984,0.4052672957079228,forward_head
14.970929982176097,1.0794978955084706,5.9606416129904325,2.8178930014916728,7.30706723746378,1.7949869409786297,forward_head
9.06551188193509,-7.126064339695139,2.241089186835213,0.8265020982441045,5.29770665584328,-0.7211902002758992,forward_head
12.981674995707209,0.6752996146797058,3.0483601770293856,-2.3153027126562606,2.5275914511625954,1.683518539281166,forward_head
9.727368410848714,0.8850202405703671,5.394599077770669,-3.1125544885665883,3.5227955207635864,2.253736954811786,forward_head
10.297177951100306,1.8369322269719774,4.239512552568927,4.310847770771491,5.504047578392353,-0.21273564260503486,forward_head
9.34661295927521,1.0445332327332686,0.2846842520464756,3.0598338667547678,3.329347596004169,-0.1407020606289311,forward_head
8.41020867671969,1.537428639272054,1.9827868887390632,-3.4431441129466114,4.163108322889192,3.702348941666819,forward_head
7.3364442546763495,2.4721003263655454,4.804758713595353,1.9798615195362437,2.3250035065153103,1.4605051800147413,forward_head
6.513928695500519,0.16809186225953665,3.6238704739951926,2.8735327523883147,2.5423595381640274,2.4917548176768554,forward_head
9.037957356351082,0.8484530942450631,0.5629835601928952,-5.500788995576058,7.113969280435484,2.4565745657912954,forward_head
8.93941791532577,-7.141759532990002,6.00612811995768,0.9977096458629624,2.7618237028929884,1.2289091917049313,forward_head
4.7733209309838704,0.03597346461549167,0.5537511353334841,2.1273974409405403,12.388044359299755,-1.1266495684209594,forward_head
3.7742427528671083,-0.19969559667092862,2.5743543830102364,0.013397911234018844,4.835988599284737,1.1606706791140913,forward_head
8.624707621865484,-4.073429388306058,-0.1600154198684094,-4.825893643210501,6.715461978904847,2.3479512367539197,forward_head
10.267550680338392,-0.969777351685188,2.85651158731491,-0.35686686921626026,2.0113787381123207,-3.489734921435284,forward_head
7.152428354941918,-0.24858688164637655,4.6308258454416995,2.191220885790246,9.068263410723041,-4.285150176468668,forward_head
10.648628102784029,0.18061895440072695,0.9901289631812973,3.601035024459585,6.268364041769925,-1.6860891208497955,forward_head
10.569015743904577,0.3403652671019759,2.3012313417586663,-1.8141827612352823,5.10423630497584,0.4647525852333211,forward_head
8.843379444695445,2.794986374030591,3.6031006210168233,2.6087715401184215,5.711262864232157,-2.126558304569503,forward_head
11.171931251476927,2.3493469617571723,0.03415893222536415,-4.478292229156261,6.969639720344338,0.7324481163235241,forward_head
7.828759716599211,-0.8341978515935473,1.1030868551615627,-1.7159423227951247,8.877130826747514,0.6892373500127336,forward_head
10.71397436574604,2.1274391549102263,2.645878534974683,-5.145528299328576,8.415926364173131,-0.8236674087675206,forward_head
7.595394751620753,7.172524271794306,4.198402383573555,1.6275652372355252,-1.0620426409352808,0.8721920097942277,forward_head
11.953919291047866,3.1720327411790503,8.859135132031561,0.6267250611609558,7.676866611471008,0.1461856165826293,forward_head
7.810511389987747,-2.5763899108574577,0.9347200207136446,0.11032137328744168,3.7824647507512568,-3.711668943065967,forward_head
9.477291310359277,-0.5053289250499811,2.9091734798941458,7.992150925451258,5.867338245966719,3.9002897504507823,forward_head
5.8886437497881925,-1.7361993167685348,3.5821702185672457,-3.050180177809837,3.979984642656691,1.5805417268981348,forward_head
7.2965494123260655,4.2347859630286235,5.41956506006301,-1.830966915185259,7.984455536326097,1.6884140267300256,forward_head
10.581135541605752,4.823801664439932,1.8145545622400878,0.8687396893301342,3.5705701065178124,2.0899193767793447,forward_head
6.944809970430182,0.48994653152500744,-0.048211166305484277,-2.3605500170433724,4.076375563769724,0.4753879783740425,forward_head
4.77873702982875,2.3094763006947354,0.19988144382531958,-0.679691913467166,7.177278120692188,-2.0444107726923826,forward_head
6.431491121184973,3.120614228360812,2.0668293851467148,-0.9413293387049226,7.111296229113228,-2.3837310649619594,forward_head
9.669609094665834,4.113190226092594,0.9411625734353763,2.36778857141442,4.204368402846994,0.8949357806286292,forward_head
5.820202497218193,-0.13908416441383897,3.5284914186766474,3.6777852249667875,8.156643226968816,3.7318632237955174,forward_head
13.159332080358684,4.335468220827725,3.7631078163283824,1.418484842672439,6.968479249515031,-0.7530852694755317,forward_head
7.878642908680347,0.44185271158951844,3.5963873844343475,3.041367795575634,2.2735964451344532,-4.978134627913203,forward_head
12.836205254486288,2.158477069679524,5.805935546757899,0.30786931726581657,4.350588460423809,3.5749759210967076,forward_head
11.456707856924853,0.2859303658918809,-0.5001768079575228,0.5070814262952498,6.968156033660442,-1.320429752424539,forward_head
13.370342672802089,-2.5365265172755818,5.600154549756439,-0.6641815774446205,3.6505720900675818,1.5862566152282644,forward_head
9.600514609865558,3.223922564382267,6.132832061920609,1.1171385015260935,7.47479930545213,-2.973246825527476,forward_head
8.510753672132747,2.057725921559367,5.650224349771664,-0.49687078811533275,5.371192678688385,-2.0745296213546127,forward_head
8.691639839884724,0.2107218878583288,3.772618607581635,-2.048658104964957,3.860780701346391,3.29811229391024,forward_head
8.263860606029915,0.5973850881956406,6.631888862815458,-2.2211218313683743,9.321869626352271,-4.714744694333343,forward_head
5.319907317433021,1.0895614680673653,-0.4345870622466501,1.2740113102299695,8.946174068653761,-5.051052522337815,forward_head
6.005083926956846,0.43198680328600686,5.217699441115718,1.7121058965003064,6.2169352809564655,4.589494515339538,forward_head
8.447393841157373,6.7802740881849815,3.1734245066451736,-4.948390661047564,5.981492296828263,2.20805753697202,forward_head
8.71299437810234,0.6775874228538744,4.4169293154604485,2.0785264486637383,3.856568615013189,8.282275502609604,forward_head
11.020090473505178,-0.3335352709596344,0.8798360049237286,-4.1891079315750375,4.440600794943242,-0.32522547925359313,forward_head
10.832072704554363,2.0194370527108454,-0.1855802976919878,-1.5355833049275947,8.121206627626481,0.14617590665538144,forward_head
12.995804519102583,0.2057917075975393,4.833869533764664,0.491522676129149,5.52195913724537,-0.7794088948557585,forward_head
3.738126235702463,1.795368162806343,8.105444776336828,0.15523062530772816,5.888312497998504,-1.3377920018114704,forward_head
8.535188797628074,-2.28627999605599,-0.9984869054857781,-2.2799157096179488,11.192716245133262,-0.6006480109660011,forward_head
12.220189312130945,3.935845901893349,3.0362724981566354,2.127501566963703,2.409660509923844,1.846087393041131,forward_head
10.789335602927101,-0.9167883575082383,8.985904751456127,4.359712482027881,10.96273723759028,1.457920474397251,forward_head
10.247739540344373,-1.2320589758414122,-1.2306770791083217,2.3701470372332727,5.07403558652951,3.1777012510070124,forward_head
3.8137841224592215,0.33330259421638764,2.944912839989324,2.122659112505911,8.30465376198563,1.37791366906771,forward_head
9.854150579881566,-2.003825368562569,2.321712554829256,2.073381286138293,2.458547989660726,0.5486456387972078,forward_head
8.653719388481939,3.417279486220348,1.9402748941941186,-0.5381102046700668,4.7370278862981205,-2.8526617832539216,forward_head
10.859129438850433,4.818945765998777,2.4878083403382067,0.248598606623732,5.578489663831941,1.2229591827968134,forward_head
6.0526912717541865,-3.0884343346031056,2.4508263691225998,0.8021127327892739,7.023815113021503,0.7519776816120157,forward_head
9.103218638968599,4.49517974589111,5.592897246645608,-2.1839737889850905,6.336096287121304,0.83981141804587,forward_head
9.211166965974869,6.6116832646320445,0.326863765612301,0.25748481379042254,7.8907375052283655,1.762552720684417,forward_head
9.211296189538318,-0.9644337077384129,1.216038325232061,-3.1798959523793284,0.9480993054949591,4.760255195147795,forward_head
8.712225765191903,-2.0043777571397197,2.1352016773820734,-1.617160095011381,7.722884561969515,0.6701806731215526,forward_head
11.571922478558701,0.995294338090041,4.25421261292197,1.300589638816938,6.120812856289706,1.0041322628231366,forward_head
6.42506931305766,1.0027063572520594,3.1151980540828785,-0.9016198537206035,2.8157783527056184,6.848454056957154,forward_head
8.900264040620721,2.0983968640947204,-0.5105989156539721,4.483409865381309,5.164549473307688,-0.973630999846796,forward_head
5.0439300649409,-0.29038860376871245,5.042092528577453,-0.3440512137774851,2.0485032352508723,0.32591636674972957,forward_head
10.722911142685838,0.7643241176265287,1.2909142942840308,0.6739948937969701,4.815676869583099,0.7445679367698067,forward_head
10.09001443805645,1.9339638087730455,5.109598774104343,-3.6555579168661945,6.48158528912742,0.6255692479142011,forward_head
10.198768870004022,-0.8475981872216125,4.822352986426125,-1.1352516882089958,3.7691230644155143,1.8410347497283583,forward_head
11.58470263731052,1.1086995229114855,1.981349731770996,-0.010714442906090749,7.769905784067623,-0.028460574544922457,forward_head
10.866528411505392,-1.3305616074933104,3.8139445419676754,1.5952542550749393,11.189563569119095,-0.8230025245287822,forward_head
6.826782532528391,8.095433887650232,2.9728321574125696,-0.16036453920800503,5.84338119851759,-2.325446823711708,forward_head
9.682526793735963,0.8400632057379012,-2.1866000938659207,2.2865009573630286,5.270108043489335,2.934055623569617,forward_head
7.741075952730705,-2.0201563870192345,2.6234649634251674,1.0747369484515863,3.584697923473323,-2.683963871491498,forward_head
7.963432748570342,5.3035752481662195,0.5120651002519057,-2.9539699570083275,6.874207965725649,-4.132546207243921,forward_head
8.687782786624831,-0.3158012880858616,3.0392444898943958,-0.20159824706358004,6.046648266893244,1.4187760263515061,forward_head
11.601077231612097,1.3345219848526586,-1.887621925795707,-1.9949402615268397,4.577651402421345,4.827924079418249,forward_head
7.411475299428157,-0.6782119720047362,2.896768282481793,-4.316432619511043,6.890055242105727,-0.5716363172913332,forward_head
11.5736013898176,3.1141805237568043,2.1577621830371534,-0.5269372400576318,3.3839142463525533,-0.7754020341255432,forward_head
9.373640224158274,2.8680902691435577,4.926875524046968,3.1995999159708606,11.454283829331365,-0.7649154974696384,forward_head
6.4353297350763095,-1.896281853411493,3.1558283740478075,-0.13823632476003211,5.76792478814899,1.4982940042978272,forward_head
9.9009834875452,-0.4675216481751394,4.260719633460681,-0.9847515666221078,6.227411825343608,-2.49737849498469,forward_head
13.461937597962738,-1.521980203631147,3.0336259115482327,7.639144755819445,4.93786736051287,-2.183320080557239,forward_head
7.927880185984817,3.19483013803921,4.039592090715152,4.819021269423158,7.000532414360695,1.7653941386517809,forward_head
6.359923000083331,5.970565103764559,2.357637187195546,-3.194513696060743,6.269580931284713,3.506441263063069,forward_head
9.449785923866042,-1.3060815753158155,5.094576338073702,2.17718194850333,5.24501320841017,2.136077567764053,forward_head
11.430142414349305,-3.0969674875596036,2.9667384115534117,2.3484331703485157,4.000444941700376,1.5597237061099651,forward_head
6.5855434178401016,-2.907461079956045,1.6535658167584395,-1.7442059915128343,4.333102970121399,-2.3345758920158852,forward_head
7.968802470280158,5.856475576423703,1.1532562541760931,3.4313518275730766,1.4324876978331282,-1.447548553799964,forward_head
9.681053491634025,-1.2465125666501964,4.043662724553238,3.030266959956065,8.477714636933692,-0.8697632605173378,forward_head
5.660343989578466,7.269772433826711,4.810341398286243,-2.699313162725534,8.726896060306071,2.247299212701972,forward_head
7.975496890516167,-2.35692443924641,4.958396776310078,-1.6396870579162095,1.8237761219218735,0.6974101141702113,forward_head
7.397296833654112,2.2989438531133892,4.647635859783549,4.34696909915217,8.067236545644786,1.5395665736383575,forward_head
5.957758224149583,3.076046249213925,6.40844128384585,4.2343355413877655,3.9871094109850063,1.641720026825998,forward_head
5.259602967088376,0.3771932858929591,0.7044695837255213,0.4989338373554146,8.806861167212839,2.397061040409023,forward_head
10.740807155200809,0.018328885669106842,3.6969995309636516,2.444747063228357,4.978329071948836,1.8839238276694832,forward_head
8.356749998455527,-1.3291554358359832,5.705280782482851,-1.5974267472583614,5.1774147121755405,-1.9468520907744145,forward_head
8.318974958490783,1.2711894025452573,6.0843106958404825,-1.3417233640685329,3.487262047423728,-0.15077260317859387,forward_head
5.22489697003687,2.1507198600892385,2.4486544271086563,0.8582022831384264,5.015736550487595,-2.4959803123801128,forward_head
11.710495610108858,0.7770441165371527,3.5257576005549884,-0.9943936180555493,5.995983792943717,1.0445058493718151,forward_head
10.188971089821456,0.1626325739910267,-1.3672392283638874,0.9404265142356951,4.153097906634761,3.4832775148178143,forward_head
7.070647963508044,-1.2038189752613537,1.755095382955395,-0.5679662377806562,4.2186647233836245,2.4270055499699277,forward_head
6.365411261589136,-0.6033449911055149,4.069535987882258,-0.5237232505449652,1.2452444249541612,4.687149182285162,forward_head
8.31299423811828,0.8850739658667025,-2.503108683627296,1.8344271394747718,0.5027777328468757,1.438639644068132,forward_head
9.418925264502477,3.0372763900670634,5.905648993764167,-3.780037212566044,4.151021948157171,-1.7623695823451655,forward_head
4.4823965126704595,1.0852537305662997,2.3128867483255195,0.45470838221783805,5.384346956834143,-1.81888332702932,forward_head
8.524397888966961,0.04093481775499763,-0.7436166715143715,-0.9222152976092279,8.908072437830626,4.472350821110207,forward_head
5.894383666126926,0.6303215457512953,0.18603221492007727,1.3790790740939933,2.7594491878285874,2.349188670294584,forward_head
15.429988293737422,-0.592826431430578,-2.62358113550191,-1.1660378722219336,7.021838972811042,-1.049430320634694,forward_head
6.728075822980067,0.8579899463934371,7.211312086508629,3.6775393812175006,7.605743317534756,-3.2813224132471888,forward_head
5.673237171672684,1.2042463167618824,-2.4449193304867194,0.5571464448308352,3.7514636496917815,0.8733547776497012,forward_head
5.472357922334796,2.632635703664996,5.007886856535055,-4.43190544397513,6.0990687955974945,1.2787271469944748,forward_head
6.030586900206183,1.027734015639783,2.006691868621595,-1.828849949448297,6.835912246590958,0.5156828904610458,forward_head
5.171161711890893,3.5963748606383152,5.87566848974574,-1.0163292177401075,4.986789951259372,-0.8089399710164573,forward_head
7.089533033405384,2.411488581037942,5.1904348292326885,-0.6561309941732256,3.72642210667881,-4.439908249729049,forward_head
7.574214830533835,-2.176019339186226,0.052229464092878874,2.6149377517865418,5.584756809205844,0.2723103491174319,forward_head
8.556010013103153,0.749753120575871,4.639730344468957,-1.6280007488732264,7.909767335189656,-3.9349240402803236,forward_head
7.28487560741205,-0.06286720284506786,1.456969383380096,2.01983243012857,5.767643632480742,-1.0324581781767237,forward_head
8.857397082867646,0.6499061457785887,5.959968607992224,-1.2048611048379425,6.354563034887416,-1.0830784917874428,forward_head
6.873466867620131,0.24527932176932832,1.6474828355427515,-3.074432673453078,7.389164596860787,4.920423232649458,forward_head
9.799912977862908,1.0772159570710447,-0.5173585012829234,4.561480233243443,4.395377681897941,-2.270281145647173,forward_head
11.440101798389867,0.10621595284941643,6.498716067430857,-2.290773118434426,3.9283642373135743,-0.008652852700762215,forward_head
8.908525064142673,-1.0702401615541177,4.649124995205926,-4.618312660564986,8.225458677551117,0.44688805180939467,forward_head
9.733843824921601,1.1118802491598363,3.6235442192126044,4.088612020880619,4.68331688122739,1.4543354224062732,forward_head
8.06657893749229,4.8918499045766,1.7495054572600113,-0.1582517738154932,5.075369105805673,0.4505141386982301,forward_head
7.794216072659243,1.9265326235784708,5.747458393604912,0.5069322594635643,10.399593136861688,0.5919570829355869,forward_head
3.0392330280356354,1.870855126651813,4.862877160712044,-1.478655485209262,5.835416039989609,-0.4611421974427291,forward_head
7.972437658742067,6.006650805274494,5.554057460182597,1.3771560475375935,4.553100408492266,-2.689206649989329,forward_head
8.678634266870107,4.798677350284474,1.3708121946089609,2.0578563555500096,0.01404382544993954,1.8330182947482814,forward_head
9.413509150749261,2.904451936960032,-0.455043921731094,-2.3280500744562564,4.290957151111408,-5.829423290627033,forward_head
8.432234980547683,2.6212966087863405,2.645606114931153,1.8940145305780216,5.838908541036773,1.146924513109804,forward_head
11.988828470216774,2.366345908342356,-0.7974244520332867,-2.7989057152005987,6.761454536193476,-3.257176521705973,forward_head
7.135144683810996,-0.7363469592277379,1.3461463937117697,-1.8408712957030098,7.3835486587560775,-1.0290843417363977,forward_head
11.79658083538553,0.5249862532473707,3.03260843594238,3.5301508358163067,5.051872436607719,-1.3729293165081047,forward_head
12.28877072735026,7.052251244835704,3.526240747303759,-2.339098724496491,5.098951545061631,-0.3842143989175151,forward_head
5.918921902089999,4.974806953511597,5.3811549263404235,3.3598718828650114,9.722972334129196,0.005948830510085934,forward_head
8.086897556275384,1.9724451953711692,-1.1779244312351622,-0.9298922621737076,10.589683837954482,3.820142222467419,forward_head
6.568088708099998,2.3966928497007522,4.016555085556686,0.14106615203469633,5.068427164272913,-3.127319727778061,forward_head
9.188940931675095,2.737787803972715,5.622160354688404,-2.313823714185133,5.426958985365037,0.43434801682536966,forward_head
7.4387238622785565,2.5251841908415313,4.867452100261774,3.019276065394665,5.578728905654989,2.229046437803471,forward_head
9.682796085734111,-0.5327260050395821,0.504469353721487,-0.5601598917605664,5.493034723332747,-0.4363353768756272,forward_head
6.550186063044389,1.2834486298103978,-1.893346472834975,-3.0704426135687255,3.8296423791805827,0.5392055911790609,forward_head
13.750671060777412,1.7778196923318155,5.557641388130598,3.218774557466115,9.608853772801323,-1.3099118261694684,forward_head
7.389149332445039,4.650809949549715,-3.8478505153436817,-1.082943113368174,8.465363685105746,-0.13487926599308742,forward_head
7.115344715772596,-3.5569299347026027,3.956633878693729,1.3235963266056308,8.312331363258103,-0.19167942929786352,forward_head
9.283485979916723,0.5410328664855485,4.147485004185727,-0.2346879188865973,5.029493903067947,2.9257905044707035,forward_head
10.046899900318742,-0.1464493580328854,3.551458844343402,2.5466729008479354,2.322620697269293,0.5942414328098072,forward_head
10.648828673972845,1.0328958442493559,7.416279500819084,-0.9774729254893177,8.096515173022041,-5.883873990139746,forward_head
8.579037693817869,0.4152369325632811,2.184968760457877,-0.5009626485919858,6.475915485988439,-3.9484973262680514,forward_head
6.650080427124834,0.5561865406359414,4.191627602001393,1.1195276839353083,9.789769077831735,2.8811953923820135,forward_head
6.972765159499376,2.9620610962275293,3.9170351082136055,0.6785076198793316,3.6487747341696033,1.2461295349535995,forward_head
7.043503506453527,-1.719779238570515,4.767580899026962,-0.5493975191188096,10.711782303077541,1.0790186854202295,forward_head
10.96601552998954,4.197973735410063,1.6011342867763276,2.2012652989603567,-1.5825757253568504,-3.857368826216663,forward_head
7.48107802055111,3.1466000566973618,6.920456073818315,-0.14028108489965663,9.119491046144665,0.7074685470312749,forward_head
8.672685487184683,-1.2144991372105116,5.820599458172093,2.825686467090039,3.3103939837622245,0.3890963612210959,forward_head
12.44616838863452,-1.5060324621098833,1.3212194825486359,0.3184067035589178,5.363054099152937,-3.1963673424969974,forward_head
7.780916447612593,2.5914733493991298,-0.5906346623202943,-4.025656826210863,7.234808082978146,3.834714363751432,forward_head
15.243537816049635,7.860826477507616,3.1150159668408524,-2.9974212457562768,3.897214349438388,0.550266167172746,forward_head
9.449055681579809,-0.4465847394711284,6.362869051131037,-2.0779609259698906,6.399347437816971,-0.3545545506153389,forward_head
6.482681597637139,-2.9350944832243764,3.1195632994617073,3.437864470937259,4.089509550348784,-0.7441813085725986,forward_head
5.829657987561719,-3.566166813947584,2.579352163781146,1.129119167814407,5.670928914919147,-2.1178939217256616,forward_head
13.277572022976969,-1.0629194257933754,4.309901280191837,0.03758073109094012,4.500250024726709,2.0319768539582244,forward_head
8.936264678537,-0.7096473280923867,2.4571029821578585,-0.5580148171075943,5.645925727044739,-4.71448109726251,forward_head
11.434315577130919,5.546837453388097,3.746994450804405,0.5175412009809663,3.566360389916425,-2.0903589299379925,forward_head
11.141843553676146,-0.2643890116289762,3.995120541273156,1.426239309445087,6.486449963710548,-0.1543957255527364,forward_head
10.389853629114606,5.1053877445204865,-1.7623611350265973,-1.6176686385007504,4.415316342552027,-1.009595743732966,forward_head
7.8800966538750625,0.22353400369096788,-0.03701533972160842,0.6396485602041422,-0.02070194057063013,0.36873732865336956,forward_head
8.637803595130283,0.3238845351769581,3.107602177125969,-1.135206442718174,8.05710367887691,-0.20281371222021582,forward_head
10.448366899391939,1.0473344675722094,6.530067196358123,1.145893604839899,3.929640652077054,-1.9814450168220574,forward_head
9.051042918032294,1.7168660197306425,-0.6641846433552376,-0.6596868533269571,1.077374240651503,1.0057010190530478,forward_head
8.955262557479125,-2.2827532625371383,0.5589998783405066,3.7774308950035014,5.386864245089159,-2.8899258621499095,forward_head
8.510536822578548,-0.02857842820375711,0.3943210298818798,-0.9966667990530254,6.926052933401989,2.633003862628886,forward_head
9.07357647919388,-2.712042359818767,4.2916111148399185,0.5680199051003341,3.046685158706338,-0.29711588873682804,forward_head
10.56608668113486,-3.2584563248531095,2.8002288683436256,5.021092349035642,6.012688348086575,0.08939503741992028,forward_head
10.743967425847998,-2.4571119088118634,0.9097708244509337,1.4301695956491776,6.270024755543353,-0.38993521096458195,forward_head
9.072976259838919,-0.9112293265319924,4.744935075325244,1.4433107027169136,2.4186492219492997,5.7455536863668675,forward_head
8.654794163346295,5.6556139868907485,4.477840294809831,-4.068054167413139,5.2325713253538,0.736552611673395,forward_head
4.936139916094848,1.1487444903686477,-3.266428926341792,-0.4120923443555034,6.243655132794542,0.23451477490061712,forward_head
16.745748585178145,-0.8234120490347023,2.354562154921414,1.0380814376015077,6.775310903125187,-0.09558418763904375,forward_head
7.973703793175675,1.1418666184980768,7.547246330500812,-5.460529839859917,8.442962407960847,-0.4025230581314242,forward_head
15.757568911012708,4.404856004881502,2.4233458334007296,0.8474097896399377,8.258043930134146,-1.6045540796703808,forward_head
2.9117191705427787,1.2403761297192304,4.710408021522387,-2.8245508489734106,3.4631099929411295,-0.16309385117550557,forward_head
9.084297637252632,3.7922773719033804,3.671483952610745,-1.192236961829928,2.712944531618964,-3.686173651133113,forward_head
8.72744145009134,4.205331009212697,3.08593827256615,-0.2911220918396485,5.901473582929399,0.20095093907807166,forward_head
6.242039046917267,-0.250069318235407,5.051383757219742,-4.461686733663659,5.960772660195259,4.111030487637718,forward_head
5.930800088859857,-2.1913948215417163,1.5218049765757358,-3.4337744456328587,6.395861277690008,-4.809868956751663,forward_head
10.802492382264088,-1.6858876640771834,1.6370343881841958,-2.0036275585723033,12.818175231183325,-0.9134824257135037,forward_head
9.607836637846223,-1.646470974971636,1.8244916530367217,-3.153979296158953,7.03083053500628,-3.995536848522769,forward_head
3.4410645801570077,-0.7785925687079582,1.704827451312358,3.4085144929679045,4.747549219016945,3.5700755240203375,forward_head
8.162992531388745,-0.6995534847926539,-1.4848027829799078,-1.342837405695145,4.083237229862368,-1.2442972597456121,forward_head
7.366342760687981,1.3208062715639803,2.0336459602556007,1.2009217897621527,3.9111472529611087,-1.7766127179562243,forward_head
12.177663315017583,1.7519451784126292,0.5498442453984653,-1.7435203360358493,1.4554984654616572,1.30322867689347,forward_head
2.990828497248674,-2.9511913729075046,6.481139853707669,-3.396942809615714,7.180733520101006,4.680664760243819,forward_head
7.156550241255103,-0.07694551400388527,0.9145378781684399,-0.26929903708938213,-0.1651302353732067,2.288732741923713,forward_head
5.502303929538812,3.3168251780676616,-0.800716980601524,-3.627880877794708,6.627406586941192,3.203785215749353,forward_head
9.093854603717054,-5.505694793719877,5.7295133476866145,-0.07991845579009721,5.324449096205958,3.1503595466781746,forward_head
6.765634952290714,-6.448784699671205,2.0300875777313694,4.4783689385936905,5.059666241122554,-1.7534391997429362,forward_head
10.264338581181997,1.8151403060702023,2.7832471596294783,-0.2873106788024365,8.6440476408984,-1.7337877312982006,forward_head
10.994626753455346,-1.9476118788871817,-1.6836032598865422,3.4307091548915998,7.114726050689731,0.9032488566567378,forward_head
10.610309419625272,-1.351822908488346,3.2049720345617985,1.980973344028456,1.119057262147508,0.91663954339961,forward_head
11.952474763264181,-1.190160344301585,4.008186407592929,0.557293476308093,3.0832452732433504,-5.285110165000264,forward_head
13.183604714057463,-3.1515098520229223,4.104366840943893,3.411412900888139,8.56758649262218,6.078747277569372,forward_head
5.697804111556707,-3.06108462062061,4.928504487259417,1.5322099296296745,5.502774861718233,2.584008012093371,forward_head
7.497183618327883,-2.9368903661241106,5.914791300638058,0.6414934889718809,1.3330914830270055,0.5634631949306793,forward_head
7.208566278939737,2.9453476773350395,5.023986089929714,-0.007841088380669048,6.827235785539873,2.006450669945852,forward_head
7.885874242425014,6.063243573645779,8.134546725216492,0.3872198677235214,3.468635574695036,-2.9387772239218566,forward_head
12.420198376221503,3.8596397963564835,3.3147534709873976,1.1448888853625632,7.627810245950595,-0.9806021120320365,forward_head
11.439283444173125,-4.584326434478654,3.001888768636489,1.4174542925246298,7.214644546521047,-1.0964645628625753,forward_head
13.133274092946326,2.015774983375554,4.557718369722738,-2.196102132191796,6.099644364623241,4.558141726320135,forward_head
13.978426046042262,-0.6228704966813345,3.982283776370541,-1.6927839155624518,9.476008921434097,0.6023118718223072,forward_head
10.087352595919747,1.5659737051835352,2.0150332968921987,-2.1957669382276377,6.8444204759212095,1.7969825436293032,forward_head
11.158820606303802,-2.24350948374238,3.428673293975977,1.4698760553296293,8.381620258154232,-2.425701765991937,forward_head
6.214796604417281,-0.5699895468528444,1.422672915655525,-0.2353757767779719,3.1448495410643877,2.592886215828461,forward_head
3.197102403235744,-1.592725334037599,7.035935733076018,0.3531989322384282,9.8501696162379,1.5163412673517787,kyphosis
4.499026046006957,-1.6532739492427702,13.735448868803688,5.946405434979154,8.197507858481897,0.885833658345583,kyphosis
3.6316494334462344,1.4980704823483177,13.409813557638927,6.730459996501717,7.623627364825181,-0.28780357063761663,kyphosis
3.2055977649565106,-3.2663350754759977,11.29144628003116,-4.413889728691263,9.678789838952596,-1.0677881765503687,kyphosis
-0.08480739764821799,-1.7268721588806581,9.937921631185905,-3.067066441953356,8.256249240323225,0.57334290428837,kyphosis
6.1563587115379255,2.5432655093458156,6.762566403708468,2.88521275539157,9.05058099576496,3.446200537179216,kyphosis
9.50503481164904,-0.5410960831200637,10.109769878452362,0.504942111889527,7.273928950194645,4.23218338909078,kyphosis
0.637463790173328,3.0500912672552243,8.84737581958606,-0.407829117042695,10.442952341261403,2.5360050028017995,kyphosis
4.853039606230083,3.064080284681456,14.75068652250247,7.10502977623155,7.186273984566932,1.8952478876186656,kyphosis
4.123320414487109,6.46991926381183,12.806117463052448,0.9501775942399537,6.086797854490288,-0.28233330056378214,kyphosis
1.9107774874499088,-0.7433859285352331,13.743050479016096,1.9411283628060567,9.167968532069347,-3.3713899205321414,kyphosis
4.462426437682891,-1.4270470068217236,12.131890880191737,-2.6958815720058107,11.268324523898057,-1.8385699023126043,kyphosis
0.6585787492127002,1.3005414448720722,14.341643394397458,3.5532373642128703,10.871598237560091,0.7348959514505884,kyphosis
3.762220880748085,-3.3695038907725783,10.167405952365597,1.1606369090183466,6.224022521556086,0.2991652244648908,kyphosis
5.86340181019469,-1.677982575019076,11.233808741096524,0.6803830920544033,6.593240746077271,2.245593077040405,kyphosis
1.1416525222903484,-1.295161959045661,11.218684384201849,-0.9696407622700005,7.58260737882371,0.9765271219155361,kyphosis
1.1664474542684427,3.157134232583041,11.874809288123481,6.344569363470749,4.761614065852,-1.7518920042545494,kyphosis
5.335519655936687,-2.663146022713038,9.183145237794951,1.7014668960692816,9.602385434494474,-1.782472417223382,kyphosis
3.482538527254078,-1.5924508860989675,8.422436812131732,1.879910648329569,9.055876177239384,-0.4602450706558323,kyphosis
3.7138190705028427,1.0259177838522173,11.369389768500321,4.325836410886028,5.095438320852878,-1.5452369645817856,kyphosis
6.929525358184613,-3.1376365127263792,14.745244083719461,1.2549022504294118,4.95961252742989,-0.9685188069171825,kyphosis
8.671508047907505,-2.3678987775292786,11.08701885124958,3.2247623977270754,4.994501479912052,-1.027959935210466,kyphosis
4.109571998651071,0.3851779281495984,13.389506862781202,0.4585789754436998,5.789354120172924,2.1083112787902296,kyphosis
5.476860838775814,-0.42944752880872183,10.44971567186293,-3.1940310172986117,7.159122653741294,1.0440021434953235,kyphosis
8.730479402082668,-1.6768194291093534,8.790702148272343,2.311479446807806,5.0674257259932425,1.5212136354911001,kyphosis
3.603655768958858,-3.4115553183395106,8.704952345902587,0.858566417143733,7.230941979099811,2.5788109652198354,kyphosis
0.8720021584158051,-1.0293990987614623,7.168704307925841,3.3398696148595546,10.948594729237149,0.015005837005420797,kyphosis
3.5951129576466814,0.8312428587391139,12.096031748741613,-0.4537235370602316,4.7900028581338985,-2.901233608512578,kyphosis
4.843705186815997,-2.5254023585353944,10.34173048280521,4.4785009194070104,6.60743792888823,2.59178546596529,kyphosis
6.410389710429946,5.382293456223777,10.236388243895796,0.3472562299853297,2.677042776241449,-1.4719994900501345,kyphosis
5.042003936207784,3.6964379198484365,13.917801970008243,3.2074998462921718,6.942373609786334,-2.2909529685051466,kyphosis
2.315524735851309,0.12636076708752808,13.393842908199419,-3.0770780040616796,0.218468590473905,-0.7913845035838117,kyphosis
3.2529497774269895,-2.242859124072035,10.10438905523123,6.229778167046716,5.619346869718479,5.068655010403377,kyphosis
1.0948354493592913,0.8229686833292762,14.955291878258919,0.34181510025771034,6.001336273817868,-1.2493716031349145,kyphosis
6.459630859015366,-2.7614736095011816,11.314716326441644,-1.733987534297801,5.808621441951896,-3.7034502890052425,kyphosis
4.030558871037924,3.925254634025927,8.008336019289011,3.498248932303964,6.336098718703647,0.3193077647434555,kyphosis
3.782288184642125,-0.31951614969130726,15.69968637355252,-3.06504529280113,8.301890300896778,1.3846830454118582,kyphosis
6.073309431457156,-0.40893323728757336,9.420871188715891,0.03991900200249321,7.728006887845082,-5.819555143905828,kyphosis
3.445546490709661,0.6313159205382907,13.423423256020136,-1.389876766729801,5.421493611083605,1.3011041907319323,kyphosis
3.458692006159566,2.822330033830538,8.651896148294982,-1.0122669098204369,10.33137866916282,1.6444707735444437,kyphosis
5.343530007050951,3.01651635258157,12.60575308752794,-0.9242474073143285,2.764360260012306,-0.4945698336031672,kyphosis
10.5947043806505,-5.013235931889765,11.75468345180253,3.974410334865889,6.034193811382061,-2.9630241770215062,kyphosis
1.4914027412512412,2.4330999666643978,10.171619252280378,0.10540622539935007,10.541029479250732,1.1707301590970527,kyphosis
2.4990357678222357,2.9219247392033822,11.349134223913378,2.9179453060973737,7.183341861945341,1.634943455514112,kyphosis
3.0941311061347445,-2.2047859217828325,12.854555735975316,-0.5082194797773467,6.7700788344923835,0.6113174594608114,kyphosis
6.275539459161863,0.6418542082420485,10.541179569607117,0.783640100141381,3.9770032219009845,0.8645940722568826,kyphosis
6.299678789886075,-1.0403586451223585,13.547308100224747,-2.100496777388683,5.514472819045833,2.147039175701191,kyphosis
7.622050270844289,4.166956392247441,10.212295180227692,1.7638946330375191,6.396423588187517,1.4905892620026377,kyphosis
1.0227087350656832,-2.335050464837395,12.696820173198548,-0.3669289419167804,4.677159148725604,-1.0644818086217254,kyphosis
3.4460007640374015,3.3192157362910724,7.397545913687702,-4.368356185352035,9.39704076616918,2.8461445141663755,kyphosis
1.973678425445934,0.5719389102024964,13.142438842456965,0.03725587644695327,6.828883768333961,3.4303230105837152,kyphosis
0.9010299686874292,2.2908502013510263,12.519600846837522,6.3117472858085435,9.753325412223877,-0.9223669068117472,kyphosis
6.393262056483828,0.4807775106965763,10.734773411646449,-0.46968945465617395,10.083515190881673,3.6651805096790726,kyphosis
2.7710951524526752,2.047582366471331,7.46818560274861,3.9800968789677285,5.707882792065429,0.6778234382412802,kyphosis
7.295492668085062,-0.2214377928852529,7.604562696306017,0.21360143131869924,5.891841337955243,0.6102359706254925,kyphosis
5.727277393480482,0.38719277418987086,9.887982904573775,-1.8147247597278748,7.347571717382814,0.11583327729641157,kyphosis
3.640851175257205,0.6891838515334654,10.587298587492384,-0.5807379477683257,7.0793986414536265,3.581786834928162,kyphosis
1.0762984269924583,-2.0949783874730747,9.19757472882526,-2.8843866867743966,13.94990906055889,2.236191862503045,kyphosis
-1.1927996344346852,-3.362339805383501,10.411815225068903,-4.454911214346783,12.364562312691222,-3.347953004894246,kyphosis
6.2458989208674645,2.2080310100026725,13.811941799964531,3.975638318779974,5.7185280075537275,4.868366036074564,kyphosis
3.3841617970503797,-0.5670104873381441,5.246320705825033,-0.1473469914459764,4.947802693975783,-0.06964850252179877,kyphosis
6.797236494826674,3.2462121901295466,14.186071066718954,1.3941534165777234,6.570815865188042,0.5612649321564294,kyphosis
6.26636039277491,-3.096027916986398,11.18063012059479,-0.7879272477300443,12.144527942744405,0.08370275761512425,kyphosis
5.098631726144976,-3.0555741237655174,14.169901217757722,2.606284741137511,6.939003581909608,2.287396915354911,kyphosis
-0.8546466484485151,-1.1616277437551563,10.990489665823002,-1.7570223174069994,3.0246454232992552,2.4231617456049643,kyphosis
4.292075435430459,-3.084514559821036,7.786022498109931,1.3252844761773594,9.200164907393356,-1.6350266732288907,kyphosis
3.0858072936737004,3.8424226838899007,12.26067687009596,0.29436575082136685,8.303623497648822,1.1661271574083525,kyphosis
2.9056566939891884,0.25422538136406,11.454974706556994,-4.009376210231241,8.098715120021279,1.2286772408272384,kyphosis
4.9114036933886425,4.189697876259912,9.299566309130123,1.7286137772360057,3.7890324098187147,-0.17270257730427452,kyphosis
1.1574177921312816,0.8441548521701152,8.945462928946636,-0.876467667501766,10.25647599196558,1.6742230780616398,kyphosis
1.964004531384191,-0.6664351780069415,14.752107575700945,-1.0716756175771507,10.382001337241814,-6.145332996730697,kyphosis
0.29604807112158005,-0.31558426110339977,7.65132556260561,-2.8633387185381034,7.337975852468465,-0.30291010616139313,kyphosis
5.263342869118372,0.17934129879042293,12.319598374788967,-2.9583519424290254,2.2508242978527973,2.654321742850684,kyphosis
5.960366040883747,-0.6531676262457682,8.754931934188853,-5.131983486828348,5.0848869939990005,1.2399204336014416,kyphosis
3.317888634149673,-1.0478073706248292,13.425437706419649,-3.2663131450977883,4.253976955093618,-2.110726408735633,kyphosis
1.0450450098294537,0.8104392118615336,13.489934197116114,-0.451908509654511,5.254345378121519,-2.7736631650320325,kyphosis
3.579248942070893,2.522781976828447,12.497758329658987,-1.6243023036942406,3.9806015186416186,-0.8074598151821019,kyphosis
5.3267078075251195,-0.2867270719702312,9.34140960695128,0.8234200167595462,7.093937148339664,-5.551847763808743,kyphosis
-0.574204538020207,-1.7762167588288031,12.539917515117095,-0.11007088042783586,9.592953514122627,1.1367981322557539,kyphosis
5.733044004146761,-0.33144844962468745,5.930806820822879,2.257850493090123,4.784899382554057,6.646076209303738,kyphosis
3.4299856829757056,3.802489473851775,7.482556344740028,0.7700353024487523,8.005670193003246,-1.866621362885732,kyphosis
6.3949848537000475,1.453564043835855,12.658864046246087,2.9931639191471815,4.434797889510939,3.354725106397234,kyphosis
3.83387756172636,-2.5254012574522138,10.104801384551703,1.5964482273025136,10.068184555203157,-3.025066568411073,kyphosis
6.663440680649007,1.7285318908888174,10.354886210972097,-2.558050575154825,10.171458089118673,3.9615693301931083,kyphosis
7.8781131660693235,-0.2650348858935221,13.20571623149804,0.8635680435143984,5.09603033740945,-1.3592759983285831,kyphosis
8.230866431158013,1.3483895318905508,11.360816179315092,-0.370393492043283,0.24162988223160653,0.2126836097038803,kyphosis
3.078451585535751,1.2076329056466344,13.01761604151672,-0.34827796784539766,9.799219446383454,0.2966569879770744,kyphosis
4.048999041444071,1.6501058096511654,8.993924900337907,4.3511030994416835,8.447321621428086,3.538374450721187,kyphosis
2.2858127060246742,2.239830252352124,13.050745936272412,-0.7915354969002695,4.62261654226382,-2.158133058438961,kyphosis
4.700113356743511,0.05627029056429206,4.313582179614648,0.7061044165871062,2.6225610639869297,-0.5232969253954721,kyphosis
0.051409253206003314,1.9544544265709063,8.955270394653736,0.4594422060101469,7.978023318093484,3.292084452592472,kyphosis
4.993492558648086,-3.007165393019637,9.131360865104469,0.22965252402145814,6.298744866470956,3.1802515480533464,kyphosis
5.71322521177742,3.865249486285644,14.505023314797805,0.016739433880075316,6.242786890502517,4.078962706424735,kyphosis
3.945358131394691,0.016430928546986023,12.768078434510691,1.0459724688604355,10.687780910774638,3.6221585630157556,kyphosis
3.667492090174841,-0.674411160842842,7.697769293734597,0.8968901273438571,12.357517636462275,3.2900166736278176,kyphosis
2.4787652406719953,-3.982690994780974,8.480330216944674,-0.21976519216980062,7.634343241937083,1.0125966607885148,kyphosis
3.3251202579370895,0.7588453848729384,7.141372642035632,4.077880294404352,10.985444890510031,-0.2500906254511118,kyphosis
1.7999700457730903,-2.444403644978395,11.672952300637899,4.174460646968739,6.460532184179451,-1.1556755572349902,kyphosis
-0.6006659619889199,-1.0195597315390608,14.32041513489333,-3.913468967574935,5.7392549604684415,4.752353716492477,kyphosis
0.7762985319757814,1.5542923325077425,11.146123701764125,0.350864220019521,9.2815508063511,-3.8541646457185403,kyphosis
1.9756879105817902,1.0083986499969193,11.469500845106305,2.2043585220378543,5.032064825032509,2.806257214500254,kyphosis
0.9345516054682914,0.4957146158273401,16.491615137447386,3.2238414576916012,8.918698361385326,6.313519429999934,kyphosis
0.40319974735782615,0.9816288316200616,10.436843393771616,1.413485604812852,1.053920850316679,0.30209471139310146,kyphosis
2.363666072504225,4.138586209788313,5.876213709529187,-0.97754613933358,7.933834208529421,1.5001498225578627,kyphosis
0.07963921644987337,-1.406044876507286,12.143032659231284,-1.4009091030403265,6.016544255638357,-0.5840289550825248,kyphosis
4.956083289231339,0.3963205550021308,7.7195919970112055,-2.247598061329648,6.007211671080368,4.891663004187543,kyphosis
1.866261299846646,4.996200217845294,9.326407715916273,1.8822630714987039,4.554230125443755,-1.9414800156091054,kyphosis
6.765578897149922,-0.36119302188113234,11.501746735722195,-1.3735399673924333,7.643133552778755,1.2444152476365034,kyphosis
2.637281925011024,4.340391932137363,15.541889073937762,0.22170287800549826,3.8267722368922397,1.1477143350527648,kyphosis
6.082894416573587,-6.268859638452942,9.42437676248891,-1.2999738330548478,9.160620961746591,-1.9101570183526637,kyphosis
0.8662349690705957,2.2566499962482647,10.462612904802622,1.1021918930010193,7.964374920454237,-1.2642336622338677,kyphosis
4.922541094562918,2.4423417573287916,11.310714237127126,0.5761910348015722,9.34014041984004,-1.8431325154031422,kyphosis
2.367624610419798,1.1701260689743833,9.625526600904916,2.287935975320146,6.2118341652093605,0.2722032674615559,kyphosis
4.040311969751182,-1.8134806441073903,11.358265762500011,-3.8885947432767747,5.71023671716915,-1.3378733951921808,kyphosis
5.182863633169467,1.6660782185307923,9.242721404901081,1.8017237410566718,6.4054824064351505,-2.298832130415098,kyphosis
6.492648391134104,-1.5595921741028853,13.818375223388713,3.4777267078654788,4.1753753569536,0.032866196861747854,kyphosis
-1.5494448686296272,-2.4076066257115047,7.5007962381682844,-0.5335594265911034,6.376575937068797,0.48099053420894683,kyphosis
7.655636510086822,4.071900405091926,10.273865209430527,4.08577417338019,9.681354498931897,1.1118864834639206,kyphosis
-0.9082228695974353,0.2973322364114572,12.152062163509664,4.861459675188122,9.620999719533852,2.5495839036686445,kyphosis
5.420683442881961,-5.732026248488384,13.715951778014595,-0.7478473786759141,7.833424628152195,3.3929200681196336,kyphosis
1.9810216497542599,4.959806488004424,10.441318736907652,4.703731143545038,4.387909215242321,-1.8096722378518235,kyphosis
4.36824500097271,1.7742076931058224,9.29876488058988,2.5292639290331635,8.537361597578446,1.2297961192697184,kyphosis
11.33851551597117,-0.4827255017536538,8.430190587473152,-3.419970663900668,2.723491613908714,-3.3311556750149816,kyphosis
1.4967133645050827,1.7955473761135288,8.69452773642093,-0.7654726527133402,4.61345474512485,-0.04878643718120035,kyphosis
6.235581936252338,1.4143999652322887,9.084193688046435,-4.353919501550553,6.338635253238195,-5.562263772376456,kyphosis
4.865293321994307,0.8952371896670248,12.230035701417247,2.549349293145237,12.160550337131028,-0.08868160896493454,kyphosis
4.743068053962716,1.5340406439292014,15.168142104373835,5.838966825193415,1.6900179546859109,1.1050855480233563,kyphosis
8.12643240808212,0.5838117559714688,9.426969626176394,-5.043977698396927,6.919881264590717,-2.5204445696255005,kyphosis
1.2578123015400346,1.3100911067663332,13.055165195081319,2.5602572421392646,9.180382764210137,-0.010373531804434843,kyphosis
7.004829173848858,-0.1639815831560285,11.02197110658018,2.2111261940910696,7.144660118566891,-0.6529970415322829,kyphosis
6.44107844299517,2.2185668878162605,8.169627148209983,0.27863946354246827,4.252709363179515,-0.7347285403828209,kyphosis
6.225144331188649,3.9980698751778982,9.48184646478479,4.347855864526625,6.499496864249076,4.330995525675818,kyphosis
3.294685557665222,-1.767257186805152,14.076757262461175,-5.3761396315609025,4.627617930578305,4.582170504746325,kyphosis
1.8400503773098045,2.2379131208253513,10.68366855063235,-0.43908415179335036,4.72418914517929,-2.8620422260823735,kyphosis
5.104156410465151,-4.767222786565203,7.415674937974429,-3.059895280494017,4.906485686711272,0.8463229243011947,kyphosis
-0.9113400952573114,-0.8590172402326315,7.297135688445711,5.480091589898272,6.99407770966798,4.984741365060939,kyphosis
1.830193843122116,-0.9936971450610079,12.392844046008705,-3.2388538412455095,8.873206392198627,0.369253876729856,kyphosis
3.5678858129647226,-1.376824017513997,9.910588757573452,-2.3799938689478575,8.105792170411213,0.6727074258745797,kyphosis
4.96492523142219,-3.926202844440195,8.058387640249867,-0.9452836467891084,9.320226527477702,-0.24502134049402247,kyphosis
2.409440718370176,-1.6272102225972467,9.587348816122018,6.603054306179785,11.677686205770286,1.4928169493276298,kyphosis
4.23013784327998,-1.98398250982862,12.190600883469164,-2.301044797340974,13.32481937312988,-1.4871654914298027,kyphosis
4.0803578674114025,4.73386783353418,6.685572187968567,0.8785184765619435,7.05584809829652,-0.33171364743819143,kyphosis
2.4545988782909314,5.115989801498118,13.24627926137891,5.3333993692858925,4.935418066904881,1.041876996654469,kyphosis
3.971212279808387,-1.5149793276485384,13.576649520603898,-0.8163878328417549,9.736996255568313,-2.9058685867082388,kyphosis
5.022662345835142,-0.6379972620403978,12.666569708642227,-2.868134793953374,3.6251859053468176,-1.8469995256095948,kyphosis
5.377542650565749,-3.5682793198682887,9.1662948333043,0.9674755243116607,6.247935109919253,0.289316700388378,kyphosis
2.1776018749170944,-1.5371703722733603,10.527464255793815,-3.190656360004448,7.450737201258611,4.913936081717038,kyphosis
2.4168182382243186,9.32263796892621,10.758099742032776,-2.6112161247221644,9.527099337550784,1.5245680343162746,kyphosis
2.2311192867647343,-2.3141374195014626,9.653024238558222,0.3967715955383464,5.199469947483025,-3.286256717620589,kyphosis
6.367018916279676,-0.665471529865558,11.137507340083436,-0.41800983552937077,8.0560874322536,1.1189097629183204,kyphosis
1.0898734189854364,-1.726422026477536,10.10502391396666,-4.774595601564104,4.850966215303865,3.748316473699999,kyphosis
2.283653117115578,-2.714999266291234,13.908440137908876,-2.221028089182114,9.67198080348573,6.80125739838921,kyphosis
8.377314854817858,-1.0771160073679718,10.92120371667974,1.58088178550085,7.643432766043373,-1.3929547518061787,kyphosis
-1.0808844107459619,-2.3276680887564694,7.696110533722372,0.3318063377161637,7.052731869626468,-2.286652598582157,kyphosis
2.044115193745016,0.475838946716632,13.132913266032979,2.697409932676628,7.618701369100261,1.6015214833683684,kyphosis
7.616408228128419,-2.752773165978363,9.850351844212149,-0.5724517934310493,5.925912553681228,2.811924735756114,kyphosis
7.2499684306553345,3.207863031651836,13.40076292021667,-4.0962965581801765,2.5145203336264093,2.6452933103058687,kyphosis
3.080538683572362,3.4279190817653666,12.75633328483464,-3.1624368652622223,3.6688791302635853,-1.271137277132944,kyphosis
1.504763430577412,5.015222794592403,6.6142878679437525,7.1672630558000225,7.236318918971171,0.6428894677156194,kyphosis
6.791703187668806,-0.35537162781809717,11.580236594821343,0.9876923135565053,8.247207986920532,1.7436967615160714,kyphosis
2.5538506778091716,2.5660082933263118,10.80626425026753,-2.1650804290692016,6.853924702506279,0.27114447848087114,kyphosis
8.780013672631743,0.5610796004450854,13.910150381464844,1.302493909215058,10.372947622221762,2.905590416757313,kyphosis
7.900638823827327,3.77361025350662,6.120992717792784,-0.1922233894220089,3.711396732375386,-1.2793019731451931,kyphosis
0.8645975325109903,5.727735681831192,9.612458246139727,0.4439098700485663,3.494076791440438,0.2551236455932061,kyphosis
5.470191687919579,3.184054859768929,13.405862923166424,-1.077113876977141,9.364720391386598,-0.344667012392153,kyphosis
5.9225791386056885,1.496909411062035,9.68152734590095,2.4629627057759405,6.987233419931937,-4.044202405925502,kyphosis
5.786864124722363,2.442329230887072,10.415689855370687,4.519787652797894,8.768644277160952,3.7836341190530076,kyphosis
7.36642915652574,0.5804627175920992,14.609175797915595,2.6820427079458358,7.728447462039865,2.230202378582556,kyphosis
3.2273344081543494,-1.63483227115014,12.01205852202067,3.7261518534408746,6.912258833038514,0.537998106325223,kyphosis
9.121770644247126,0.5815970917271786,6.936269324500419,3.343452744072285,5.608053067891584,1.3986734315054625,kyphosis
4.776181885451878,1.3062616507247617,8.181840518614631,-2.910264984545896,4.107646506926322,-0.9296943757233215,kyphosis
5.252293322714644,3.559840860594725,8.54418931930806,-3.428549995845751,11.013389905904516,-1.9309281079549678,kyphosis
-1.714443111237375,-0.5347373556871422,9.043521593629666,1.6519931090399187,8.915971191430998,-3.4058357957043603,kyphosis
5.994938136454763,0.26781374651736817,9.612226930179126,-2.67887130223071,7.030424205707263,-2.4827108293494558,kyphosis
6.419486172508565,1.3116455887562957,11.99748039375424,0.8574765870230412,9.625122603883566,-3.9150265466669167,kyphosis
3.3240832580970756,2.2173915802466935,10.93153919899064,4.340152954273821,11.882767995681435,1.8938442647368205,kyphosis
2.2217419326263017,-1.8478889244267043,11.292810540374628,-0.46096844148230287,7.590559115660582,-0.11441748419292996,kyphosis
8.014049581412795,-1.841988087398457,5.798148686522554,-2.9301979681740353,10.014546051790107,3.34985532509616,kyphosis
5.829745173085953,5.649612504343505,14.136296755952975,1.8968095923612134,9.00175486886394,0.00880655969210381,kyphosis
4.857315943303356,-1.1297214563284521,14.108672820864909,-0.2724000364947685,5.051561686849707,-4.86145699691333,kyphosis
4.345196021043867,2.6632243903381245,6.284678240122435,-0.6921911516095891,7.132648282331548,4.592789675467178,kyphosis
0.34874775145378045,-3.790083120776721,13.97815170407958,7.276985747601332,8.687842641017301,0.24063678624008458,kyphosis
1.8062899446109206,0.18148281902510066,7.482282013039958,0.7566138213491608,6.449954930850815,-0.3444903905598996,kyphosis
5.583063275287734,0.12659626087589698,10.030925418341884,-5.4186941334331955,2.1625897068988227,1.2844265772284738,kyphosis
1.5517494242934116,-1.8718717381700003,11.4084008872895,3.1531406462802947,10.28518745381151,-0.683473916715383,kyphosis
8.382987005163963,2.218096125988221,10.087118467004467,-0.5894743240590898,4.898767536233271,-1.7036237853225211,kyphosis
2.805400373240522,-4.3352193636489424,10.888483669542497,0.5577016473760517,10.355450328112134,1.9622589866351081,kyphosis
4.48362143747949,0.03862139453513841,14.274662923583836,1.9808238675333583,6.81413667560369,0.6482845373783741,kyphosis
3.023978154298822,-1.0279428800483168,12.29036009896595,-0.8199850544140341,5.368679266958388,3.7826729004160184,kyphosis
-4.052540889964284,-3.702176148095301,11.988997086907355,1.2743169478400056,7.085679535500556,1.5893799795788301,kyphosis
5.4740980783935,-1.3443417617121023,4.370429842387628,2.21641936688294,10.415973529636096,2.252684451705715,kyphosis
1.8082572859517678,-4.678442948345394,12.651149880878876,3.4193548138194476,6.036266897719104,-1.5376124075405997,kyphosis
1.8637663431548646,0.3568239729447443,9.992335329908194,1.870167311767926,7.68059181331847,-2.9487234163216467,kyphosis
2.144034073923163,0.21546865396560483,10.710007319196166,3.2130556591540786,11.744718231646765,0.4963879219607943,kyphosis
2.790853406406079,2.0091143474018462,10.383188939713898,3.9365281689413862,6.578950719927797,1.2992021192158028,kyphosis
6.967694196854389,-1.3107563355191671,8.588025655925787,1.2861114771871311,5.963423727964924,-0.49739596294853394,kyphosis
5.824432342585489,2.21714477753064,8.672495720918896,-4.663256937601526,7.107577433303204,5.70407826832551,kyphosis
3.292120287800311,0.5836086699328773,5.937400215809568,0.2952640510687675,7.395234746441965,2.8779777823166657,kyphosis
5.868612428567639,0.2391038764047837,11.744690477559612,4.93872712310012,8.125389084866619,-3.2979900458944167,kyphosis
4.349129185539741,-1.6096346935622483,11.16256157797195,-3.85918150599134,9.033201015161483,0.792057540245483,kyphosis
4.70307623054651,3.3867344167918003,14.723998523619123,6.418535910067804,3.8240948841872844,-0.5444122188061927,kyphosis
0.7726444512669399,1.9094696875172865,9.982564084066572,-0.9784868245951186,7.035012418428452,4.287996335368355,kyphosis
1.2136692124798456,-5.186552578015499,6.651987119568,-0.010324422181790527,9.766776060718293,8.19420282302012,kyphosis
3.9698911176001714,0.37299802845116614,8.198080873259375,0.9016248508827913,6.8565063405330156,2.055657455399049,kyphosis
1.4022220790806519,2.3169851160045094,15.218870138091983,-1.0703734993891063,7.612785710931544,3.6159553424888338,kyphosis
3.3573689779673384,-1.992329066005317,11.693881283733829,2.2205132661322065,4.6672348070322265,-0.7090170755184645,kyphosis
1.8654422812390572,-1.0725946530090273,9.392041644932425,0.20586267099458982,8.747382679293553,0.43756937571774257,kyphosis
-0.7933722150257472,-1.3425734028817429,7.3221839865662055,3.141812278201046,7.840694723118906,2.817017760626361,kyphosis
5.797921665888593,2.1222048147595975,15.549429468281494,-0.9610024414900777,6.7922766806420425,6.53092478217181,kyphosis
8.959084131090048,3.8982439984120143,11.02970108629448,0.1321512379647326,7.966465574762981,-1.2415601769992617,kyphosis
6.184974377517206,-1.5856783576699138,11.196098115209175,-3.7941803709084905,7.457486124113151,0.9903560246977526,kyphosis
6.2624051037354995,-1.2597908135388614,10.435483127309896,-2.1367611374148,10.591073798897167,0.23192423200967188,kyphosis
3.7935185616217737,3.920235592037245,12.924921828338057,5.417292406270634,5.062592939840038,0.30213993257914534,kyphosis
7.1242760504607965,3.1181910213986566,8.35875732343685,2.6585932004746966,9.68805385295479,0.36109227782426506,kyphosis
-3.385622353105078,-1.9456373451511935,9.395682140869678,0.8056075113676655,5.435209955788495,-0.6474086138030867,kyphosis
1.938469975587445,3.3037480296248205,8.35299962938045,-1.1525626365687354,5.211217536286928,-0.8873467660831812,kyphosis
2.858255962441884,-7.111641348107906,11.847483784523549,3.0540880345690202,8.140623721321333,3.990920085609385,kyphosis
1.3745336565958262,-1.390010048641512,8.569254388162914,1.0598171848665159,5.874366530554322,-4.46631321589716,kyphosis
1.2051809799081505,3.6085706952573124,14.847993000437269,1.3883454889753424,4.679450081629955,-4.123169286470645,kyphosis
5.588322988040516,1.1123927329300098,10.705831744517866,1.6865837139169804,5.861332359375648,2.168979554936549,kyphosis
6.945632118870005,-0.6841136441279776,12.020339781945891,7.857620838171553,3.5609147780340953,2.211227650954319,kyphosis
9.923218252028743,1.2535176744527936,14.488585205497962,0.4085499003078855,7.604505178889371,-3.9445115396162485,kyphosis
4.045118131170561,1.5298824976545238,14.026686381355493,2.6289776147329933,5.500900012946991,-1.8742010982811887,kyphosis
2.871742839140839,-2.7190132091326538,8.455221273807103,-1.7511211534450668,4.9445859832764825,3.9486392019945975,kyphosis
1.711307427274269,3.4471648425923473,11.316148047651724,3.7779057415090413,5.7428281158226095,2.5601749553473674,kyphosis
4.765336382756888,5.358822202805493,10.422351157897754,-1.3991825443813835,4.020313239521876,2.0591158675821037,kyphosis
6.648913931558493,2.410533008347138,9.611798757736675,4.819909588454413,9.595031318289905,-0.773366166066778,kyphosis
0.7853399568007129,0.6455318177126412,9.736275611388722,-0.4835947406863761,7.522133856335829,-4.372993647443107,kyphosis
5.176207490322766,2.022838797633784,15.9308611977055,1.9311132653877545,8.160628095307509,1.3926166747059998,kyphosis
6.329164917170237,-1.4899722750218851,11.988434202964164,-0.12243413820168803,6.21830707586681,1.1853237411266648,kyphosis
3.2097925971925667,2.5829485781754546,11.785846707828576,3.706987422097451,8.097875334251043,0.5950185461971438,kyphosis
0.7305585871308482,-4.089421890442726,10.137239757952024,3.9716613002562053,7.110156418516499,0.7559447812761657,kyphosis
4.953382086450713,1.935104827210075,14.413816156315665,0.22533969224516082,5.424642924644133,-0.060217167539798444,kyphosis
2.069519030489052,2.2486606172392554,15.16400803421632,-4.187518468679841,6.061249899811073,3.3499713242244664,kyphosis
6.6305278898926465,1.500000014033916,11.243585275743257,6.221976652200723,6.432643834655189,-4.008091747258712,kyphosis
5.955068468935319,-0.11970029769665758,8.720956744615243,-0.5707956444943891,6.950204009250672,0.3738371773681767,kyphosis
1.164572136805524,1.849411282070855,13.572951090319918,-0.31633963133642784,2.5146412220034993,-2.5273122345186345,kyphosis
4.505958426496738,-3.057192269528886,7.107622283233805,1.6531802107945779,7.099284554299087,-1.910893334075939,kyphosis
2.872514957426727,0.3550900008292437,11.734873469857906,-3.2845762531121343,5.06864472039441,1.977189008990389,kyphosis
8.412284513876928,2.4705103519929668,17.980522169774904,-3.951564182268723,7.227920366666098,4.15683581576397,kyphosis
5.940571261810265,-0.13619019161335377,9.790166387621918,-0.6450629575363913,10.092952000722523,1.5883373135687284,kyphosis
1.3416137504242034,-2.1251369745579654,13.55406191099987,-1.774224471020836,4.360025470182892,2.2987500937903054,kyphosis
2.458061596200731,0.4198940732987828,7.630010539082078,-2.452431209160964,5.485800000160505,-2.4792027725858587,kyphosis
9.278240835248962,-0.41809250199821457,8.848586490465284,-0.5533920194261044,6.192394078067483,1.9533668499227552,kyphosis
6.370357376180124,3.6861005696222584,10.23511392117102,0.26164727200829346,3.9088042835191277,4.725804537142922,kyphosis
-1.6139647439129075,-0.38316033859539556,11.488508053208301,-0.06373355833659011,11.79651583469052,1.1387792289758467,kyphosis
2.603010452787607,-1.0685518360659332,10.219820169868168,3.5721413755013987,6.155462264521493,1.552695080741088,kyphosis
4.626570580258255,-1.4355095458822513,13.021427517225291,-1.0065607615363934,6.339110416991333,0.40445760276152226,kyphosis
1.351970729067745,5.811390574572535,9.749347458533311,-6.434537349834792,5.709708395321414,-0.0490493035140831,kyphosis
8.314234482036927,0.7495657877494197,11.304611160331135,-1.1683334530412008,8.883543683552732,-5.204789836272282,kyphosis
4.513639217590757,-0.7474681399477796,9.060983488494022,4.862153516558734,4.9991614845867405,6.412093855634932,kyphosis
4.5430198438210025,1.6713504038651728,9.83808194022068,4.95726400016286,4.0569339563719735,-0.21835096756289185,kyphosis
-1.9474901018830604,-3.464614100964619,12.675124179538809,0.941210459157382,9.463499278625125,1.528065040340247,kyphosis
3.817231744977654,-0.5084493649217066,9.023072702286616,-3.2129654067498303,9.53984305890889,-4.723686214174202,kyphosis
7.152123799998274,-0.6006865921270081,12.541659941177796,-0.8224960355078177,7.219933867822922,-2.2893416211040285,kyphosis
2.921360888600288,-0.27734379087773464,5.699781962199564,2.0247001179760473,5.1598408663287145,0.3001838415665906,kyphosis
5.987307784688897,1.676274618446392,14.372837762783574,0.5296566979519605,9.645425234560253,-2.051970021033898,kyphosis
5.849860128448291,5.293147871065307,15.199368455553824,-3.3139292701527094,7.855265099126045,-2.4854084619488535,kyphosis
6.138003769370656,0.46132089818315103,11.660725525383128,-1.66993855632083,10.284455441429518,-0.13398310551260617,kyphosis
0.16829007269066487,2.6819685361740246,8.178523317257413,1.4075107120151922,9.431109994795026,-3.9026938024011746,kyphosis
3.1039910612177786,-0.9593053339065039,7.937500278349873,-2.2143692769538736,9.941333134469414,0.4744904128035611,kyphosis
2.3996138579134705,-2.998070648061578,14.709359775509267,-4.882283789393789,5.162972756164523,0.323033743966462,kyphosis
2.595174715355184,2.168112868573105,7.427738483720683,0.42945530265692555,9.973066153139463,3.8108156104271664,kyphosis
5.6563400834965325,2.5449538611346534,8.942860246203919,1.4909173911683775,4.401949590023085,0.8243694199266542,kyphosis
1.8837554928277314,0.24503336351580507,12.519868917514385,4.11736036596745,5.111252792165127,-1.2520855895253646,kyphosis
0.0675268573178478,1.1368278434505237,8.368632020324725,0.17780655327811595,9.485747066719059,-0.8727345132789238,kyphosis
5.213399768882975,-1.3281364220323923,8.877237872524441,-1.744148463187635,7.76416392160649,-1.1937185870625293,kyphosis
3.0614813837900954,-8.72091322857111,10.877925410165743,-1.519126394366912,7.588639487777786,-0.5789249433900981,kyphosis
7.762655096520825,4.237575774339594,8.29999347904467,-2.7824213248681824,7.406991545249781,1.3849380646610059,kyphosis
1.994320415163699,-1.3296432710397148,9.738415644276914,7.304780369766233,4.992222915116714,2.511139680179164,kyphosis
6.754344654465522,1.487394925808268,12.22998371709124,3.182324036268367,2.9843580289951053,-1.733498685097779,kyphosis
6.413316667902817,-0.544457531284047,12.760840524635197,-2.244027455689317,11.630100112034174,-0.5040702734313641,kyphosis
7.5889274829090585,0.7234881973290331,6.4289852978950925,-0.6064732319353903,1.8290607114224198,0.41931973293921165,kyphosis
6.363279428089663,5.61120389299986,9.618576634702869,-1.9930707185969405,2.3174854226734487,-2.247592805030244,kyphosis
6.7593000343064915,1.706975310150795,10.038777197396206,3.2089577577749893,6.841525369912973,-0.43365173295442994,kyphosis
7.799880014785748,-1.5988188950441433,5.660500378162986,3.9306782915199783,8.899468092382692,0.7551111970763631,kyphosis
2.317736669976496,2.1047353071465955,12.657102732554081,-2.074240599082651,9.232970868018128,-0.810042809055212,kyphosis
3.9898179071964126,-4.53725308126652,10.896850868374848,1.3358176363837586,8.874363688595869,-0.32495338609159974,kyphosis
1.903748459040119,-8.502712761148796,9.143783055576,-1.2532239269788743,6.46365583870509,-1.7895370616157327,kyphosis
5.33195802330656,4.3556915691532545,8.986183293723698,2.9858787995385585,6.462215499573775,2.6556784998586314,kyphosis
2.7503189239728707,0.009766973307655302,12.357580698224131,1.5242133593663738,6.415255498866015,-1.0924839710523306,kyphosis
7.732507761108009,4.139001198143245,10.599674651005158,3.0791344364379376,8.545901415649162,-3.1222977567263115,kyphosis
5.11223973752471,-2.283237085286578,13.126798486151618,-1.1425880925433098,9.229657555401872,2.886395589354054,kyphosis
2.0955990732933856,0.3805018740380255,10.250759858339215,-1.3169353445846075,10.939689523754923,-1.794043392157263,kyphosis
4.831798323962969,1.3330763374750543,7.667129978806979,3.7478745513691685,6.381660090258954,2.068870200924989,kyphosis
2.214837205044553,-2.589257555123522,13.946048293909302,0.06989660183631874,6.251212406131306,3.995423002864255,kyphosis
4.4131001251623125,-3.078387117636068,11.031304660824466,-2.7139977851319306,11.093029111757133,-3.6396161774170808,kyphosis
4.931620466200138,1.1086876928419256,11.416232817787812,-0.5103928986982569,10.85684091819944,0.40448718219526775,kyphosis
4.294268546152395,1.7996775452547786,6.820596816679583,1.0250207700564726,13.775829110837233,1.9379099606964507,kyphosis
5.773527451466513,1.9986267158042599,10.648616286243922,1.464277101328631,5.421897159398249,-1.6247252477235206,kyphosis
7.54758902841816,3.9798022191997973,11.733380090807458,0.554722052912087,8.824548405669077,1.1923800174602883,kyphosis
6.025068096265291,0.8138714666278726,9.18784729049987,-1.890146379208486,7.135129157115003,6.194091971684696,kyphosis
0.48176639126899357,2.283165626991356,7.754740240782105,-2.064912043701945,10.285566439258947,1.9182225377542323,kyphosis
7.669626112493274,-3.8101545271700887,10.924342356007536,2.234558634647755,13.497057250186455,3.3163208405525073,kyphosis
6.228359754013116,1.6103629277181435,10.48911068338588,2.5393862166301737,6.273896294972126,1.9061835907059081,kyphosis
6.600144726983473,-1.8500398303093855,8.452825107333162,-0.4652819402153541,6.430572552190913,2.938052229535763,kyphosis
4.269959801813072,0.6492297014493407,17.517147907874424,0.7654572986005407,7.483515917974293,-1.1945217321498398,kyphosis
3.8554084690560155,-1.4836493247086784,13.819470067779115,-1.8127115511965881,7.284926670319431,-0.7255047291646085,kyphosis
4.184658586027201,-0.29956569472189054,13.983966338690655,0.8607750485876972,3.648778396583908,-4.184264419073587,kyphosis
1.9160042925839842,0.9797238625541185,9.300278650659534,0.09860097624550651,5.010074065373754,-0.9882152565025907,kyphosis
5.069906566381587,-4.306929430155841,15.307686794115625,1.9426804595878489,11.09814129185438,-0.045058225159596066,kyphosis
4.387888357163391,0.8785184901800468,10.00429241614363,-0.9473793933723078,7.293971574718006,-1.8409188695629521,kyphosis
2.8782607934512896,2.6333724433503667,11.585648161141913,-0.7354750576672817,8.49749085421066,1.109611418256842,kyphosis
6.406256479883246,-0.05232931234903038,13.91398723786032,0.9778105845909805,6.852917864671195,-2.4742686822435145,kyphosis
3.5159762224112296,-0.17566901090972253,12.861465996182826,1.0442955027179166,8.604867823609252,-1.6616258507267192,kyphosis
5.758730370562562,-0.40430959023346613,10.805446409658817,0.3427653327503544,6.310121370759655,-0.7196941123298967,kyphosis
5.645357590006409,4.163026258703452,10.011791129959548,-1.728858724636262,10.982410240068454,0.5742606735732005,kyphosis
2.3733584466595135,-0.26892854278949807,10.18338109202847,1.4005650926935718,12.006068669111993,1.7533032350206956,kyphosis
1.4984265687918983,-1.7149268347444426,8.862261313976987,-6.625075273292955,3.984944071479702,1.7614560019840702,kyphosis
9.135484603140174,-1.1069409572498699,11.369551847591318,-0.6471921125624922,3.4593278516484816,-2.1439619430334393,kyphosis
6.150456595987892,2.3127026111187705,13.025650110938335,4.317031658943163,4.11137051545585,5.1563955130739,kyphosis
11.163030057714906,-0.3855159712719707,8.745018376392007,-0.9811636384512858,14.060551065988008,1.2176809371946131,kyphosis
2.5448466647674692,-0.09688150515858585,11.997610351616315,3.7139555859041984,3.699807030656746,0.25734677142211015,kyphosis
4.353989466849707,-3.638061780473582,12.188146511793278,1.9613101295935869,9.92665407329415,-0.27034784810440804,kyphosis
4.4165947382795965,-2.031611103607724,13.649875424405941,-4.338574899284516,4.01453337147039,-0.9728973544094411,kyphosis
7.326080860947041,-0.7141968614376175,10.698532028816325,-3.2196542587265573,3.649687760863036,-2.4129652543279043,kyphosis
4.972047275659284,0.32219927292416,8.065316684234928,0.7139867598613133,9.781585763008255,-0.2959324190197342,kyphosis
5.932119596359308,1.91197276476912,12.957899719442526,-0.030224174801064096,7.837635879780429,1.7555075172726213,kyphosis
3.1553055613154832,-0.6430463482979898,11.005579055406004,-1.2227794943044756,6.3133906265842565,1.5692252596472138,kyphosis
7.276514782033658,3.723007628517183,13.927754929173899,-0.29539625404482217,3.8585866601364116,1.9018325378639789,kyphosis
1.7344616698819726,-3.211511979799132,11.354949784685013,2.0206679158604732,7.784307957242268,3.764837519595788,kyphosis
3.5633801357959305,2.623961327616543,14.400420327070032,-5.046424914877749,6.525766266368981,6.446944448283659,kyphosis
7.738645613107392,1.2200709207637228,10.288436239365803,-3.1098138676843923,2.0697774333904553,1.5121338438937202,kyphosis
5.028914297910704,2.5139367570154336,8.646492077494937,2.9395583432214085,9.802417559035945,0.42214425917223847,kyphosis
0.46118983271573377,-2.974450357981673,13.444680680527844,3.880098414935815,6.324071502160522,5.648518801256274,kyphosis
3.8968796775519925,-0.4511397604158779,16.39780288650823,-1.0761461354636939,7.228286821528374,4.492706019981856,kyphosis
2.0496402965305704,-0.6507669064359076,12.838173274937468,3.075624234923917,5.602090412351979,-0.5500921157233841,kyphosis
2.988011551449267,2.1117245082105836,13.832011742937018,-1.136924439059873,10.993493233054057,-0.8765212482439487,kyphosis
4.199788159350094,2.30759484894966,11.802325154814143,0.7137833240989976,4.53033522465057,-3.889270796595324,kyphosis
1.677683793848174,5.22319698875999,9.73967831587084,1.0954282653490708,6.817855777897362,-1.7019297247465626,kyphosis
4.551577010767908,1.951419217589038,10.119780631365298,3.523076618059845,7.811895598833855,0.3392837608249354,kyphosis
8.097401318999584,6.02463916437116,13.27005665634048,1.3174862831752445,5.231401137969531,-1.6878112599305886,kyphosis
8.132282628076055,-0.7591256509389908,16.19444396299611,0.0690626063658451,6.917436840701098,2.1868293187942496,kyphosis
7.194641637576285,4.245029425761069,12.426218327158933,-0.2820911826288055,7.254308021179424,2.9772983459172675,kyphosis
3.2798430041218034,0.36036954336797283,12.077557395027233,-0.4434662936555248,6.716093588023871,3.762135077951736,kyphosis
2.167684904728662,2.9446189116358283,9.149419368628228,-5.462784246732591,12.302483914612774,-1.0131468480260089,kyphosis
-0.5299733439051355,0.15752605576514406,8.623273266461862,-2.3548545479032787,-0.8462866655850991,0.549763141991096,kyphosis
-0.06280314720631175,4.25488241297149,11.2072796329301,4.028392154364062,5.962709304699182,2.3633640075257074,kyphosis
3.1834655483469687,-3.0088965739091567,15.963450988150733,0.2905422502773384,3.1174118054004483,6.035095272302798,kyphosis
3.494152732824781,2.864823963175946,10.541886891976795,2.8829406358233847,3.395224109720477,2.372688003499775,kyphosis
2.4269483178815943,0.7096812544023341,9.233233079067485,-2.201018323196254,3.767194373987574,-2.5435412631232217,kyphosis
2.94077320772331,1.6661114921006532,9.77710956203946,0.6976195053756981,5.655053677945112,-0.32039007627779414,kyphosis
4.457532320778705,0.8765062321115844,8.52118239723842,-3.2576171483937015,7.263196559774195,2.889234385925905,kyphosis
1.796415736932511,2.8141918942846735,11.225774498016087,0.5858334714220887,9.911029351338176,-0.5062475072051713,kyphosis
6.368779771438918,-1.487234117504226,12.68673744452155,-4.680887954239996,5.454087449889675,0.7850796042089685,kyphosis
3.793255637454003,3.8355729854317255,13.840478436606354,-1.2434105697904267,7.8976377337009165,3.2453758274190454,kyphosis
2.677709052238362,1.0878382484154714,12.94399015448068,-4.461719853614775,3.353104018673266,-0.26784371485438674,kyphosis
5.100884984694784,2.6152961732398343,9.697578621922261,0.24134302538269137,4.373905928110082,-0.823926617576679,kyphosis
4.104739802885692,3.4064341704696006,17.591672854863972,1.58886579748091,9.88375712445386,0.8162131814428677,kyphosis
-1.9902057208260402,-4.187230160118832,9.30254913384217,-2.393539475538584,5.798563966993814,-4.552091177306584,kyphosis
3.9041904107565686,1.5369611551981028,13.04691492712204,-1.9084908529964224,9.766936296560822,-4.4301628962998985,kyphosis
-0.39217174850375436,0.10062875502103341,7.827543556863754,-2.0354105453174207,4.777850754910814,1.2474397341706536,kyphosis
3.419316243001318,-2.450579335500925,11.026364279352563,1.546761445730921,9.850626381678012,0.3650669288098167,kyphosis
3.1662842975757624,-1.8662269899710702,13.2131408021649,0.044598540355190286,9.197535386392518,1.1030292064601626,kyphosis
3.3174831299435388,5.081403100890031,12.462553330719496,-3.325697839824469,7.702980044775688,0.09391002563150636,kyphosis
1.7287437212195225,1.3657817755622164,12.51026863859761,-1.0751210783708531,2.9570702748861386,-1.4354046653025354,kyphosis
0.38375449114828175,0.4370282911763013,9.837310134497486,2.069201044686186,9.711251325727314,4.561604554915688,kyphosis
4.659388962056439,-0.8607403657857298,9.603001069844149,-0.7610567082429236,8.168130537956975,-3.399731999047462,kyphosis
6.315643727710981,-2.0899048215165985,10.034993560876401,1.589869074288681,7.455245614539655,-1.50485309533771,kyphosis
3.6457281957454395,0.44492481870764883,13.194565078097815,-3.920327581766796,8.976898280581324,7.8820264251516035,kyphosis
8.36464742568284,0.21601959574508833,12.806687062220746,-0.8585510744412921,5.116990546022573,3.55963984774097,kyphosis
4.656257227129585,3.3029703564247614,9.039590354100419,4.500244617051195,5.823112252188045,4.220828908715614,kyphosis
5.892580162634943,1.242900059520554,10.368437827993407,0.495428102889749,-1.103784563322801,0.7499552408033863,kyphosis
4.134743367583016,2.080540785079626,7.684344595127108,2.205846955149148,8.393521392127964,2.7664425089334665,kyphosis
5.5101291123040586,0.7278121681334422,9.974926471152724,0.7692486227665463,6.822907880209774,2.8955441399293242,kyphosis
5.609171882556227,0.6991239565348124,16.19335859892488,-9.091638871148424,12.51617244971168,3.492081165318166,kyphosis
2.649059152532364,-0.616607617036516,8.996290195422482,2.0306745252634815,6.0038868125265825,-3.4985894478155637,kyphosis
1.3056981355209958,2.10385411234003,11.857896385493541,-1.4675906973332475,8.55736007603327,-2.0456641231656003,kyphosis
2.733412915530202,-4.618592964426876,11.599681880711813,-0.05182189239591639,10.713693423181374,-2.9316961025630093,kyphosis
-0.130606693383724,1.623583789868155,13.417391613362042,2.8025645993274835,8.361561436248346,-0.79929724191534,kyphosis
2.9184062091661795,2.337830282635228,16.464326541806436,0.5159538524082874,6.383572364351064,-4.2206463251960376,kyphosis
-1.111572509503171,2.470729141590009,9.552539450150238,2.785192910560084,9.640253129174972,-2.0676154473407884,kyphosis
8.039681225305785,0.4741192752306583,8.587766749534039,0.06531544921353422,7.532060996674922,3.746480345739016,kyphosis
2.2372236995850985,-0.499566835716317,7.62598686072018,8.943457297706615,7.049988715516048,2.0912686910999376,kyphosis
2.9766485619534393,-2.0630477143435826,8.359721077032283,0.7873544293978294,2.299278973578038,3.9683216289869234,kyphosis
6.8042228559697975,1.1720308910303856,11.57273707911595,-0.7965949937114398,6.192080835743789,4.69590998940969,kyphosis
3.5270245468123003,0.011412883693090348,10.784155354383183,2.5912103449123522,1.4604439374483293,-2.2693064425963625,kyphosis
2.1231991637679677,3.144502518854796,12.981777544334161,-0.830359725432755,3.308356941204867,-0.5714205512280073,kyphosis
1.1903039871860148,2.45374309865158,11.945115651069708,-1.66071315485134,13.149679962573451,3.2390514637286905,kyphosis
3.208301135164376,-6.8578539136793335,14.4362124535689,-2.010199082387569,9.016691005410907,2.7609630570884742,kyphosis
4.379143180362544,-4.265591550223451,8.440610130730374,0.2790667811840099,5.416026211265468,5.926724315039412,kyphosis
6.012333476830814,3.068698358381729,16.476042502971058,5.435196719362559,9.20599272447495,1.343158148355566,kyphosis
3.5319316962327996,-0.6999116067805224,13.581643791555031,-1.303922705850073,10.634600592804713,0.7471400810772004,kyphosis
6.078747167329155,5.2790151676583035,12.995227621653903,-1.102912323492126,3.4395809995310027,-0.26266249222144844,kyphosis
1.7433641000304507,-1.6274377017039123,17.74582208984272,2.6598088749061146,7.605176675719918,2.3228394482750825,kyphosis
3.53068244105029,-0.7322956873731308,13.101516781958459,-4.5255416364151575,4.936770097922839,-2.909877710548907,kyphosis
8.519077014176714,4.657328617974594,15.103571569305785,0.09981378347923747,7.164471621622407,-0.20852575641977067,kyphosis
4.1412766211638905,3.3584952678738818,10.687696011691086,0.8753391348905077,6.462009191099549,2.1812044110845115,kyphosis
6.5784513131933275,-2.8821647224100966,11.970464489136834,0.871951587018263,4.574321685229403,-0.028140762062336178,kyphosis
4.218478572300304,-2.825565639103345,10.959864901878534,-4.474865674552812,13.458934150416418,1.2309420837990244,kyphosis
3.058943613529512,3.710261737947244,11.790169674324877,-3.268064550959846,8.459707555710002,-0.9917947446429073,kyphosis
5.07190314720191,2.889259927784668,12.926158989218067,0.35802851028430727,12.483623875720964,-1.826089382356653,kyphosis
2.5892753682024523,1.1424936139645763,9.518242942607234,-2.809123927105447,8.638084071284402,-0.6897536727260823,kyphosis
6.193868883628552,1.4573042751431577,11.879155887435147,4.566076836522148,8.421611540031925,0.9901076595609252,kyphosis
3.034943005323255,-5.601760036937711,8.710612397166098,0.039277495418220176,7.62402364552428,-0.1145996498033599,kyphosis
0.5888228659567978,1.0767793726874064,8.67933540336001,0.7544708342683187,9.024143825370603,1.1658688348300568,kyphosis
4.231568969872309,-3.145532784546876,14.107156407145787,4.5753249121860255,7.308572954259122,1.3258506683221145,kyphosis
2.5268656730123307,0.20706998756406136,7.866495704262453,4.4353669650810215,7.989785552395114,-0.46476820166706967,kyphosis
1.9065480257938328,0.9216284190254888,13.23949054558982,2.190892619187271,9.313204731792078,0.30578219814440527,kyphosis
4.584662752523117,0.07681390416843831,13.912477206409807,3.880906364815377,8.563295835053758,-5.512138431978782,kyphosis
9.130183278554838,0.3977061620123274,6.735102262773162,0.13379832317959656,5.43226793806926,2.9160276000663865,kyphosis
1.3554084534744142,1.2378524483435416,11.651917043707659,0.33806935050530873,5.554469754450615,0.6323391317074447,kyphosis
2.625187918839136,2.859288764390111,9.724840124759794,-0.9956983354946194,7.718181285068567,-1.7719188614322743,kyphosis
5.533650414179593,-1.7644930334278692,10.918740267355776,-3.948597313558577,9.07624533496488,-0.9325102045658357,kyphosis
2.08411847683746,2.352542378341123,10.80302899979925,-0.22037565605629061,5.407886964324026,0.7761862469347525,kyphosis
4.3940863961023595,1.7765017260257838,11.487387731030468,-1.4891378345645188,6.939677223862566,3.8985448166347076,kyphosis
3.408656541578662,-1.6279512061187127,7.721127155253296,2.1633363362721876,7.4701833924794325,5.924013940105945,kyphosis
2.0335697711053746,1.634763073603368,11.830930833059963,-1.714284499499224,2.611236028238431,-1.1620865460862055,kyphosis
1.2467837754004298,0.5584630366462692,12.830378065136838,-1.6610667633392993,9.518260893683156,4.3738075902596565,kyphosis
2.1239746806133595,-2.261936684103792,5.594919250181403,2.971521983747937,8.14597252489267,-0.5528442416835471,kyphosis
5.509283101360491,-0.9148428272310136,14.503750866380395,0.3108223183573414,3.9778528384481953,4.243878297585859,kyphosis
2.354043205148886,-0.9430718142764274,9.513740760127481,0.8813147072440415,8.19535143888952,-3.478843552420317,kyphosis
9.535824856391491,0.4187974103947635,7.630726924226492,5.281720335891989,6.195618240024479,-2.9121144523318505,kyphosis
8.959260338696879,-1.9615842175448894,12.892942052755057,1.9278531050951844,8.042738311058116,-1.4087165560494999,kyphosis
7.16665313299603,-0.8881827200329286,8.572344927230667,-1.9688074060674863,6.71710376385979,2.2532995422697857,kyphosis
5.3386468685240835,3.1604267558526096,14.022525497252493,6.763622263392234,2.550312229479582,-0.7291027229423673,kyphosis
8.737871530272425,-0.264081106016989,10.342096819850433,3.1205099191881898,3.5689756560967325,-1.6954412058288288,kyphosis
2.4991533524837823,1.9615573812168519,12.483848580732976,1.0945738518958397,7.007650291846432,1.5990632988789324,kyphosis
2.9192470354761473,3.7210840562584715,11.579327355075982,-1.0856867920432842,4.681567485760166,3.2221187188734737,kyphosis
3.4159825975428366,-2.039988577920073,11.504997526893304,-3.861900969013254,5.762588622773248,-2.238310396481149,kyphosis
3.1902278669601962,-0.6143936494921223,11.52969794707221,-1.7049019106679353,9.525948283208159,-3.2067869650067813,kyphosis
5.20015904476026,2.2748318703680934,14.457986288323358,2.096358293168998,10.165825669890722,4.644059449273353,kyphosis
4.830203653542027,-2.9051084271368937,12.615324190060429,-1.2096222512489407,6.198040345370003,0.37710240366336184,kyphosis
4.151963431253257,3.4471086100641095,15.815714637138484,-0.5876931039407902,7.203192918977672,-0.37918971441308535,kyphosis
0.6774809069413794,0.5189004509853332,9.14417996780857,2.857346549743084,8.317453478409384,0.8531348708626256,kyphosis
3.1188656709056453,3.40750242426326,16.370742159467397,-0.5030230163616942,6.765241078217382,2.173998698458916,kyphosis
6.320039147879217,0.5456311521402823,11.521229926438952,3.5761501193999385,1.1137926932584943,1.718702082569326,kyphosis
5.114597188073116,1.5283940778785976,6.694357665106202,1.5259581919672303,5.198862323312353,3.4366669503322567,kyphosis
3.6378331121347642,-1.967356841253892,12.014560216684536,-5.139478327736869,7.040935604828234,1.4775242303251916,kyphosis
4.434868021032028,2.074348786021845,9.454562394749578,-0.1648001854888801,2.9520673587103383,1.7921868059203638,kyphosis
8.660121326029396,-0.02343903327978314,5.646422799200738,4.137065435366626,5.25099797824409,-3.6910075480162123,kyphosis
8.839652564201511,0.0048505919527339625,11.339639753915726,-0.590657580450072,6.7599983456653545,3.0202918981728866,kyphosis
1.328698114793903,-1.4053336212852447,11.863535454109634,6.964937939209739,6.039545835732561,1.44762683688365,kyphosis
5.533163861652859,4.880729772805079,13.844441951671655,-5.772392946237689,3.446625136703632,-1.5219160250963015,kyphosis
2.852420817052749,0.08296314825401685,12.454308412426265,0.47000663843069035,7.546795665353719,-2.0450575588064206,kyphosis
0.2569190137895667,4.4612359378926465,12.81627905584015,-1.4750427420380199,8.734265281340463,2.132038025752306,kyphosis
3.2907331790881704,1.0280234980611418,13.976187462983706,-0.3488253916649664,9.554906941695354,2.8023304465206533,kyphosis
5.617261308141414,-0.22133225170449056,9.288898994784544,4.288534538370523,3.6805033163014227,3.2662178968325954,kyphosis
1.2191813258235484,-2.3390897618945727,8.080606460250198,1.7732383091050201,10.186709624198716,-1.1401780383408093,kyphosis
8.042612311304207,0.9621466351509117,9.073938002155304,1.130487135585717,9.858403825514571,-4.525771453378503,kyphosis
-1.5072833830142969,-2.3129945693443084,10.448585149331715,-2.2217335261908553,7.617265158541529,1.8036815745653323,kyphosis
5.407136201142826,-2.4355057393003663,10.655647349030183,-0.38983729271742684,8.950504302965188,4.5196940144591835,kyphosis
4.170805324849545,-2.998355414621927,11.3157812864675,2.491075916605276,12.764866464919349,4.559965699520249,kyphosis
3.187855183753635,-1.2168309889183788,13.149076967137116,1.4624160401190858,4.5449512569727375,2.3964166827764752,kyphosis
6.8023412810156145,3.4840293879314697,14.924071467348732,-0.3557621086228723,6.8313836036120446,2.6552282789706694,kyphosis
4.518721994630455,-3.5117625244945305,12.11419476770481,-2.3103046471519333,8.058769685055093,0.6563535995438061,kyphosis
-0.2181976991029213,1.3179263821944756,13.07802775799939,-2.3028350318948054,9.178889915720355,3.850347347171287,kyphosis
9.093026599295895,1.0043466369901097,11.367692068614934,1.8259229724969974,8.27633844612809,0.10110310843400999,kyphosis
3.913589400390492,-3.0001780860043468,13.264294001243414,0.24046878899258278,12.864060404741101,-2.5511512130802054,kyphosis
7.980062246440209,2.0954674971214335,9.530655076700254,4.860777786857778,3.391998015535515,2.0589946714019067,kyphosis
4.511994693204794,-1.6854981750353746,12.022852306939985,0.2203822397842175,10.537101657063886,-0.7317253712738342,kyphosis
1.0803367317707244,1.9165053709818136,10.179061851457995,2.110776250270501,9.769302739956121,0.7661890291332956,kyphosis
5.308309456821472,0.9800105924216919,8.998524144129735,1.1937896472047256,6.226225285181927,1.2004696373046826,kyphosis
3.654161794959055,2.766968182330997,10.056441497174175,1.532868689881556,14.894428207610744,-0.18302124551598487,kyphosis
2.8719529326403093,-4.201088860157703,10.672998515682611,-3.4234739884367094,7.732072108966708,-1.1922059723473937,kyphosis
4.5178485919464215,-3.205991967489422,10.401817132120371,-1.3783636740084257,10.69530306524871,4.200229352477753,kyphosis
4.327798311687867,-1.2345110447545564,13.212106457002896,0.2517141555199198,12.128117358173657,-0.2810672523271789,kyphosis
-0.8864825112081887,1.8514738545306022,10.224007990610078,2.0477079234700253,9.202655468451663,-0.5387724515987488,kyphosis
2.3597569099858964,1.2352050969830353,14.173139179746551,0.9083367016938462,5.756707134105826,4.054292540642796,kyphosis
6.428530894180899,1.9472745451728355,7.761853448332198,0.3391558815520837,4.0311170830624,-0.7379294598844098,kyphosis
6.539069709986177,2.449571601887624,11.468648455222278,-0.43777248735891117,7.13114346722361,4.321297463681385,kyphosis
2.02988094191748,-2.9432387231802504,12.64232266585522,-0.35833793963112304,10.584582096649612,3.2555184822138945,kyphosis
6.893111369327563,2.8898395558269057,10.571260999029402,3.458872756454012,5.163322265807851,-2.511658371280987,kyphosis
0.9902158775840495,-0.24767271307513683,11.563141704959,2.198234549955873,8.57340158357223,-1.3753415170934553,kyphosis
-1.2867339976843386,-0.18959989974114133,9.94024731916851,-2.3965081591487127,7.158080366282753,-4.139122439697044,kyphosis
2.7147779890802557,3.4692834603461375,13.24413942912436,-1.5397738378713823,10.140493598534206,-2.48426580907591,kyphosis
5.241586537449738,-4.535158185594408,12.587750028994813,-1.6672114622086665,8.000424013001243,0.3257780242850539,kyphosis
5.218045486576068,1.3269595163455907,12.918268406506217,0.7121636459027604,7.360633805705101,2.1140484355462075,kyphosis
4.782164128727278,0.7032285626062027,11.164344150118218,1.711478447098187,6.329078002156548,1.068688472245153,kyphosis
4.952066045863134,-1.1224963011828941,14.356804653377964,2.709016964985423,7.662909806866469,-3.0154958441722943,kyphosis
1.2964665481517823,-2.6126280587599875,11.839618161800173,-0.457043702466875,8.290991669466447,-1.1152095805491467,kyphosis
2.783309192796008,0.4521945503657313,13.358994440682364,-0.8649048177873198,8.766263658868132,-2.9741241755503514,kyphosis
7.5504623469548715,2.298998744062229,12.480284750712297,0.32444094856343586,5.233327239817148,-0.3177737621558572,kyphosis
5.088028820724006,0.8036526604988647,9.146254375218188,-0.7486279822130335,6.140608701224725,2.07271302566881,kyphosis
8.672666259195651,-4.504350418690654,9.114254668482143,0.12382964626254445,2.8371867592398887,-1.2579114753154568,kyphosis
4.519651252667701,-4.037209573703515,11.331494180065253,1.2398331008652381,2.9919578834647593,0.7385720867998926,kyphosis
2.9354550040836216,3.6797488635598588,6.857141037169239,1.1949561005473057,8.178478156912476,-1.7186847264126617,kyphosis
4.111380413927878,0.704610836323847,7.584714797665788,-3.92039227938308,9.644901784596982,-0.3516859011092065,kyphosis
5.158253775585577,-2.561005517618179,10.167380947561194,1.9163524677041404,6.310260696399565,-1.2211730000478438,kyphosis
-1.391113442512582,-0.4673236164998684,10.071856573324016,4.844962462808801,9.452874288925884,1.4724198713712928,kyphosis
4.8468954057009155,-0.15855908779876005,10.679004335205978,-0.2556734802063161,6.829284480589274,1.7271679051678719,kyphosis
1.6604219255235861,5.614136369192885,8.31026542818935,1.82585725417645,4.192012372811556,1.1612305042003621,kyphosis
1.3562133242664212,1.0354223528293756,12.55835575168707,-1.9415507896588902,6.708571633866677,0.8006721435439418,kyphosis
2.940416154483792,-3.344269521325006,9.085972107424531,1.9119406607853766,8.835265839518122,2.1112153338824906,kyphosis
1.8008908111218984,1.2050905261555513,8.949178847168831,0.1178625204644363,6.442435796833994,1.4839061504796982,kyphosis
8.407449131343498,2.564808957576633,9.730708077125716,4.708286439818824,2.712050073241449,1.3819209076278112,kyphosis
1.2806283116158301,2.107138734907369,10.690269091911997,-2.878226006746086,4.203691289470919,-0.3503219670704999,kyphosis
1.4891554342652338,0.9419052581256596,11.317061712837404,0.5558763874159142,6.084145807155606,-2.066647569310276,kyphosis
5.567192658822554,6.102316390514481,10.878085870392212,1.691075416792812,4.528677480335249,0.01684861650173647,kyphosis
7.538011316754559,1.3684937160869042,15.604539023466518,-1.9700070450073524,6.636626444215287,0.03201812307997126,kyphosis
3.502343615600325,1.8995711220701499,11.462067584054134,1.0941066407498978,7.831901196592526,-2.6268565665729113,kyphosis
1.6538322356472879,3.1269357261802844,9.633980951340817,-2.4073474671322823,6.294398520191928,-0.49353762042674976,kyphosis
6.382523745535124,0.15114489268024117,10.25030631375847,1.1419581433118071,8.15103912460706,-0.17118135952385138,kyphosis
5.667663681820885,1.2414316917357704,7.137358981483912,1.8342381200154825,6.091719979028637,4.132381556884569,kyphosis
3.022438332836059,3.8216160288616097,14.698704404652183,2.543667816745931,5.352440433350823,-1.883646449080557,kyphosis
4.767598093129554,-0.058178971083273634,10.871910411169521,-0.2681155641543287,8.5639614841875,3.8227364569071285,kyphosis
3.7531977638608174,4.666658148068809,13.066055810479416,-1.1958365733387335,6.4366212873895,-1.1353588281179618,kyphosis
7.811292952789758,2.729601448987032,9.887634022761867,0.11337573359791636,11.00268576541098,-4.1332336800428955,kyphosis
3.951704239320411,4.47111794060028,11.254075133833561,-1.212467947859369,9.918044333260932,2.402954409970457,kyphosis
5.913505390033373,-4.356244227404424,13.683531756026113,0.11144391868060077,8.24672478033886,-2.4892689372922883,kyphosis
0.9934855677048153,11.370227165993581,3.2500105903347354,7.354384801783849,1.7628770896874317,3.7541851508277433,lateral_tilt
-4.802117516431837,6.0576356515452945,1.172021904198976,2.248431875871555,0.4651838341220865,5.163141966318227,lateral_tilt
1.0137712878380598,12.520168117931822,2.4646945592659755,3.9109898598865143,1.4715777039199502,9.202647230143583,lateral_tilt
1.6182468578218199,11.179200934726474,2.5366728102964613,7.238061895863107,-0.0912871581638588,5.301387537705626,lateral_tilt
1.4699399277170297,5.550558126563729,0.20111035265725252,6.426620744710764,2.2229458765944843,7.988268131623328,lateral_tilt
1.5825582679825831,8.481298008148134,4.167353110972489,7.041722743744183,2.935056935177631,7.739163878704999,lateral_tilt
2.5082490104170603,4.788902329516436,-3.7641449891615197,9.695702368648716,0.24618426057663245,6.8478761999926805,lateral_tilt
1.0166476258009431,5.678413714051982,3.0419933300830877,6.322736593681578,2.055811993624687,6.162082566934038,lateral_tilt
-2.861332221515135,8.212622671270394,-0.9256905830930116,2.7944214408067283,0.5411491949588361,9.879163957618688,lateral_tilt
1.2447423527714028,6.529809365240822,0.8938826916514073,7.64088993283174,2.0016040958495918,6.082313384954542,lateral_tilt
-0.7414638516179792,10.312073433714579,2.2336187333884974,8.807443912851078,4.729184647004519,5.698423483594253,lateral_tilt
-2.494049322921141,12.357016934424205,4.525343805249603,5.660535152550626,6.1362872235119,4.11341415317789,lateral_tilt
-1.1642067445489164,12.514194895206137,-3.409331419035122,6.145843420319392,0.7315534539748866,7.755807250870687,lateral_tilt
4.938992410760521,13.480236018743634,-0.21023827958099917,6.172221653298793,6.088828641798987,5.556164339951968,lateral_tilt
3.2430951159757826,11.703096633807451,-0.0688123562971451,9.5411184681927,-1.891388042668341,7.388779009408902,lateral_tilt
-1.6571618843204448,7.250322413737419,-2.273815628043465,5.64726766964598,1.268073221047882,9.554907887650007,lateral_tilt
3.3329482935563943,7.64202107828322,4.245356701244032,8.397454238650282,-1.476558058443144,8.120195852532229,lateral_tilt
5.330950956469055,9.850044504307853,1.8513417647601733,9.15541861897165,5.620272760263881,6.191212633038857,lateral_tilt
1.5357180297099726,10.323092373276882,3.077361009598687,6.292070570163451,5.032445426482636,10.443337573820855,lateral_tilt
-3.979946640699705,8.535270890632813,-2.7555862537671842,8.013784127810414,2.7040855591709727,7.161018806079855,lateral_tilt
2.927364236509682,10.986036320518961,-1.2360070524829767,9.551376509828081,2.426215215199227,12.033885736621748,lateral_tilt
2.110246108755966,7.171471497153938,1.4847777171179466,6.017294814983469,-2.8079311604346193,9.625798880690887,lateral_tilt
-0.02750281022407286,8.057079712213095,2.7908500493720814,7.12223492283314,0.9959457075915497,6.022109069367894,lateral_tilt
0.42740687976833613,7.300079634628184,-3.4619647644752867,5.210047526627301,0.38011448168027595,8.0421826564751,lateral_tilt
3.1465798819762743,9.938904814575913,1.380486261605819,5.762359525485895,3.4885379761236863,5.84285928571405,lateral_tilt
2.282055591917116,11.477932612350239,2.2344177747547525,5.146317483732077,4.494610767578745,6.744984299681846,lateral_tilt
3.177544512294425,8.340305417921634,3.46999444514743,3.3649433689287087,3.3474236717619803,4.502659059386022,lateral_tilt
2.181583785798536,8.61142402722318,1.655563948560864,8.078060892429457,-1.746698433585962,4.12193335623214,lateral_tilt
4.262493004511036,7.166368885560249,-0.14382787139956288,3.9334362927895525,4.144032781441627,5.854657525395702,lateral_tilt
1.2621296923066996,9.334912874190476,-0.1711997669287022,6.072051575509001,0.45999644606721657,6.834719015119982,lateral_tilt
-2.77306599800649,12.525732451207176,1.779245040026182,4.151087081865105,0.7769917557708301,2.4792616787512145,lateral_tilt
3.0451712348251045,4.675627612489771,1.6663175457825008,10.343491826710725,-1.5210825513278645,10.535275976516955,lateral_tilt
-4.718641896765323,7.309843605555333,-0.34555757314125235,5.273469414933368,5.160480136959748,6.293101680926579,lateral_tilt
-1.3022424344203984,3.892657734380811,-3.4619393605701108,7.11817863027189,3.631368276836872,9.216448731894124,lateral_tilt
-2.128065747252896,9.8322293005676,-1.510671006487679,4.956785732802782,4.032947970978975,10.005622508402928,lateral_tilt
4.5163393086357555,7.466378241320511,1.4726317325392677,7.215966859888475,-1.250400569684158,6.528512927131279,lateral_tilt
3.8473929455871283,8.952177778706082,-3.0244352002733406,5.271138965482739,-2.735658822665597,5.432378463255648,lateral_tilt
-2.920141797935993,10.133697454879352,0.8488646119954544,6.67226533280243,0.8681122299980859,6.668489804398758,lateral_tilt
4.442501591975843,4.322132088011628,-2.4811682586213744,4.404095299997981,2.3409730471189407,3.968357168441716,lateral_tilt
3.4548563386297957,5.733167530676372,0.636474416011515,5.750766260167777,0.9662418885175581,5.091336741727221,lateral_tilt
2.45863753713554,4.311048875939764,-1.677727838329034,4.4837004188585965,4.32448591301269,11.19300127491524,lateral_tilt
0.41215313009491394,7.3115193944636445,-2.48719666101103,4.410324360954236,1.5476789063441716,4.260322973003207,lateral_tilt
8.420934014064859,12.234274397513836,0.1711202495396591,8.027677262776427,-3.8139184008321925,5.0838339224505305,lateral_tilt
-0.8327977217153544,3.685055453887247,2.483681990395577,10.968099911511672,0.3827041812763634,5.915023844460108,lateral_tilt
5.238929341206066,11.082974660907869,3.996087394914287,4.871393625340797,-1.5025238612070355,2.3332485329901456,lateral_tilt
0.43850458494464384,7.732379147687247,1.7940937544406976,9.358915112321533,-0.156841619990844,7.26623495072523,lateral_tilt
-0.6082457782123813,2.1959879963448925,2.5550758091683163,7.570882284428622,1.4941889173856129,7.979571769290254,lateral_tilt
1.55030282395215,9.341249472052253,3.029251452673938,2.582601572081618,-0.6809839608162556,8.01772595849708,lateral_tilt
6.382649238849741,6.72496139277112,-1.6871408811688526,6.824995564503988,-0.8995053299694376,4.342409317865704,lateral_tilt
2.55311844672745,4.0789614359048185,2.917099863672913,8.987919162896516,2.335868033634461,9.3434185356342,lateral_tilt
3.575403430865761,11.080973495315991,1.7321056216395625,11.308783719008638,1.550473285512832,4.6173988415878755,lateral_tilt
4.19531348948693,4.658673274044904,0.5844572549813681,5.788026476211512,0.6758173699284983,4.506837605078962,lateral_tilt
0.34036392623513567,7.484724107441492,-1.9454659594453745,6.741887296097,-0.12227096828251582,2.9631253442716723,lateral_tilt
-2.1137953693633085,11.186324475574828,1.7047856768263165,7.063174305037617,-0.9935952926752474,8.516905375516018,lateral_tilt
5.026730801052237,10.679256463997033,0.02572297048356864,7.773783909824215,-0.4362167635406895,6.531674225446748,lateral_tilt
4.978644917389856,8.553056627085645,0.2693892254001736,4.1635152627538226,1.0819340938894535,7.193963473715978,lateral_tilt
4.9919004434962275,8.095581797085826,1.9124207884404396,7.327167571015878,1.077658565997329,8.874416571222962,lateral_tilt
3.0230970772243824,9.699849352870697,-0.029662154554947806,3.982012531182554,1.8119539852752864,7.420576352959236,lateral_tilt
-3.9032597157559046,10.368865314466149,2.0063342745529624,5.512382869576081,2.650857636406704,7.772617087560087,lateral_tilt
5.059884613852917,8.8482990768239,4.334424120728147,9.277277861836083,0.9270682519335984,3.247994961844563,lateral_tilt
0.6923106433074385,9.423159444124762,4.138926138841892,2.735418986673449,3.438001354211915,6.875224417397095,lateral_tilt
0.025211509375167473,5.935691512563482,1.6275972570430337,1.3378368057908965,-1.0233667119872005,10.054511712441753,lateral_tilt
0.5005737213923563,5.831415167598751,1.1928644592563362,3.352337721379516,0.9944047088145472,4.486712185006911,lateral_tilt
-0.3079210970734825,12.866226578986554,1.7165156175345124,9.067877589732877,-0.9892941588015287,9.02089887416427,lateral_tilt
1.2008527438171246,8.421846464614385,4.585701839301209,6.924936349373174,0.4549859221971899,8.75455760135836,lateral_tilt
3.092270197507463,10.09975739288021,-0.38781319611150766,8.288091459728081,-0.3324842985648844,6.016622187942818,lateral_tilt
-2.467970174196135,13.013542116049452,0.28170975997938863,3.505105094148345,2.5588144970646467,5.9335718679235665,lateral_tilt
0.5264910961865585,6.231683601569336,4.189513348578753,7.896738207304548,0.912646248853418,5.988403699897634,lateral_tilt
-1.5609681833948859,9.460523054123655,-1.4319332681903767,6.769400138631357,5.3351048860565475,6.375265660469885,lateral_tilt
2.230372105296997,8.787112725694383,1.5005898650062353,8.671995845763874,1.730422070518315,7.0577608650018275,lateral_tilt
-0.944847088881597,13.567042790105981,-0.7310572272521705,8.656886479881717,-3.9475467337242804,4.924823762176907,lateral_tilt
0.7953878765072501,4.950307089322678,-0.7921911855160839,6.786190147046948,4.856368028435293,6.72868039358788,lateral_tilt
3.567096576772786,7.872205413393898,0.5399769306882626,4.069594455141687,-3.3955221916385874,7.198948866391402,lateral_tilt
5.085442591300817,7.118267615541257,-3.5485631105806954,5.545922261466972,-1.0005568384997594,8.85031416026311,lateral_tilt
1.0661389560965313,9.074810863544844,1.839506814301113,8.444494077194287,-0.5644326093294407,5.169251125657279,lateral_tilt
3.453395299516287,7.996450249807566,0.9309319218189213,7.453111637905247,3.6136506012056318,6.898484420803675,lateral_tilt
1.2594693448985526,5.376087720189988,1.4473260705642246,10.084084022044696,2.3420186730622596,2.3508423986255043,lateral_tilt
-0.21203027434723998,12.440431319353447,0.5643273230877484,1.8542712794372314,2.03088992271487,5.730764679025723,lateral_tilt
-3.8170837194981635,12.476989355428131,0.8790549347756195,6.801586902233636,1.6792089612500767,9.610062823605949,lateral_tilt
2.9595927038476475,9.187505745729528,-0.2881204925129208,2.7697449571365906,-2.5224018669800983,10.23801768167411,lateral_tilt
1.0948447449079401,9.17212696600248,3.7879435287785412,7.023372143336722,-0.20053608533099854,6.88738970497269,lateral_tilt
0.4183512165085197,5.4764116776023535,1.7811400461763005,9.60706723331707,-1.3154081587080206,8.817919972230252,lateral_tilt
1.6647290215055999,11.806758049972448,4.962855956359453,6.938935212314554,0.3305862031878879,4.4381231248090245,lateral_tilt
6.1201004794271245,10.317928148834872,3.276777116560213,5.490741415005233,0.6974474224760894,9.072872587648856,lateral_tilt
-4.477696413209898,7.875861154452702,-1.7495033342364843,7.0188557372218545,3.448149360717407,3.6330358447114133,lateral_tilt
6.119667489255257,7.488260357841685,3.7763241092941913,9.074010903549233,0.4982869540616759,11.956176125422319,lateral_tilt
3.8844006395283843,6.451532923753023,6.229506668491505,3.5276472048666276,-1.3058783226547948,8.1044016241237,lateral_tilt
1.9390088745109244,11.58082151303666,0.4201221913200363,2.6858439767828948,3.023146570308247,5.507569930247211,lateral_tilt
3.55035898530765,11.046343569125987,-0.3693467096464551,3.27624982569005,-0.9955151908953852,6.246050480522237,lateral_tilt
2.3216100645120212,7.077807562006577,-0.6345497847752968,10.021548733614798,2.957889140032937,6.685634256260569,lateral_tilt
3.178175341763384,3.3662836283602786,2.665059882457041,7.401889386659587,-0.5688500068601818,7.180720867812174,lateral_tilt
2.8895650689378183,13.521182527454249,0.2336813190429049,2.819114846223055,-0.07606924700178963,8.834876195910596,lateral_tilt
0.06349535454152244,6.491414314571857,-0.0394465443510551,7.928060525590599,0.2072429185650856,10.476608989874892,lateral_tilt
2.6750341531166537,9.792063164561128,1.0584549905302378,11.890874079323247,-1.4661012477481163,6.048263440512269,lateral_tilt
0.560041051620335,1.6367511158190382,-0.6027228274524927,7.512588464639282,-0.22353558623605108,4.886119559113466,lateral_tilt
-2.5256577969795,7.653327365290606,2.6829748743313724,10.16610597797145,-1.7050444626048402,3.4769605049387162,lateral_tilt
-2.3314955864944054,4.564145705670093,1.4732654739058453,7.519224342092943,3.873718410025921,8.45249884990423,lateral_tilt
-3.6479012092308007,7.720536066859938,2.7962533447680507,9.63086590574502,3.1915146996054484,9.841138935812113,lateral_tilt
1.7577948142930122,8.406091226584522,-0.328613475812334,7.9243972992604474,-1.4320697314573927,6.1895578473983965,lateral_tilt
-3.9937525131550746,7.5509387583079155,3.9717847364414256,8.64289597105822,1.4755580546122344,10.81159649120689,lateral_tilt
-5.504778923719729,9.747776266997352,1.8856591248051788,6.819818005936448,-2.566623027025868,8.589316316101375,lateral_tilt
0.25188096376336166,9.517119087849458,-3.8831002795478806,9.038480821688058,-0.1259204781416703,4.070421748818687,lateral_tilt
4.067651067182544,7.225265117835918,-0.8196807241163033,6.955426569280254,1.9061247039863163,9.229694086425686,lateral_tilt
-1.5675351932213397,14.50395915257588,-0.8997647418670784,4.34202571958293,1.4624064683552165,12.100334714992297,lateral_tilt
6.511058259187927,6.769837003338271,0.5567221232460222,6.329493674168328,0.2546186845002496,3.483201418601105,lateral_tilt
1.309402456698506,7.898189240027373,4.54220068462714,2.2471488143318954,-0.5277126561917933,7.935155220327609,lateral_tilt
2.1612042123784345,7.768105203068863,0.9592558994144273,7.7547505842516795,0.4579323744446415,6.927958496028442,lateral_tilt
2.2874296788883304,10.192485243437636,1.33745704363637,6.982154607875477,3.8085682177394045,10.796055076630449,lateral_tilt
2.5506713226414037,3.8952023026711426,4.062406721976047,9.762086908298324,2.5173565209665947,7.337940603356673,lateral_tilt
1.370113072748055,9.067572150972364,1.5033708687239427,5.020309834142269,0.1375420951073315,10.185680646835925,lateral_tilt
1.2160297159473743,9.171939472871603,-0.15645960680608373,6.9677677503127295,-1.3123145392981845,7.971061534193766,lateral_tilt
-1.068129718762822,12.21160465469127,-3.202952997028933,3.9341159440252595,2.5639782562663997,10.973603208904246,lateral_tilt
2.2097776468409522,5.038704951437508,0.7823427386229258,8.9693212898115,0.006128258635554995,5.060984096405992,lateral_tilt
-0.4495166893440008,4.691005473329583,3.2798157747173864,6.454664391229795,-3.7074586166793164,7.73321107251213,lateral_tilt
2.71183661992231,7.930268603085414,0.04550376650936805,5.923034619743195,7.325924171604224,5.007533327965306,lateral_tilt
1.8097670413026776,4.776789338899455,2.3374030801169368,5.885011654110748,4.00894513633365,8.11675902702286,lateral_tilt
2.9676438364863387,6.477590267685499,0.8163716445113482,10.394763580795892,2.3560599238302546,9.481570257448574,lateral_tilt
-1.8623194676629309,10.19492492724132,-1.8877576202918889,3.288180583956332,-1.617304375267266,6.1724391644797985,lateral_tilt
2.6367609910419354,5.835493221628104,0.6345851636339133,7.987135933493112,1.6472187892817645,5.466970268810009,lateral_tilt
0.6884508140051468,8.559950047538983,1.3943293197649653,4.623432945058111,1.2576955538271204,6.25112647200202,lateral_tilt
1.50545897709259,9.469199697582116,-2.6377130829177124,3.306408490386644,-0.15633241578344714,9.8914541289856,lateral_tilt
4.674033156499608,8.141046028219664,-2.312876439900214,7.546286397892637,4.394049082625348,5.758372369679384,lateral_tilt
3.8076120680669048,5.5869950000867785,1.8152350471216678,2.8492439119769433,-1.035383141494009,7.469854441081891,lateral_tilt
2.9311785294493395,5.60750886083909,2.427414196948604,4.794813004940543,0.7050472634815554,9.880871597404814,lateral_tilt
0.2884285884997966,9.341457613647588,1.1585440767036905,5.355788595802306,-1.6891262089372185,9.616781784439409,lateral_tilt
3.4338942655170337,7.122209399898428,-0.43926486643724916,2.951417008637476,0.6833399316308415,4.856393926131958,lateral_tilt
1.9955433193020502,7.745667365103411,1.6131487455739548,8.832666514302463,1.3713697589815972,7.158854761402344,lateral_tilt
3.2581345702398683,9.2094700695952,-3.6344378305062968,2.9380858656962765,-8.806000629045856,6.46887074321736,lateral_tilt
0.7447573974384858,8.914647566996681,4.7685015060388425,8.592477886584184,1.999991382359016,7.921243967097597,lateral_tilt
0.35580751752891726,9.308117968833905,3.4786898256363994,2.631075514659222,-1.7743753197206855,7.509859643789987,lateral_tilt
1.9824741044323235,6.997782060365468,4.991137404786656,8.55670606643536,-2.9124347336044485,7.83829314099327,lateral_tilt
1.9507626283437576,11.612602520558141,-1.5903392573963482,6.3712270156151805,-0.4770458702285729,7.938399240361183,lateral_tilt
1.2120291780588026,9.75808096133124,-2.157713788124413,12.264092093417972,3.3345260651874917,4.461046550873638,lateral_tilt
3.5564323030012015,10.941266472657912,-2.478859915092503,1.319662209758783,1.3933664191826942,6.48766881439598,lateral_tilt
0.09197566489344955,11.30171426605649,-0.9548932457378043,6.166803211927112,1.9630316306483857,7.51371606890005,lateral_tilt
1.7857718826481195,11.271111504307232,0.8045087658910355,7.23798842039709,-1.7233565942802658,7.987203725006444,lateral_tilt
-0.5162740725639554,4.664688266377871,-0.34805099497310144,2.2799141870058044,0.559664505723054,5.49813017340358,lateral_tilt
2.8063019161059755,6.463285866905824,-0.8328434748248523,5.361643942136719,-1.547012993976784,6.1153525929497405,lateral_tilt
6.913803630516392,11.421450910683454,3.4365515712182955,4.002947826664876,3.56193528070432,3.9440884625319024,lateral_tilt
-1.2671757288351415,5.371609544401783,4.1362653333445945,5.4225094994504675,-0.3679794722062275,6.403486170713432,lateral_tilt
2.1710331842364052,10.214140981284277,1.4273775517801075,4.902016165624605,-1.0704514096837703,6.609309158237393,lateral_tilt
3.2169351762583878,9.979170124232827,-0.8045535098608534,4.355667058487452,-0.4233785589528438,6.038019940989823,lateral_tilt
2.889355445107231,9.68159940747503,5.935231103589937,7.827003959181824,2.5135112619068667,4.317024314832377,lateral_tilt
1.78899184669977,8.791270131189677,0.7255837791589956,7.449249193542782,1.8039613509318904,6.221332012751995,lateral_tilt
1.6465222934294819,11.977083870441609,-2.2695714151424804,7.297020849070639,0.20023180499271542,6.947697406542308,lateral_tilt
6.240308190635867,12.781778528190681,-2.602087445752698,6.614902340122335,-1.7736388886155492,6.393542409275516,lateral_tilt
-1.4980108127391079,5.763764097912759,1.9192406659875296,6.14931103612393,2.3611496738186557,6.161210419917335,lateral_tilt
2.1399428660469275,10.789559453994011,-1.9981256055516095,5.59206110316796,4.129868636282893,6.458953220904072,lateral_tilt
1.1589446243059598,7.8243240808134775,-1.1457713825162583,10.53217092676782,-0.10857354558758914,9.366545770826091,lateral_tilt
3.8366367683415588,8.396272238556552,1.7248140325109758,8.92622114903345,-1.7933175223280866,3.854338426581779,lateral_tilt
3.091383017183161,12.035072838904968,6.606523063156915,7.045846876105402,3.6545416149743293,9.419829871912475,lateral_tilt
-0.29463303588508905,9.224777935094158,2.7896595308530663,9.790018549296246,2.6359703351519084,5.653037905381528,lateral_tilt
1.0323562088158447,9.067329859500619,1.0386551033957407,2.2026739676153824,-1.5740274277235016,9.617386336070524,lateral_tilt
1.6165934164149143,7.913552425952031,-0.5022322597594082,8.220649276931034,-1.0859340307378038,8.369347446843902,lateral_tilt
-0.26384486819615205,6.694131488462427,-1.3150991815690858,6.649774435198759,2.6422467657991184,7.309386606310692,lateral_tilt
2.280155329316846,3.722101686848781,2.9456760754546796,5.08138179692912,-2.157407342168307,11.503821019580466,lateral_tilt
6.555435250218446,4.044712295037928,5.377942838914718,0.6424022458703984,0.517546580598276,5.464904596126472,lateral_tilt
1.0048159246265995,9.06851269747905,4.051563502639897,4.275388072647146,3.1695136488561144,4.598051104387775,lateral_tilt
2.1353192176785885,5.913505100983363,2.542627447099316,8.126669071980215,1.9797031556139615,8.064777417753529,lateral_tilt
-1.1766660154754458,7.913731162135273,-1.1608024257506393,10.472868254091143,2.7212399364039164,8.252823190161442,lateral_tilt
0.28342202952682705,6.679024216895725,0.7744859990226683,4.218529504555933,1.1584584815942955,8.75347473452375,lateral_tilt
3.6131832426052393,7.145566909970995,2.3094536738823965,10.685676915177826,4.788295235809505,4.747697203614618,lateral_tilt
-1.031713908421232,7.240694157926366,-3.599897205373126,7.814843200636626,-0.11448828456704252,7.609727354051127,lateral_tilt
-1.482433427547842,4.060044382595269,-0.18181559606454378,4.047633182466576,0.07134494728078633,5.072965923464777,lateral_tilt
5.084062549552366,4.75341125712697,1.2786267898933814,9.48553620753498,2.655421884868749,10.252755157560232,lateral_tilt
-3.4958624178615647,10.110971133845455,-0.9632918097896204,4.803763173781945,2.239413932538776,6.236251342365867,lateral_tilt
0.00654734738714291,6.572394607146989,1.076045117365299,9.002051244421036,3.992946328654782,5.045819819132781,lateral_tilt
-0.6190680312422105,10.628524841906636,2.846486545858033,3.210506479454647,3.3048409450190417,5.835122554819873,lateral_tilt
3.5574714800083034,9.645794847813605,0.9038546014097366,4.712981852521324,-1.6842321154936606,11.486312120980529,lateral_tilt
5.3621036560456465,8.661978375308452,2.3102435658889187,8.413593735937539,4.402516761924434,10.694300738255187,lateral_tilt
2.1137467044857816,8.292166185696265,0.16203207121429086,8.558557961405779,-3.2615548954427895,9.364083568919074,lateral_tilt
2.7609126642960247,7.261962254988163,-0.5532477374055995,5.739137822365121,-3.9420539223689763,6.217677582024964,lateral_tilt
3.046390892444811,7.958170527108846,5.764191027537098,5.8519454674897675,1.3088230046027325,7.310961917269286,lateral_tilt
-0.5707344008709976,9.02421515893622,1.1004963968651378,7.643854835011953,2.1270308408295,8.084369023371337,lateral_tilt
-2.9297417056161095,5.760402092490105,2.3921753959885077,3.7388704303625095,-0.6775371141561339,8.083854026181323,lateral_tilt
0.9435626819378677,4.900979673002932,-3.4049219599635263,6.849553396295527,2.1950945379807085,7.596247314182635,lateral_tilt
3.713942704237612,8.368815359842376,5.254211966167128,5.809161762389457,-2.411690814751354,8.084374214902406,lateral_tilt
2.039171927334047,5.708872862039881,-0.08136560684155036,8.969653956016273,-0.10225547152713887,8.148010453998824,lateral_tilt
3.7944204944878432,5.80421233342693,0.02400965881121586,7.397293959351649,-0.6420886717360761,4.400516938679413,lateral_tilt
6.121657672416376,12.417136768034466,-2.469106452733601,7.997724398159523,1.6841502980312546,7.439184281229449,lateral_tilt
-0.921209117404739,12.265368101937366,-2.65442297141926,5.4028750238045715,2.9251252722939647,4.152346230959123,lateral_tilt
-4.645423576372546,12.497808102091835,-1.651912109156344,8.182834230582422,0.7158578937523995,7.762713511766883,lateral_tilt
0.49970084674717263,9.001846351895974,-0.6579142931398907,1.2434982701974446,4.514118993769909,5.316150880256893,lateral_tilt
-0.6455400794290669,8.231387795514376,-0.5656600229436621,6.307836482490845,2.407276650712713,10.283682903313093,lateral_tilt
-0.2411527244667211,8.722995491531428,5.460498814718374,5.796991011493082,-0.6782689784277152,7.308547833752403,lateral_tilt
2.6114799876828227,5.692713306381073,1.884588100222192,12.757929477264277,-0.8827933265514498,5.790039150998617,lateral_tilt
3.2480310966799664,8.182001540043892,-3.219103276307992,7.682037674819581,0.30096820023830806,0.19386464752015264,lateral_tilt
1.9153515326958266,5.909177007904592,-2.0743536384197325,4.361293260186047,1.8108642779873096,6.31593097401683,lateral_tilt
-1.1308236740079884,3.917073870753181,-0.38883611683838715,9.044892631073399,-1.9834394213582884,3.759878267940179,lateral_tilt
1.0532977809800412,6.437085250636155,2.6822277037344624,7.065595221668554,-0.5373602562901079,9.79483455681788,lateral_tilt
-1.4232881627161724,7.516997490794525,0.4246304199564027,6.585511711345188,-3.3312364874183187,4.863438395612336,lateral_tilt
0.35752041543692137,11.139235622207874,-2.7205669207686256,3.757140325573841,1.192696528453734,5.443320583619043,lateral_tilt
2.7563656161354544,8.078038156460126,3.8302267983068408,7.207827055798813,-2.7329745305223283,6.74485902342788,lateral_tilt
-4.6919801671927175,8.79165437792376,2.05272502327193,3.9222348667643416,4.79834087772661,5.7171818840892925,lateral_tilt
5.924782669138983,9.39103145883594,3.0749063521513964,4.847157219522569,2.600066545960823,6.498572048360579,lateral_tilt
1.3051931608037102,11.295845341982819,2.173935790161111,2.9515391105098985,4.772297235667258,7.559987422252622,lateral_tilt
3.3419083629197424,15.785273039420904,2.3471508253615885,3.307288594172203,-0.5730844084685485,4.292028883334876,lateral_tilt
2.083987703153941,7.835429085882519,6.092007637409633,9.193234182539232,-1.090487126760427,6.955344612780666,lateral_tilt
0.6634903636742611,11.076096964091978,2.2140822547167995,9.728672222663409,1.6812949755739828,7.767507650013404,lateral_tilt
2.2293318134457727,8.63792659467866,1.335277455715334,6.498478794194276,2.222826391623219,9.991567802068106,lateral_tilt
5.290290450887608,6.778263916386913,-2.9688823615835522,5.722571333784819,1.0250528793514226,8.006290524338304,lateral_tilt
3.1735959288561713,6.0873860485595515,0.5196838909716378,8.741249175500414,-3.7833508368070072,0.1489339449126721,lateral_tilt
4.468567879205,8.0035770327976,2.1030749766113535,1.3464864399427379,4.290440203825055,8.075906603766246,lateral_tilt
4.686632810095853,8.716902688656617,3.111804513783553,5.16790932805019,-0.6567287087200886,4.951833839526571,lateral_tilt
3.8884714279496273,5.739935916319036,-2.193830778162905,2.7743811917523833,-1.2345410764540317,7.366035729606509,lateral_tilt
4.40375762120494,10.59986134935507,0.3378081093868359,10.714254385087429,-2.764369501410416,5.384394189633514,lateral_tilt
0.3036143332057044,7.2004146356869345,2.0891515752084855,3.1688755475044874,5.0546843694626284,8.578546515681015,lateral_tilt
3.4976701828557486,10.985946827480117,0.8153286260880672,7.820090011369911,-0.3953331491436267,5.0789112077412675,lateral_tilt
1.6227368282641788,7.844416076542861,-2.5792688300616167,5.410722919038157,2.7147261410947996,6.917813787118915,lateral_tilt
1.6007692483256195,8.108976803017994,3.0373251539139012,8.409170374297489,2.4777263283130537,8.001843134229032,lateral_tilt
0.43350090928490737,9.763153357935504,0.4882046044087853,5.5824434631958955,0.629442777892198,6.023977033945917,lateral_tilt
6.421893273584897,9.927352484855495,3.1493387043677608,6.795875164137943,-0.9015016610628477,7.978877938150235,lateral_tilt
1.8433533114127614,8.344778254464282,3.77410661371309,9.105476442457544,1.8640508616286147,7.58321260271968,lateral_tilt
1.8036964483226443,8.523067482488672,1.5850565062152855,5.033263528095318,0.7659774415840838,5.122081950940303,lateral_tilt
-0.996425966206099,8.064332413832686,-2.6799582169926905,6.757793956114092,-1.1992934034613913,6.321758592130899,lateral_tilt
-4.389258725318395,9.614399628042822,4.736465894405856,11.268726681383171,3.7162003072259546,4.5565897062907235,lateral_tilt
6.219062801565013,5.315406687164489,-1.6130351918763701,6.536735238860917,1.5968448132283914,7.965416244995971,lateral_tilt
1.1132741721636132,7.193963179056227,2.5846936102253437,5.082966705494152,1.2475361237181433,9.027284431539242,lateral_tilt
-0.13435507451741868,4.328215344134675,3.0885074262123426,9.332315968252587,4.056779482079827,12.151056746111747,lateral_tilt
2.130009403004821,7.811294212052444,2.297710463237056,6.955700558844674,3.5925133109228966,3.714501175942227,lateral_tilt
1.8465875713261275,11.16356180899395,2.0452799891113536,4.562994554661177,2.2904075573161733,5.668483108316259,lateral_tilt
6.238768364978388,8.332474895686948,0.42417906559072527,4.445797934237444,1.50008446828082,11.058823027229515,lateral_tilt
0.18074647019848578,3.495734995686166,-2.0182138092673245,4.871781337542045,-0.12685069325687892,4.579678505369183,lateral_tilt
3.043571577318311,11.996209982673303,-0.8835355988996811,8.452938340718998,3.219509838947121,6.461529277849809,lateral_tilt
1.8527862417639824,6.348903829832917,-3.012462350360149,8.235815952873248,0.6655515686969008,13.431880973111184,lateral_tilt
2.7495540899345237,8.806227313436137,-4.177850372386667,6.718393563150659,0.09692451771406763,5.172967185978117,lateral_tilt
2.1132293565923383,10.114494104009278,-2.306252092298469,3.9608419228004355,-1.3622718067126676,8.345529013730642,lateral_tilt
-1.9236594366401452,7.94083357049139,5.21206470947934,7.3265331527260145,-0.9356748060101368,5.586625118747264,lateral_tilt
1.858514902678261,10.478743589932392,2.238391811300314,6.070473840493315,3.4015330812587132,6.6334205648909945,lateral_tilt
7.372771395062582,8.74997040941388,3.17472267062323,5.662142153054519,-1.3045591408005341,6.6616644151922255,lateral_tilt
-1.57373789427022,9.947690752188757,-0.22980808596488278,0.2720964796213501,5.528889432984783,10.041808731244867,lateral_tilt
4.224073807272903,6.351501972956998,-0.09821326076604131,5.3243607093341065,2.7931588594580377,10.746365901674634,lateral_tilt
0.820674900325729,8.303529017714109,-3.8743291548874774,9.49592142343365,0.8417419430466582,7.0358410554394,lateral_tilt
0.44604422139926814,6.624943296085707,3.4126403630780144,9.387493901354045,1.3019755812527758,7.484154411291998,lateral_tilt
1.5073149166985942,7.180865559554157,1.2447709785291345,6.508956504581958,-1.6766709285414922,6.513340762438301,lateral_tilt
4.681070957041489,8.523488386439624,1.3435146318175086,9.140721209365307,3.1372598065910062,7.993819391432885,lateral_tilt
1.5335512134711606,9.767289300340776,0.7667922776024408,6.399488163659052,-1.3860965657274082,5.745020099546989,lateral_tilt
4.266154427030179,11.069296871948833,-2.3255400647370035,7.288807352300633,-0.056239738581084886,6.880352680868107,lateral_tilt
2.1275088578753665,7.626845286630096,1.2485354276221032,10.541304136284372,-2.7916563657148035,5.351689663057082,lateral_tilt
0.7042474647391649,7.042192921689255,-0.5540519082729687,7.7168537553951495,0.7824619417046565,7.493283530725666,lateral_tilt
3.433869037767545,7.935693420969663,-1.827352915472401,7.639117275221487,0.14914879279274273,5.016947006982414,lateral_tilt
3.78913451064586,7.272817762766086,3.7660389762940216,5.170171229269769,-1.4721808690889597,13.580965511693746,lateral_tilt
0.42524973698028323,6.0258725845890915,4.994063605390336,4.783488670379498,-2.166579987766524,4.885776721383694,lateral_tilt
0.8302531646037532,11.396179991183319,-0.9719455068037453,9.559484056282912,-1.048353981836434,9.373241245938289,lateral_tilt
2.80999738896082,6.11710623811227,1.0318576644488808,7.407489258581719,-0.2425767266647718,4.065924018633006,lateral_tilt
-0.9848023229384837,9.483237845416202,3.682283140512025,9.266142880736611,5.751622604305218,6.385379206390041,lateral_tilt
-1.8441854652192102,8.679171384700611,2.33042904654646,5.894061354737222,2.4232233081751597,9.405526446452745,lateral_tilt
-0.9643325835686865,8.712432406589569,-1.1344514472266447,3.7802674697268537,-1.52026626690107,5.289394548711891,lateral_tilt
-0.2643889055679949,8.718012480093167,0.14847916916510462,9.618259126661695,-2.718436116009942,7.338728430791905,lateral_tilt
5.353302862003302,8.686714606592215,4.134995464692313,6.556250970613599,2.9443376181196363,8.90949943090815,lateral_tilt
0.5208234762399189,5.672328425162572,-3.9063018786686596,4.094646929524038,2.2300101352573996,7.00055986998947,lateral_tilt
1.2621878061163254,10.915349152152622,-2.730189015789076,3.679146074335543,1.4137289103328508,10.181208327121897,lateral_tilt
-2.40042706282486,8.86404249206723,6.093310360927384,1.7699160687858253,-0.028151076208708936,6.844659833826729,lateral_tilt
2.0712054442954795,6.133588703680463,0.5845947397512636,9.326316548843277,-0.40770269263093417,7.077017837494875,lateral_tilt
5.351880941291931,10.538985611490407,-0.5162058869873074,2.44256259499109,-0.08698673343054253,3.9663415996176923,lateral_tilt
4.243712428382909,13.171317970182727,-2.129834823057987,3.0154558803144864,-3.5476275382563696,7.460298495820424,lateral_tilt
1.6727129818106778,9.621033123697774,-6.226570791545208,7.385773453797151,0.33170744208047775,9.258801709508754,lateral_tilt
0.5312717127364149,4.973831458968062,2.5812611052304018,3.2556790607969184,-0.7233226702001798,3.344723862011463,lateral_tilt
4.023964919727985,7.835189514818918,-2.986433772646391,6.243378566373421,1.685097101623258,10.409018237999248,lateral_tilt
0.40393158196181655,8.119952735918256,2.3290039038742085,12.249922810966183,1.0939083784527792,3.3966456357115757,lateral_tilt
4.722829588593612,12.573296293604031,2.44101641372493,1.8797247190286583,-0.19881248657946005,5.695583356752321,lateral_tilt
-1.5212055106726905,9.582659866853298,1.8302086621786504,6.033908960446115,-1.7826602529679438,5.801615143359789,lateral_tilt
2.471618115083277,15.503432474087447,0.12844594015483946,5.282082042427138,-1.7215871076475966,1.4559772996199634,lateral_tilt
-0.6052467243034716,9.304131648978965,-2.3681917209318257,7.49678200447586,3.065364040101289,6.07494383540689,lateral_tilt
0.8016243823576958,10.588333588412087,-0.12732775901917126,7.340188531263366,0.7970170396613256,8.250282074052167,lateral_tilt
2.748897270623007,9.397120181697296,3.0111060934543445,9.472015602982891,1.7203751038506367,5.33738520499222,lateral_tilt
-0.6393564498787678,3.8656693969521916,-2.16480399796714,7.655385240149194,1.4572864090506399,6.7270172637486185,lateral_tilt
4.336599249552642,11.305508333233423,-0.8797932761624765,9.957839116945381,0.4917042864562331,5.29961908562045,lateral_tilt
1.9544530814679004,7.8435608517109445,1.5360474442101204,9.703458495309087,1.9341335140528706,2.2757412909461365,lateral_tilt
0.4471744129972899,11.881897576536907,1.9198268319323673,9.495563483003217,2.1430620298733594,6.28614593673194,lateral_tilt
4.749678108826512,13.026306196052483,-0.9851043594436371,9.537360267137423,3.3272184569795935,7.264425958810308,lateral_tilt
0.6705530705696945,5.711956930072702,-3.0214782406482152,4.517163340965158,1.77634909478551,4.023135498158322,lateral_tilt
0.3490191683583621,6.998733411465092,0.7300764637825443,9.173209265987957,1.6840364529142628,6.479486855025085,lateral_tilt
-0.46930608316379785,9.337901416337795,1.365730668108591,5.5928609315659825,5.90888208385954,3.18134660970324,lateral_tilt
0.9514691975698241,4.336538404397501,1.387320312720289,4.373586526241415,0.03104777186107488,10.636346152219394,lateral_tilt
5.085002509326152,5.553568038074566,-1.416597923011495,10.01079070498738,2.6818919679985544,7.613089619735591,lateral_tilt
3.8741037465413353,8.48081484078874,-3.4877333679563476,8.629822676977106,2.69409275481222,9.287169495244624,lateral_tilt
1.6644617236868737,8.349613751487182,-0.7020740977397868,4.318037616180893,2.9492404554487357,4.699619421355786,lateral_tilt
-2.1929110407809542,8.944574499263586,-0.4757278989076581,5.175580735192399,3.756730115185946,9.0121398454502,lateral_tilt
-0.581191554308472,10.447826563970882,1.0383756858319464,2.556929072701248,0.5509240681862116,4.874505635463361,lateral_tilt
-2.5956141477363337,7.236381975866182,0.15100819547682498,5.223290154510873,4.028568759081076,9.179311060460341,lateral_tilt
4.171373896138249,5.807613647805134,0.5785723318280253,9.944935834813535,2.7117871351247302,12.37176573484263,lateral_tilt
2.8030394779718124,10.032063304173302,-4.410829053357001,5.4462925070840935,-0.39557565599446076,10.180496385625244,lateral_tilt
2.970393161089662,6.265416948402274,-0.9661887519144905,6.043537803968896,1.080662026928132,5.61351689891862,lateral_tilt
4.436904500582596,3.6919592844756197,6.090030142077489,5.887068945371536,-2.5779708330893802,3.2039607529282947,lateral_tilt
1.615529009177293,9.003486396788203,2.672340284514817,6.017111937876052,4.735354743167063,2.0540377085672894,lateral_tilt
1.5654628729644962,6.728779746177272,0.9782181513736543,5.41236849941035,2.5973920355318634,3.3049943617395394,lateral_tilt
-4.228232017210163,9.341780738551527,-1.9712427269919577,5.2046648583328565,-2.9258145356325413,5.654407174813027,lateral_tilt
-0.9610326154380302,5.999323693058029,-7.281413581281083,5.468949825375232,4.770776871868876,3.3627695867767238,lateral_tilt
3.9298258586015846,7.519425971639941,1.158572342593311,10.695449805312176,-1.065913213164671,6.817576420296804,lateral_tilt
1.0456661559602352,8.09990331605164,-1.5534537153481638,7.313712780811544,-3.736452876180757,9.748961160819174,lateral_tilt
-4.121241336249138,8.491297878566995,-2.0127408175575727,6.137415771178943,-0.4518527263911256,6.6957782857818255,lateral_tilt
2.520240146424861,9.583631104248703,-1.4582327769477728,5.700419339679802,3.3353536055842365,11.00226997972229,lateral_tilt
5.391040088929417,12.44736273179494,3.132238387984522,8.486896306179835,-6.546391926419481,12.016021594282343,lateral_tilt
4.593661479333846,11.87173299661378,4.745856693743214,11.4853093518361,3.1966371254509474,7.541386845945515,lateral_tilt
-2.430576360195324,8.687218960928895,0.03134774996214462,3.383595084601434,1.9748639984585918,2.9223309370125525,lateral_tilt
-0.35290667158707323,10.791419034444253,2.819348889960378,9.14356821778534,4.950849427057424,6.797961067091106,lateral_tilt
-2.85520614426491,7.257368782910794,-0.33805145220676347,6.636737163436566,0.35308897031905273,8.103549399732376,lateral_tilt
3.6325379706087437,7.292805701772163,0.10470033908416487,6.60927599247996,-3.759398514111483,10.057019805333521,lateral_tilt
0.08048039453973654,8.609751332808472,2.081359070998505,8.826333298311479,1.725219749088581,5.347897008118548,lateral_tilt
0.0620338758912089,9.770030727636499,0.7702479422644298,4.717019239084669,-0.6003662627342494,7.565760519362836,lateral_tilt
1.2495680780331084,7.652279263682932,1.3373149119417644,6.740023169992625,-0.14935348765759793,7.505186265403283,lateral_tilt
1.4894952115221098,8.339490512618216,5.06340589128271,2.5659274447075386,-1.4768422968532104,7.930203696668466,lateral_tilt
-1.288116340942035,9.202227816502928,0.10422436030855942,5.11802270613705,0.06983918667168532,5.511735755765044,lateral_tilt
5.089641160214745,7.872915820471923,1.5114169761863157,10.613387380676862,-0.4026271300556701,6.412087804372257,lateral_tilt
-0.22319155788096934,7.013755693933194,-0.9124903753159816,3.3008803791268924,-0.3728162024739434,4.1894997576325546,lateral_tilt
-0.5733009359034247,7.9820957772649,2.2789275461327443,9.675220063137242,0.04690678181781627,10.237517874846045,lateral_tilt
0.7946876421556626,10.231939424270594,-0.7771587767085224,5.98823191619428,-1.1610757841838444,6.033762774193025,lateral_tilt
-0.5341614378438817,5.211404335281845,-1.124166022528471,8.987171734469847,1.8001454787331115,5.665388390462703,lateral_tilt
1.1259101393705186,7.6791976432736,-2.5424448953513856,6.374798502858834,0.9690851543940887,10.679272245904725,lateral_tilt
1.9442451144755997,9.98782796478442,-1.1866479603645097,9.74673322748356,-0.7782997763664201,7.704795051877625,lateral_tilt
3.2217818613869236,3.626024568184918,2.3243443083417628,8.168047348261322,4.547661033393803,9.459340109758909,lateral_tilt
-1.8468092653389334,6.6780245090565415,-1.41417046001604,5.295707372661186,-1.1269568715703837,7.606507032637354,lateral_tilt
3.6641866279184243,6.388242503242543,3.503292394421341,9.789554600040557,-1.0945576529194545,8.616859838546612,lateral_tilt
1.7071621046724903,9.811461707619037,1.9833416888874174,5.659833258735648,0.9254905453713984,7.672012336098078,lateral_tilt
-2.276365125923741,7.5640249169827145,-0.9194607370635774,4.18371686305063,-0.6925279419758588,5.666140935442296,lateral_tilt
-2.2860351559953016,4.236980980559958,2.1717511909872504,4.412925223633318,0.7937162027215138,7.841503568905417,lateral_tilt
0.14244513403552572,9.35899383794554,-0.9423536503452417,2.9091188574020985,0.8135183074798091,8.375321203044699,lateral_tilt
-0.5007332040184416,7.1823347044005645,0.7551800793755032,3.9408506346732137,0.9114496482712262,6.285783629769341,lateral_tilt
5.563325772687987,7.850697072308669,-2.6041875761590774,6.588428542721598,5.230782547762189,4.283222971538182,lateral_tilt
-0.42817354169370203,7.97770510657282,-0.45727412509504783,5.482460270483072,-1.6142374271947806,11.626952856089334,lateral_tilt
-1.414935464201153,5.824198628370406,1.0567262918714682,8.217068738632097,1.6196157047545618,6.00418246779593,lateral_tilt
-4.730974128957668,5.880562634652252,2.449624030261413,8.219755207230996,-1.7923522102559097,6.132096293953875,lateral_tilt
3.7944303763787506,10.483156239887577,3.8254152384132967,4.611347996517795,-0.6123211508057447,12.582789792830441,lateral_tilt
-0.23239251132803784,9.290219555272333,3.3652186024000104,4.8236420964582924,3.109475064703938,6.621506270146477,lateral_tilt
-3.88397028236138,8.833748547653428,1.3610500959556258,-0.9332654282313939,1.8740383275709638,3.8359088872754725,lateral_tilt
-0.3702274571216564,8.074440520072052,1.5291473329726153,8.088113841509891,1.7233472641074612,4.434394061742751,lateral_tilt
3.0255875142349904,8.04489892228586,1.9868552620997277,11.076859562078155,1.9438868320947762,8.232989221224697,lateral_tilt
-0.9208396581338971,7.029728502689226,1.4207636893399607,9.223180617327747,2.8812084426855464,7.955084264290027,lateral_tilt
-4.356195844163368,9.84294953635434,1.549179943344816,8.860537100629536,-0.015072886031788357,7.487905117854545,lateral_tilt
5.663130584861739,10.512356434093368,0.3532327885912607,6.256635077768168,2.562044557634688,8.946935769944455,lateral_tilt
0.013317532094578644,9.103522790925117,-0.25642104755304573,7.31312918963586,-2.281221725840781,9.948157896448073,lateral_tilt
3.477850010889709,9.582126006299935,0.08801110838141712,9.276882931036605,-1.9454492183356922,8.88796243450986,lateral_tilt
4.211193812143219,6.657746619420503,0.2702761720043937,6.360258833466011,-0.16654742043911375,6.803523010077951,lateral_tilt
2.016694071347789,6.55826486756964,0.4767563574112307,8.854047533878727,0.6659306756830718,7.191295155609279,lateral_tilt
1.0638901642867946,11.76991048137336,-1.0685731331230117,7.886596770329518,-2.329782775977716,2.9402053935750825,lateral_tilt
3.407855751774142,12.495277239379398,3.106202925582773,7.0417991053072075,1.310940305752324,3.4579411801270252,lateral_tilt
2.4129225026208028,9.933897092193563,1.4122432542818233,2.330836834522845,-0.5082421219453872,9.476417068606974,lateral_tilt
-0.6953042590136316,9.582432320109088,-1.6623653127925808,6.909810158983574,0.7154380692313076,5.143352085569054,lateral_tilt
0.2347767720202787,11.187553036277274,-2.032605868443655,6.48934265589031,0.4383002459253247,9.148535636898632,lateral_tilt
5.138503344315479,13.927982152656238,-0.6700462975924175,10.110858529949862,0.5335668673615883,2.818988685469119,lateral_tilt
2.4678707901522663,6.637553081287361,0.8013999808492386,4.4009790698983196,3.066132777146906,5.309823211765976,lateral_tilt
0.07017863450391792,6.943465250101703,2.8383104170225355,2.027469023746397,-1.9530029328722,9.517794558530934,lateral_tilt
4.677575248577851,9.633054755707244,-0.017683577159466113,10.186205018445639,0.25512658796694254,8.021526868909794,lateral_tilt
-0.24385485618778646,8.683048625781163,-3.2470564299661016,4.861681191998014,-1.787815656658719,7.4874192649768965,lateral_tilt
0.11768995940941496,12.405886273433074,-1.8453660782360288,8.722469372959107,-1.9425790786326775,11.326294879569895,lateral_tilt
2.8498772518877575,8.41732999659558,-0.2749785215370979,7.052104425725882,4.308352306224845,6.892939052311203,lateral_tilt
-5.867260548210036,9.324557652171276,4.811837530737133,6.345559844323598,2.2275098648943836,7.4085695509653275,lateral_tilt
0.00680266038438071,8.965171081176367,2.3414483807681776,7.903933676427761,-2.267745860997831,6.503327165442743,lateral_tilt
2.427169481177562,9.091792802565983,-1.6783359805856255,8.19637413655263,-1.4145669272399104,2.3128358612457225,lateral_tilt
2.8050515877769167,5.151205191087407,-0.5580037509408426,4.37095689953323,0.5179847817314689,9.415313313825777,lateral_tilt
1.5821584349505329,9.723029561660752,-0.1569460042738955,7.601236240408344,0.708779118422413,6.812432499007998,lateral_tilt
4.232397777241671,8.636529457275175,3.2261565922666646,8.143302737798848,2.0334300728259893,7.7856685545029585,lateral_tilt
4.152000179514869,5.785092073145734,3.048903441845769,4.746876138989809,-1.5456347535443213,9.440346725167302,lateral_tilt
-2.440772491928114,11.406620146715483,1.7868934727699832,6.9508467266597185,1.9063577277324033,3.641976523540248,lateral_tilt
-0.8983874016203073,8.042746081440182,-2.154988804744562,3.5863961844473575,-0.3448599158328509,10.676654976630722,lateral_tilt
-1.8132034298811024,10.745756374222587,4.165258559656201,4.765583481258124,3.962907578598351,7.856127197942254,lateral_tilt
-1.6934278338765445,7.476699463533286,3.077267587584373,3.4406378833593276,0.8150380461593278,0.8062347034274593,lateral_tilt
-1.0963521425893896,8.076677857212381,3.5819954890322663,8.138885895721131,-0.007083571187010085,11.514172195290662,lateral_tilt
4.812511637364096,14.39903564775026,-1.6308375095404697,12.172479029148633,-3.856426428593516,7.471133991073207,lateral_tilt
-1.6762206139545541,8.217547192233473,3.2080663347348484,8.736147107762822,0.7300407849684745,7.835936867183246,lateral_tilt
-1.4645372775373628,9.775630556012546,-0.011854837704934562,7.155041435896189,2.652882321653366,9.33355738618966,lateral_tilt
0.5957075304568386,7.375874515392965,1.2466744380476802,8.40975727143911,-7.438947750444001,6.024013832207144,lateral_tilt
0.33443152070721993,9.871158183851426,-1.8036323794370464,8.563536494557713,3.508414731822864,2.684465095105276,lateral_tilt
1.0988748918359152,6.959931140705109,0.09972248062498457,5.634739320549961,0.2985707335036184,9.12411195676663,lateral_tilt
-3.2821283833695736,8.394170260849467,5.243236920076134,8.767085365932315,2.2096028125661538,3.3704131370789128,lateral_tilt
-0.16175226287753497,8.383758547183605,0.49731141902361536,7.625136677962866,4.413900926080444,5.526052510159681,lateral_tilt
2.7171051724187274,8.296360030555302,4.993098982436142,8.188727118163674,3.4888167291852854,8.44379238651803,lateral_tilt
2.766469179243189,8.182103507812789,3.5798834021510224,8.104697653694423,3.7611942595936663,6.042262697100515,lateral_tilt
-0.8076809907889437,4.3460475270550205,0.12626561074003395,8.6508313985418,0.8093046206510434,0.08168644349400545,lateral_tilt
8.287042348715804,8.523565901409434,4.554697834490797,7.257429683968208,0.34747818956921606,5.527099030027645,lateral_tilt
1.981547868967341,8.953652658701596,0.44000005574584733,3.216180504115014,0.764318206922585,7.09892431033412,lateral_tilt
1.908619366543693,11.34464443992343,1.1221240533897858,5.615868612796123,0.4604231114096139,7.568314767057975,lateral_tilt
4.743243834813864,8.259038409212756,0.6015596499492193,9.593424483908997,1.5361581686688783,6.355688596034262,lateral_tilt
4.708386443220514,10.198432926435302,0.5410302633823383,5.73833041561086,-1.1486493086200422,8.551252247747907,lateral_tilt
-5.323510962309335,5.841853283671805,0.813013154737366,5.116897495400502,-0.1490132468937011,5.565742139268371,lateral_tilt
1.380035512873547,11.91553696301447,-2.6183161532123895,7.202321242369566,1.7906844506492843,9.022471523072522,lateral_tilt
4.236406136534489,7.251995004310174,3.891223780460442,4.7037900370972086,5.675346732053264,8.958664120811836,lateral_tilt
3.2706655491434997,8.528424771996235,2.7391882490392234,7.565391399115462,5.72320613562563,4.549029371291313,lateral_tilt
6.838302809939894,7.633125272479393,-0.041362303022777436,4.887760353389155,0.2294601795979252,5.176407377880876,lateral_tilt
0.19073929277618662,13.372407778619047,-2.6144898201273623,8.339137859103422,-0.9632948006580957,9.314760441819296,lateral_tilt
4.443021968542287,5.425292211783649,5.3853364109059765,4.490690847763287,-3.42855637860961,5.825675508776006,lateral_tilt
0.7485765235368776,8.58823847686304,-0.317443882015102,4.692913012054376,1.5482722828301352,1.561128057531075,lateral_tilt
-0.9821717634467455,5.675831351723658,-0.5730966332814382,5.27298383375895,0.38230140798070134,4.172531528786035,lateral_tilt
1.1854516211291675,5.228289672527152,-1.8827283209065382,6.11624826107554,-1.1222616409261614,4.833880575119004,lateral_tilt
3.7669606666885733,6.506286256640529,1.8146256667322476,7.4513007632907575,0.8253703295408925,8.726752223371593,lateral_tilt
1.8567210305040758,10.784018043920085,4.809254638667326,6.833913538839946,2.14909329518704,8.689161133142441,lateral_tilt
-0.49195308167293805,9.355248703893453,-0.3459959080319843,7.7690295573581185,1.8734088837059493,9.750982230696824,lateral_tilt
-2.06242792953853,6.689090920491348,-1.6361313690257402,14.944420603223405,1.573931602685633,8.28929904792534,lateral_tilt
1.3041728776746069,8.575351653287944,-0.48867318270964777,6.779954831553145,-0.20040570798261115,5.858252138266217,lateral_tilt
0.8171193837002455,9.130084949837192,4.160711438086491,3.146850681908156,4.461262406627585,8.34625789159761,lateral_tilt
5.385706104027564,12.056057388214555,4.224452754905947,6.633460681197555,2.8360646320241676,8.570257424584263,lateral_tilt
-0.20193891581295054,7.026441471282773,1.5306636403892804,4.346391426339284,4.323835609926311,7.243722347559242,lateral_tilt
0.9333444906900011,12.796099039006785,2.422869302676051,3.2758097550973604,-0.13314881486760588,10.134336965549336,lateral_tilt
-0.41212307077025767,7.863480034965291,-3.689956836460058,3.725976580242423,1.5946878908721684,2.79655777071184,lateral_tilt
1.479098031821358,8.641766622098164,3.239592229059544,7.6971189330443375,2.462383732716111,6.931964669055358,lateral_tilt
-2.074310607575928,8.098366784084813,-2.7522349630586085,8.627456696266913,0.4920786775383028,8.893260559436868,lateral_tilt
3.0128325393973734,9.53017784266506,0.09929321730704821,7.8129232831554205,-2.451630425275349,1.0286713438057848,lateral_tilt
-0.5858454664566568,6.491598918085765,-0.9276359434847399,6.404663577938399,1.2958755028085907,6.473662649117519,lateral_tilt
1.1021263211556802,5.799332350548268,-0.9909857342518653,7.45016860143458,-0.5974626351666941,8.42775657147842,lateral_tilt
-0.42654487531334717,12.325464059491402,4.601600240042611,4.894682065420992,0.2134963813948778,1.9335555585014115,lateral_tilt
2.5054945622808784,6.8944188038900265,1.421362762797468,6.413569436285452,1.0859844882689578,5.721851355326182,lateral_tilt
0.7441260841706234,10.024878468329943,2.9040806394126877,5.920328733435525,1.4605430738252336,6.144956635488063,lateral_tilt
-1.383706327221609,7.0244450842359125,-0.12509153142049234,6.295314557022902,-7.302786388972848,8.40918413567539,lateral_tilt
0.8283053061876076,8.357907869482625,1.6691838556124992,2.3012430177164918,-4.449471653475614,3.979241210851668,lateral_tilt
1.0320861303403477,8.545577492842792,3.990659969683886,6.451174026332245,1.9280169086751469,5.215927766988832,lateral_tilt
0.14004146656829097,9.982635125707553,1.868440113676993,5.528732332202868,-2.463401296111236,9.063892687173913,lateral_tilt
3.9027336430802086,6.361180780148441,-3.3827100312643514,1.9681800873171422,-0.4539519080680452,4.418666809476473,lateral_tilt
7.60313961316335,10.572746100045839,2.3237747405311007,4.645392097478812,5.793219921514385,6.045572008314893,lateral_tilt
2.9710904506007685,4.7250170735519825,1.8937655086825909,14.719402968471847,-0.44335503927083453,6.647125819142985,lateral_tilt
0.6856527670434501,8.80682226926371,1.0833361597632547,9.717368215291048,0.39317852672242737,6.688628800783941,lateral_tilt
-1.4067760983194035,12.059747343117127,0.39589051380347273,9.427797661843927,-0.161004453524777,7.268812501076997,lateral_tilt
-1.6968396370481411,9.340807423303202,-2.2647306585998646,5.563442951684863,1.0378081539613841,5.799576039481915,lateral_tilt
0.01800191705338272,5.746683428075725,0.7415150993901345,4.932372886381624,-4.956905880182663,10.0187579873798,lateral_tilt
-0.5345341048223227,11.744791264151905,1.2511703545780162,9.656443517410375,1.56635687732749,6.856242578012709,lateral_tilt
0.31128814702639285,7.414916614191,-0.8595827570642258,7.88406852339558,0.3973419438355478,8.050774543713011,lateral_tilt
2.9795029778625395,8.811658483518892,3.9482092785904213,9.248659428489134,5.657172803500442,6.120849540414462,lateral_tilt
4.46251745895754,8.735174602978809,3.453772892939611,4.829104590022778,3.521039924857478,3.5136789053363087,lateral_tilt
1.3999069811972518,10.462816463650137,4.632531355622957,8.609878501297327,0.2253877465898172,6.290784447682068,lateral_tilt
4.790862093798799,6.21091925910385,-6.471651861201259,4.4507124428315255,-2.0568756968454376,7.840657377964739,lateral_tilt
2.2250945076347546,6.1247385771358775,1.7849764304375197,3.454559832981703,2.490203735331217,7.990799205019657,lateral_tilt
-0.07558018411609768,11.987754766255744,-3.1261876134199262,10.392902224246647,3.4283607113537036,7.4675193036868,lateral_tilt
3.0648302399322565,11.27669421013523,4.224670558404777,7.188490585358021,-0.6035394750585854,9.284279130856477,lateral_tilt
1.9652325521898382,4.790052351331456,4.0406417743700045,10.129816580786805,1.5588094063538422,4.63117314756972,lateral_tilt
4.632645525609785,11.336921537166912,0.5743927963991949,7.575357435788428,3.940027462994266,8.271338294067826,lateral_tilt
2.556571542981415,5.709839559820263,-4.234561890702695,6.927967859364157,1.2958255472455056,4.142643634041962,lateral_tilt
-1.4623798530651873,8.489643537639614,4.812336254384754,6.961921625622559,3.6736184703104744,6.380209935642478,lateral_tilt
2.9246909399488064,7.867282897464722,-0.8901359163720117,5.450382510421928,3.4843506571698932,7.054282546212106,lateral_tilt
0.02213292518597365,9.67130900704709,1.6217058737412073,9.54001634727869,-0.3434064732834998,5.201695782979566,lateral_tilt
1.1735613567620717,9.660801402066662,1.9533267825885543,7.88849715162935,-0.08964338745351697,9.70815444073576,lateral_tilt
-0.0149751152122799,6.080619151132249,-1.5569381005761864,7.911245510118743,0.2310565260906403,4.095621749558972,lateral_tilt
7.332541045631721,10.668486232494939,4.0398196539343765,2.407995339223021,1.0314394240007856,13.308433328498895,lateral_tilt
0.024463469498776202,9.715718261852237,0.4987564652516013,3.734139607307228,-3.6398332179710913,7.254139403915073,lateral_tilt
0.13931391768865464,9.064470085213802,-1.8943598373258588,3.2962725678279385,-1.010903754406543,5.127970822441057,lateral_tilt
3.158183453161195,6.206845894556782,7.306199687185782,5.582214574819222,2.193972048882512,7.078972515381445,lateral_tilt
0.6264376234107315,10.769630962274675,3.057645416842332,5.713890524255927,1.5436837075355614,10.31375054930314,lateral_tilt
1.0837860392961352,3.937555632597208,-1.627974672844979,4.653153186737681,6.443300952605553,5.432430370424013,lateral_tilt
7.770765682641408,7.673353344059171,5.3171472103662785,12.565445009604439,4.734820359105494,7.920880009602428,lateral_tilt
3.943158425757806,7.870553315184052,1.2492384527655174,5.975900016452094,0.8763335716918712,8.521229121695196,lateral_tilt
2.41799949693847,1.0831173281481732,0.7213215744907903,7.774718119802988,4.773809981747136,8.794346766647449,lateral_tilt
4.367407170637923,10.964870958286802,0.6378213973665973,10.22791601070045,1.519800168459894,6.24866003705308,lateral_tilt
2.1674394578189005,6.774968500463537,4.996434910871892,10.164589946507407,-4.310067689697128,9.731344584020757,lateral_tilt
2.8061130273167354,7.021960951894066,-0.32149218277280034,10.370020552046732,-1.2045462474635484,5.4288932771116345,lateral_tilt
1.7535574105991447,7.153184299133897,-1.0842691121543644,6.256015274613964,3.1069350752475673,2.7915446673929356,lateral_tilt
-2.5334205905123497,13.762716598336254,0.8191829833037658,1.3461922197193763,-2.312892887994405,4.99956175333974,lateral_tilt
1.541752168168876,6.10518040126183,-0.11283234448946122,4.023364806251903,-1.7603636416597976,6.283195762949843,lateral_tilt
6.379822723793559,9.767440864570354,0.9948432413955243,9.28465599495555,3.95725122346881,8.924351603667446e-05,lateral_tilt
0.7388549471294263,12.90618291217403,4.067838557876784,10.209725384419404,-0.42933955687333425,5.8271732096813444,lateral_tilt
0.2420912023841082,5.418527339577712,-1.7340146058861718,7.572027951082514,-0.5739855796594941,3.3598837666339163,lateral_tilt
3.0093325404755547,12.37454651582085,2.370196742250622,7.784023236038054,-3.153011012959807,8.874245053612173,lateral_tilt
-0.3966630038569299,8.253479002488307,2.355947796182796,11.504806148120903,3.815983624305164,7.110161587282344,lateral_tilt
4.351964501131186,4.32166933091307,1.5325220181466377,7.427634345538408,2.4638038321421694,5.162562246856835,lateral_tilt
-0.6159957644442193,5.991745422561259,5.1602579611649455,5.602170929727813,0.46557437984412775,3.7488744276952155,lateral_tilt
5.0847111704906744,11.890266785525814,-0.9392018604162875,5.249618296963177,2.323249834859173,8.330056080681965,lateral_tilt
-1.075215137261075,8.018483903097986,6.91442392278421,4.56791567277759,3.3409503365415554,6.715008617900934,lateral_tilt
0.650040694121202,8.837003558225508,5.682361384998766,6.454154833415725,-2.063836805537256,6.706474249137826,lateral_tilt
1.2284583626541439,10.022461116231089,0.5098229746987915,7.547279028431966,3.182665165830249,-0.5849734053631721,lateral_tilt
2.2494871854079097,12.186243418926287,-3.3390984004252067,4.184402218528623,2.6158004078395636,6.345548194143233,lateral_tilt
0.0016107373675076087,12.820823451415833,3.888579439392002,7.534385507368469,1.2375697131801826,7.6061254515895484,lateral_tilt
1.670516956507091,8.713359888801275,2.844980248143342,6.324883890680088,-3.3442154956133585,8.813547067894415,lateral_tilt
1.030745985314908,5.792898677829141,-1.7968360854066752,1.6868444685312864,1.018376687299248,8.817806203713733,lateral_tilt
2.9476539317366766,6.837420274240187,1.9677273599839364,2.9222146430718623,4.257321054864528,6.824925557979888,lateral_tilt
0.6312492507352239,6.970987134488539,-1.3057392919251718,1.9099867916079223,0.8003771162805101,5.897058273015599,lateral_tilt
-1.3409379167596431,11.27907868535263,1.3791201790273069,10.509665168169665,-0.6400868956016375,8.698453432529766,lateral_tilt
-2.3775654549583,8.546976278269852,4.562989997197599,9.80731540083883,4.939301125934413,5.620812154883305,lateral_tilt
-3.1656148371239734,4.772300190971317,-1.1007110965539841,6.498803204828736,5.32325216511189,7.085359733350531,lateral_tilt
0.21756439008047046,7.094594145163182,-0.3088039995927876,2.944853757080172,1.1806228355905068,7.53757985735864,lateral_tilt
4.183416456112431,5.37193021155581,2.9739312966335527,5.789530294613053,-1.0243386684745288,10.91947877448916,lateral_tilt
3.113995197398864,9.551916406296465,2.559911691985584,6.801521369033947,3.2246423794637367,8.65576724161992,lateral_tilt
0.13458473945495086,11.594345264373063,-2.736157528415802,3.7044201516099218,2.807492336560808,9.05480370603975,lateral_tilt
5.701914283470475,8.80754668381689,0.7943844956071976,5.123665079498247,-1.0450054618543656,5.458174725108996,lateral_tilt
2.5829601681788565,8.548227200934857,-3.209323687574737,6.444228652718922,-2.609822306230568,7.85888644259984,lateral_tilt
6.188063471208471,6.06116766096342,1.061285090189553,8.419844158791342,2.4954303758369862,5.684022837223306,lateral_tilt
1.6785520814527317,5.225058614062501,0.5278784373270977,0.7919034134624017,3.5824355872850773,6.466418257280189,lateral_tilt
2.6713281422628103,9.59343168544917,1.1806734395187501,5.09037917035035,4.080510593534778,1.1864496146508001,lateral_tilt
0.9067194145119544,8.570800659194411,3.369897505644495,7.553400635766772,0.019880543332213563,4.46176906437546,lateral_tilt
3.0580897415970436,5.677338945419246,4.892804475004264,6.333497432445066,0.5679666202664844,1.4390397284778285,lateral_tilt
2.34225815994154,8.015013018583437,1.930685944121447,7.521213345366175,5.189090734613906,4.846779744035247,lateral_tilt
0.6089321986873033,7.736727116203588,-3.0129635916554953,7.24799941522224,0.5130259467919109,5.441007799168401,lateral_tilt
1.7083633774377298,8.700905814907575,-0.03345013901916405,6.601307355792525,0.17125152925121434,8.902935097629097,lateral_tilt
1.198392414675413,6.713339707897519,-0.07471337280750734,5.600222266083321,0.5479813872819346,12.077896782683078,lateral_tilt
-0.7816969017396675,7.882070969389002,0.10335916530172662,5.671901727804013,0.03127834182577405,7.698100253052499,lateral_tilt
-2.775437753479486,5.392821034842163,3.3929286813300115,0.8273068176189966,2.581456999105493,4.557319634646497,lateral_tilt
0.8933338464321937,3.9810258770463562,7.250729746726937,4.77586123774764,2.3581424124356833,6.866968909317542,lateral_tilt
2.134208885745242,6.705902155973648,-2.4868721507760574,3.7406035934942086,0.6625244300573465,7.6489891167473845,lateral_tilt
3.434692933607055,7.256576167149343,2.9026031924040483,8.286374403658765,2.43596587783469,7.77263609526072,lateral_tilt
1.8348547073800328,8.684717340311385,-0.7292328042544953,12.599686167463753,-0.24219031835382054,7.753106200228475,lateral_tilt
-0.027971255625715008,13.943233618872664,-1.280973612423607,5.501858385135095,-0.22941653164050724,9.267176336525711,lateral_tilt
0.560179386321609,7.07024287547519,1.4529613531990717,4.897220864618076,2.9793631850218056,11.147174236138325,lateral_tilt
3.9614822372394918,9.648938720777664,2.7766807967268203,11.544439532937663,2.968190732807285,7.109770754692892,lateral_tilt
2.9431559180022986,5.497952500412399,-2.827282321485032,9.685158958790373,-1.062401716478102,0.6186496199481253,lateral_tilt
0.4942249431181933,7.272627625670334,-6.684266506651558,9.96217773448511,-1.0782197387047252,7.991569848053643,lateral_tilt
-0.5828538083224157,8.593917146768131,3.464909299329565,3.4933212305700203,1.044580636324394,4.5249657152421525,lateral_tilt
-0.5627432498638107,12.360231658810115,0.916153182885474,7.462637919844585,1.194714317451687,0.23108576581972962,lateral_tilt
2.1566049696792264,6.469576320684176,-2.8250408904188316,4.841654191219245,-1.4149273115288405,3.5621265198992424,lateral_tilt
2.008705008630719,14.092427692654073,-2.727005712727398,3.1766023526648404,1.8916690181246172,6.288724239151945,lateral_tilt
-4.808643406281175,10.301598078393168,0.04766176757466711,6.693409325710242,2.60679288157871,9.223158561897439,lateral_tilt
7.86513633985698,4.872240033833155,5.080761718593998,5.484621458565491,-0.30630232352409204,4.6325430859566294,lateral_tilt
2.6283688696615815,10.595035136340776,-2.1529838485737445,6.248260317957057,0.8179439185241448,4.6342154431305085,lateral_tilt
4.43703514396423,8.395849941546663,-3.897452361884568,6.539771645999077,0.1805123603063422,7.451240140195203,lateral_tilt
